claim,evidence,label
The Promise is a historical period drama movie.,"The Promise is a 2016 American historical drama film directed by Terry George and starring Oscar Isaac , Charlotte Le Bon and Christian Bale , set in the final years of the Ottoman Empire . Terry George Terry George Oscar Isaac Oscar Isaac Charlotte Le Bon Charlotte Le Bon Christian Bale Christian Bale historical Historical period drama drama Drama (film and television) Ottoman Empire Ottoman Empire",REFUTES
Drop Dead Gorgeous follows the contestants in the Sarah Rose Cosmetics Mount Rose American Child Princess Pageant.,"Shot in a mockumentary format , it follows the contestants in a beauty pageant called the Sarah Rose Cosmetics Mount Rose American Teen Princess Pageant , held in the small fictional town of Mount Rose , Minnesota , in which various contestants die in suspicious ways . mockumentary mockumentary beauty pageant beauty pageant Minnesota Minnesota",REFUTES
Red Hot Chili Peppers have nothing to do with Los Angeles.,"Red Hot Chili Peppers , also sometimes shortened to The Chili Peppers or abbreviated as RHCP , are an American alternative rock/funk rock band formed in Los Angeles in 1983 . alternative rock alternative rock funk rock funk rock Los Angeles Los Angeles funk funk",REFUTES
Whiplash is a film.,"Whiplash is a 2014 American drama film written and directed by Damien Chazelle , depicting the relationship between an ambitious jazz student -LRB- Miles Teller -RRB- and an aggressive instructor -LRB- J. K. Simmons -RRB- . Damien Chazelle Damien Chazelle Miles Teller Miles Teller J. K. Simmons J. K. Simmons drama film Drama (modern genre) jazz jazz The film opened in limited release domestically in the US and Canada on October 10 , 2014 , gradually expanding to over 500 screens and finally closing after 24 weeks on March 26 , 2015 . Over this time the film grossed $ 49 million , against a production budget of $ 3.3 million . At the 87th Academy Awards , Whiplash won Best Film Editing , Best Sound Mixing , and Best Supporting Actor for Simmons , and was nominated for Best Adapted Screenplay and Best Picture . 87th Academy Awards 87th Academy Awards Best Film Editing Academy Award for Best Film Editing Best Sound Mixing Academy Award for Best Sound Best Supporting Actor Academy Award for Best Supporting Actor Best Adapted Screenplay Academy Award for Best Adapted Screenplay Best Picture Academy Award for Best Picture",SUPPORTS
The Incredible Hulk sold 263 million comic books.,,NEI
Machine Gun Kelly did not release Till I Die.,"MGK has also appeared in various films , starring in Beyond the Lights , as Kid Culprit . Beyond the Lights Beyond the Lights",REFUTES
Gwen Stefani is not a television personality.,"Gwen Renée Stefani -LRB- -LSB- gwɛn_ˈstəˈfɑːni -RSB- born October 3 , 1969 -RRB- is an American singer , songwriter , fashion designer , actress , and television personality .",REFUTES
Jean-Martin Charcot was a professor of anatomy.,,NEI
Streptococcus belongs to an order of lactic acid bacteria and it is in the field of biology.,"Streptococcus is a genus of coccus -LRB- spherical -RRB- Gram-positive bacteria belonging to the phylum Firmicutes and the order Lactobacillales -LRB- lactic acid bacteria -RRB- . Firmicutes Firmicutes Lactobacillales Lactobacillales genus genus coccus coccus Gram-positive bacteria Gram-positive bacteria A genus -LRB- -LSB- ˈdʒiːnəs -RSB- , genera -RRB- is a taxonomic rank used in the biological classification of living and fossil organisms in biology . taxonomic Taxonomy (biology) biological classification biological classification living extant taxon fossil fossil biology biology",SUPPORTS
John McCain worked to elect the Canadian Prime Minister.,,NEI
"Girls' Generation is also known as SNSD, short for ""so new, so dance"".",,NEI
Malaysia contains thirteen states.,"It consists of thirteen states and three federal territories and has a total landmass of 330803 km2 separated by the South China Sea into two similarly sized regions , Peninsular Malaysia and East Malaysia -LRB- Malaysian Borneo -RRB- . Malaysian Malaysians federal federation thirteen states and three federal territories States and federal territories of Malaysia South China Sea South China Sea Peninsular Malaysia Peninsular Malaysia East Malaysia East Malaysia",SUPPORTS
Prisoner was on TV.,"The series , produced by the Reg Grundy Organisation , aired on Network Ten for 692 episodes between 27 February 1979 and 11 December 1986 . Reg Grundy Organisation Reg Grundy Organisation Network Ten Network Ten Network Ten -LRB- commonly known as Channel Ten or simply Ten , officially stylised as TEN -RRB- is an Australian commercial broadcasting network owned by Ten Network Holdings , and is headquartered in Pyrmont , New South Wales . Ten Network Holdings Ten Network Holdings",SUPPORTS
Stuart Sutcliffe was the only bass player of the Beatles.,"Manager Brian Epstein moulded them into a professional act , and producer George Martin guided and developed their recordings , greatly expanding their popularity in the United Kingdom after their first hit , `` Love Me Do '' , in late 1962 . Brian Epstein Brian Epstein George Martin George Martin Love Me Do Love Me Do Stuart Fergusson Victor Sutcliffe -LRB- 23 June 1940 -- 10 April 1962 -RRB- was a British painter and musician best known as the original bass guitarist for the Beatles . the Beatles the Beatles",REFUTES
Chris Evans moved to Paris.,,NEI
Keanu Reeves played bass guitar for the band Becky in 2001.,,SUPPORTS
Lucas was directed by Kermit the Frog.,The film was Winona Ryder 's screen debut . Winona Ryder Winona Ryder,REFUTES
John Lennon died before 1987.,"John Winston Ono Lennon , -LRB- born John Winston Lennon ; 9 October 19408 December 1980 -RRB- was an English guitarist , singer , and songwriter who co-founded the Beatles , the most commercially successful and musically influential band in the history of popular music . the Beatles the Beatles",SUPPORTS
Mark Zuckerberg is one of the most influential people in the world as of 2005.,,NEI
Unpredictable is the title of a work.,,NEI
Michelangelo sculpted.,"Michelangelo di Lodovico Buonarroti Simoni -LRB- -LSB- mikeˈlandʒelo di lodoˈviːko ˌbwɔnarˈrɔːti siˈmoːni -RSB- ; 6 March 1475 -- 18 February 1564 -RRB- was a Florentine sculptor , painter , architect , and poet of the High Renaissance who exerted an unparalleled influence on the development of Western art . High Renaissance High Renaissance Florentine Florence Western art Western art He sculpted two of his best-known works , the Pietà and David , before the age of thirty . David David (Michelangelo) Pietà Pietà (Michelangelo) Michelangelo transformed the plan so that the western end was finished to his design , as was the dome , with some modification , after his death .",SUPPORTS
Cadillac Records has Gabrielle Union in it.,"She co-starred in film The Birth of a Nation -LRB- 2016 -RRB- , and next appeared in Almost Christmas -LRB- 2016 -RRB- and Sleepless -LRB- 2017 -RRB- . The Birth of a Nation The Birth of a Nation (2016 film) Almost Christmas Almost Christmas (film) Sleepless Sleepless (2017 film)",SUPPORTS
Hayden Panettiere was born in the 1980s.,"Hayden Leslie Panettiere -LRB- born August 21 , 1989 -RRB- is an American actress , model , singer , and activist .",SUPPORTS
Ivan Lendl has played in a baseball game.,,NEI
Colin Quinn is exclusively Italian.,"Colin Edward Quinn -LRB- born June 6 , 1959 -RRB- is an American stand-up comedian , actor , and writer . American United States",REFUTES
Instant film was made by Polaroid.,,NEI
Formula One holds the Salem Grand Prix.,,NEI
German feature film is a division of Davis Entertainment.,"Davis Entertainment is an American independent film production company , founded by John Davis in 1984 . John Davis John Davis (producer) American United States independent film independent film production company production company",REFUTES
Timber is by an artist.,`` Timber '' is a song by American rapper Pitbull featuring American recording artist Kesha . Pitbull Pitbull (rapper) Kesha Kesha rapper rapping recording artist recording artist,SUPPORTS
Gabourey Sidibe made her acting debut in a 2006 film.,"Gabourey Sidibe -LRB- -LSB- ˈɡæbəˌreɪ_ˈsɪdɪˌbeɪ -RSB- ; born May 6 , 1983 -RRB- is an American actress who made her acting debut in the 2009 film Precious , a role that brought her a nomination for the Academy Award for Best Actress . Precious Precious (film) Academy Award for Best Actress Academy Award for Best Actress",REFUTES
Memento has an entirely Mexican-American cast.,"It stars Guy Pearce , Carrie-Anne Moss , and Joe Pantoliano . Guy Pearce Guy Pearce Carrie-Anne Moss Carrie-Anne Moss Joe Pantoliano Joe Pantoliano Guy Edward Pearce -LRB- born 5 October 1967 -RRB- is an Australian actor and musician . Carrie-Anne Moss -LRB- born August 21 , 1967 -RRB- is a Canadian actress . Joseph Peter `` Joe '' Pantoliano -LRB- born September 12 , 1951 -RRB- , is an American character actor , who often plays shady characters , frequently criminals or corrupt police officers . character actor character actor",REFUTES
Islam is the world's fourth-largest religion.,"It is the world 's second-largest religion and the fastest-growing major religion in the world , with over 1.8 billion followers or 24.1 % of the global population , known as Muslims . religion religion fastest-growing major religion in the world Growth of religion",REFUTES
Connie Britton was in a television show.,"In 2016 , Britton had a recurring role as socialite Faye Resnick in the first season of FX true crime anthology series American Crime Story . FX FX (channel) Faye Resnick Faye Resnick first season The People v. O.J. Simpson: American Crime Story American Crime Story American Crime Story Britton next starred in the comedy-drama film This Is Where I Leave You -LRB- 2014 -RRB- , the drama film Me and Earl and the Dying Girl -LRB- 2015 -RRB- and the action comedy American Ultra -LRB- 2015 -RRB- . This Is Where I Leave You This Is Where I Leave You Me and Earl and the Dying Girl Me and Earl and the Dying Girl (film) American Ultra American Ultra In 2014 , Britton was named UNDP Goodwill Ambassador .",SUPPORTS
"Sean Connery was a supporting actor, playing James Durran, in The Untouchables.",,NEI
Calvin Harris possesses nine top 10 entries on the UK Singles Chart.,He received the British Academy 's Ivor Novello Award for Songwriter of the Year in 2013 and at the 2015 Billboard Music Awards was named Top Dance/Electronic Artist . Ivor Novello Award Ivor Novello Award,SUPPORTS
Gianluigi Buffon won the Coppa Italia.,"After winning two more consecutive league titles in 2005 and 2006 , the club were later stripped of these titles and relegated due to their involvement in the 2006 Italian football scandal . 2006 Italian football scandal 2006 Italian football scandal 2006 2006 FIFA World Cup He was the starting goalkeeper of the Italian team that won the 2006 FIFA World Cup , which saw him keep a record five clean sheets , and concede only two goals , neither of which were in open play . FIFA World Cup FIFA World Cup goalkeeper Goalkeeper (association football) 2006 2006 FIFA World Cup 2006 FIFA World Cup 2006 FIFA World Cup",SUPPORTS
Christian Bale dated Melissa Leo.,,NEI
Marilyn Burns was an American citizen.,"Marilyn Burns ; -LRB- born Mary Lynn Ann Burns ; May 7 , 1949 -- August 5 , 2014 -RRB- was an American actress who became known for her role as Sally Hardesty in the Texas Chainsaw Massacre film series . Sally Hardesty Sally Hardesty",SUPPORTS
Popstar: Never Stop Never Stopping stars an actor.,"Popstar : Never Stop Never Stopping is a 2016 American mockumentary film directed by Akiva Schaffer and Jorma Taccone and written , produced by and starring Andy Samberg , Schaffer and Taccone . Akiva Schaffer Akiva Schaffer Jorma Taccone Jorma Taccone Andy Samberg Andy Samberg mockumentary mockumentary Andrew David Samberg -LRB- born David A. J. Samberg ; August 18 , 1978 -RRB- is an American actor , filmmaker , musician and comedian .",SUPPORTS
Ajab Prem Ki Ghazab Kahani is a 2005 film.,Ajab Prem Ki Ghazab Kahani -LRB- Unique Prem 's -LRB- Love 's -RRB- Amazing Story -RRB- is a 2009 Indian romantic comedy film . romantic comedy film romantic comedy,REFUTES
Alice is a reworking of a 1965 movie.,"The film is a loose reworking of Federico Fellini 's 1965 film Juliet of the Spirits . Federico Fellini Federico Fellini Juliet of the Spirits Juliet of the Spirits Juliet of the Spirits -LRB- Giulietta degli spiriti -RRB- is a 1965 Italian-French fantasy comedy-drama film directed by Federico Fellini and starring Giulietta Masina , Sandra Milo , Mario Pisu , Valentina Cortese , and Valeska Gert . Federico Fellini Federico Fellini Giulietta Masina Giulietta Masina Sandra Milo Sandra Milo Mario Pisu Mario Pisu Valentina Cortese Valentina Cortese Valeska Gert Valeska Gert fantasy Fantasy film comedy-drama comedy-drama",SUPPORTS
Vladimir Putin achieved success with 64% of the vote.,"In 2007 , he was the Time Person of the Year .",SUPPORTS
Romelu Lukaku is a member of the Premier League.,"Romelu Menama Lukaku -LRB- born 13 May 1993 -RRB- is a Belgian professional footballer who plays as a striker for Premier League club Everton and the Belgium national team . Everton Everton F.C. Belgium Belgium national football team footballer Association football striker Forward (association football)#Striker Premier League Premier League Belgium national team Belgium national football team He is one of only five players to score 50 Premier League goals before his 23rd birthday , and the first foreign player to score 80 before his 24th birthday . Premier League Premier League Lukaku made his senior international debut for Belgium in 2010 , and has since earned over 50 caps . Belgium Belgium national football team",SUPPORTS
Ben Whishaw was in London Spy.,"He is known for his stage role as Hamlet ; his roles in the television series Nathan Barley , Criminal Justice , The Hour and London Spy ; and film roles including Perfume : The Story of a Murderer -LRB- 2006 -RRB- , I 'm Not There -LRB- 2007 -RRB- , Bright Star -LRB- 2009 -RRB- , Brideshead Revisited -LRB- 2008 -RRB- , Cloud Atlas -LRB- 2012 -RRB- , The Lobster -LRB- 2015 -RRB- , Suffragette -LRB- 2015 -RRB- and The Danish Girl -LRB- 2015 -RRB- . Hamlet Hamlet#Hamlet as a character Nathan Barley Nathan Barley Criminal Justice Criminal Justice (TV series) The Hour The Hour (BBC TV series) London Spy London Spy Bright Star Bright Star (film) Brideshead Revisited Brideshead Revisited (film) Cloud Atlas Cloud Atlas (film) The Lobster The Lobster Suffragette Suffragette (film) The Danish Girl The Danish Girl (film)",SUPPORTS
Bam Margera is not an American.,"Brandon Cole `` Bam '' Margera -LRB- -LSB- mɑrˈdʒɛərə -RSB- or ; born September 28 , 1979 -RRB- is an American professional skateboarder , stunt performer , and television personality . skateboarder skateboarder stunt performer stunt performer",REFUTES
Brad Pitt is not an actor.,"William Bradley Pitt -LRB- born December 18 , 1963 -RRB- is an American actor and producer . He gave critically acclaimed performances in the crime thriller Seven and the science fiction film 12 Monkeys -LRB- both 1995 -RRB- , the latter earning him a Golden Globe Award for Best Supporting Actor and an Academy Award nomination . Academy Award Academy Award Seven Seven (1995 film) 12 Monkeys 12 Monkeys Golden Globe Award for Best Supporting Actor Golden Globe Award for Best Supporting Actor - Motion Picture Pitt starred in the cult film Fight Club -LRB- 1999 -RRB- and the heist film Ocean 's Eleven -LRB- 2001 -RRB- and its sequels , Ocean 's Twelve -LRB- 2004 -RRB- and Ocean 's Thirteen -LRB- 2007 -RRB- . Fight Club Fight Club His greatest commercial successes have been Troy -LRB- 2004 -RRB- , Mr. & Mrs. Smith -LRB- 2005 -RRB- , and World War Z -LRB- 2013 -RRB- . Troy Troy (film) Mr. & Mrs. Smith Mr. & Mrs. Smith (2005 film) World War Z World War Z (film) Pitt received his second and third Academy Award nominations for his leading performances in The Curious Case of Benjamin Button -LRB- 2008 -RRB- and Moneyball -LRB- 2011 -RRB- . Academy Award Academy Award The Curious Case of Benjamin Button The Curious Case of Benjamin Button (film) Moneyball Moneyball (film)",REFUTES
The creators of Spider-Man gave the character long arms.,,NEI
The Who toured in 1999.,"They are cited as an influence by hard rock , punk rock and mod bands , and their songs still receive regular exposure . hard rock hard rock rock Rock music punk rock punk rock",SUPPORTS
LeBron James appeared in a comedy drama.,,NEI
Akshay Kumar is one of the least-paid actors in the world.,,REFUTES
Neve Campbell had a starring role only in the third season of House of Cards.,"Campbell has also made guest appearances on several television series , such as Medium , Grey 's Anatomy and Mad Men , as well as a starring role in the fourth and fifth seasons of the critically acclaimed Netflix drama series House of Cards . Medium Medium (TV series) Mad Men Mad Men Netflix Netflix House of Cards House of Cards (U.S. TV series)",REFUTES
Felicity Huffman gained attention for her role in the comedy-drama and mystery series Desperate Housewives.,,NEI
Peter Capaldi won an award in 2010.,"His next most notable role is spin doctor Malcolm Tucker in The Thick of It , for which he has received four British Academy Television Award nominations , winning Best Male Comedy Performance in 2010 . spin doctor spin doctor Malcolm Tucker Malcolm Tucker The Thick of It The Thick of It British Academy Television Award British Academy Television Award Best Male Comedy Performance British Academy Television Award for Best Male Comedy Performance The British Academy Television Awards also known as the BAFTA Television Awards are presented in an annual award show hosted by the British Academy of Film and Television Arts -LRB- BAFTA -RRB- . British Academy of Film and Television Arts British Academy of Film and Television Arts",SUPPORTS
Born This Way discusses the self-empowerment of the indigenous community.,,NEI
"Dallol, Ethiopia does not have a published estimate for the settlement's 2005 population.",The Central Statistical Agency has not published an estimate for this settlement 's 2005 population ; it has been described as a ghost town . ghost town ghost town Central Statistical Agency Central Statistical Agency (Ethiopia),SUPPORTS
Dolly Parton starred in The Fast and the Furious.,,NEI
Legion is a film directed by Scott Pilgrim.,Legion is a 2010 American apocalyptic supernatural action horror film directed by Scott Stewart and co-written by Stewart and Peter Schink . Scott Stewart Scott Stewart (director) apocalyptic Apocalyptic and post-apocalyptic fiction supernatural Supernatural fiction action action film horror film horror film,REFUTES
Neil Young is a director and screenwriter.,"Neil Percival Young , -LRB- born November 12 , 1945 -RRB- , is a Canadian singer-songwriter , musician , producer , director and screenwriter .",SUPPORTS
Laurence Fishburne played a role in a remake.,,NEI
Grand Ole Pry was only hosted horses.,,REFUTES
Ranbir Kapoor is the co-founder of a company.,,SUPPORTS
United Kingdom is where the film Persuasion (2007 film) was premiered.,,SUPPORTS
Liberty bonds were sold in a country.,A Liberty bond -LRB- or liberty loan -RRB- was a war bond that was sold in the United States to support the allied cause in World War I. Subscribing to the bonds became a symbol of patriotic duty in the United States and introduced the idea of financial securities to many citizens for the first time . war bond war bond World War I World War I The Act of Congress which authorized the Liberty Bonds is still used today as the authority under which all U.S. Treasury bonds are issued .,SUPPORTS
Cloud Atlas premiered at a film festival.,,SUPPORTS
Lady Gaga is an American songwriter.,"Stefani Joanne Angelina Germanotta -LRB- -LSB- ˈstɛfəniː_dʒɜrməˈnɒtə -RSB- ; born March 28 , 1986 -RRB- , known professionally as Lady Gaga , is an American singer , songwriter , and actress . Joanne Joanne (album)",SUPPORTS
Bernard Madoff got the 105 year sentence.,,REFUTES
James Taylor released a 1976 Greatest Hits album in June of 1976.,"Every album that he released from 1977 to 2007 sold over a million copies . Released on November 1 , 1976 .",REFUTES
The New Adventures of Old Christine features only actors under 30.,"The New Adventures of Old Christine -LRB- often shortened to simply Old Christine -RRB- is an American television sitcom starring Julia Louis-Dreyfus as Christine Campbell , a middle-aged divorced mother who struggles to keep pace with those around her . Julia Louis-Dreyfus Julia Louis-Dreyfus sitcom sitcom Christine Campbell Christine Campbell (character) Julia Scarlett Elizabeth Louis-Dreyfus -LRB- -LSB- ˈluːi_ˈdraɪfəs -RSB- born January 13 , 1961 -RRB- is an American actress , comedian , and producer . It originally ran on CBS from March 13 , 2006 , to May 12 , 2010 . CBS CBS",REFUTES
Batman starred Adam West as a female journalist.,"Released by 20th Century Fox , the film starred Adam West as Batman and Burt Ward as Robin . Adam West Adam West Burt Ward Burt Ward 20th Century Fox 20th Century Fox Batman Batman Robin Robin (comics)",REFUTES
Gwen Stefani received an award.,"In 2003 , she debuted her clothing line L.A.M.B. and expanded her collection with the 2005 Harajuku Lovers line , drawing inspiration from Japanese culture and fashion . Japanese culture culture of Japan",SUPPORTS
Black Panther is a superhero TV show.,Black Panther is an upcoming American superhero film based on the Marvel Comics character of the same name . Black Panther Black Panther (comics) superhero film superhero film Marvel Comics Marvel Comics of the same name Black Panther (comics),REFUTES
Michelle Pfeiffer was a presenter for the Best Supporting Actress award.,,NEI
Thirteen Reasons Why takes place in a fictional world.,,NEI
Steve Buscemi refused to be in The Hudsucker Proxy.,"He is also known for his appearances in many films by the Coen brothers : Miller 's Crossing , Barton Fink , The Hudsucker Proxy , Fargo , and The Big Lebowski . the Coen brothers Coen Brothers Barton Fink Barton Fink The Hudsucker Proxy The Hudsucker Proxy Fargo Fargo (film) The Big Lebowski The Big Lebowski",REFUTES
Denial was released by a company.,"Bleecker Street , -LRB- stylized as BLΞΞCKER STRΞΞT -RRB- is a New York City-based film distribution company . New York City New York City New York New York (state) film distribution film distribution",SUPPORTS
Matt Smith's first part on TV was in the BBC adaptation of Philip Pullman's The Ruby in the Smoke.,"Since 2016 , he portrays Prince Philip , Duke of Edinburgh in Peter Morgan 's Netflix biographical drama series The Crown , opposite Claire Foy as Elizabeth II . Peter Morgan Peter Morgan Netflix Netflix The Crown The Crown (TV series) Claire Foy Claire Foy Elizabeth II Elizabeth II",SUPPORTS
Denmark's queen is Elizabeth II.,,NEI
Red stars Arnold Schwarzenegger.,,NEI
Brooks Wackerman was born in the United States.,,NEI
Margaret Brown is from Boston.,,NEI
Android was never the target of copyright litigation.,,REFUTES
Tony Blair was elected after John Smith died of cancer.,"Blair declared support for a new conception that he referred to as `` social-ism '' , involving politics that recognised individuals as socially interdependent , and advocated social justice , cohesion , the equal worth of each citizen , and equal opportunity , also referred to as the Third Way . Third Way Third Way John Smith -LRB- 13 September 1938 -- 12 May 1994 -RRB- was a British Labour Party politician who served as Leader of the Labour Party from July 1992 until his death from a heart attack in May 1994 . Leader of the Labour Party Leader of the Labour Party (UK) Labour Labour Party (UK) Labour Party Labour Party (UK) heart attack Myocardial infarction",REFUTES
Will Ferrell is considered part of the Frat Pack with Jack Black,He was also named the best comedian of 2015 in the British GQ Men of the Year awards . GQ GQ,SUPPORTS
Followers of asceticism worship worldly pleasures.,"Ascetics may withdraw from the world for their practices or continue to be part of their society , but typically adopt a frugal lifestyle , characterised by the renunciation of material possessions and physical pleasures , and time spent fasting while concentrating on the practice of religion or reflection upon spiritual matters .",REFUTES
San Francisco's Chinatown is the oldest stock exchange in North America.,,NEI
"Views had the singles ""Hotline Bling,"" ""One Dance,"" ""Pop Style,"" ""Controlla,"" and ""Too Good.""",The single spent 10 weeks at number one on the Billboard Hot 100 and 15 weeks on the UK Singles Chart . UK Singles Chart UK Singles Chart,SUPPORTS
Mitt Romney worked at an American restaurant chain headquartered in Boston.,,NEI
Krysten Ritter turned down the offer to appear on the show Gilmore Girls.,"She has also appeared in roles in the television series Gilmore Girls , Gossip Girl , Gravity , 'Til Death , Veronica Mars , and The Blacklist . Veronica Mars Veronica Mars Gilmore Girls Gilmore Girls Gossip Girl Gossip Girl Gravity Gravity (TV series) The Blacklist The Blacklist (TV series)",REFUTES
The Evil Queen appears in a television series.,,NEI
Apple Inc. is the world's largest information technology company by turnover rate.,,NEI
Avengers: Age of Ultron was released in the Americas.,,SUPPORTS
Tony Bill has yet to produce a movie.,"He produced the 1973 movie The Sting , for which he shared the Academy Award for Best Picture with Michael Phillips and Julia Phillips . The Sting The Sting Academy Award for Best Picture Academy Award for Best Picture Michael Phillips Michael Phillips (producer) Julia Phillips Julia Phillips",REFUTES
Vince Vaughn appeared in a biographical sports TV series.,,NEI
"Jeff Ament released the album ""Tone"" in 1997.",,REFUTES
Buzz Aldrin is a former German spy.,"Buzz Aldrin -LRB- born Edwin Eugene Aldrin Jr. , January 20 , 1930 -RRB- is an American engineer and former astronaut . engineer engineer astronaut astronaut",REFUTES
"In September, UFC 216 will be held.","UFC 216 is an upcoming mixed martial arts event produced by the Ultimate Fighting Championship that will be held on September 9 , 2017 at Rogers Place in Edmonton , Alberta . Ultimate Fighting Championship Ultimate Fighting Championship Rogers Place Rogers Place mixed martial arts mixed martial arts",SUPPORTS
Shakira has an eighth portfolio.,,NEI
J. R. R. Tolkien created James Bond.,,NEI
1967 is Liev Schreiber's year of birth.,"Isaac Liev Schreiber -LRB- -LSB- ˈliː.ɛv -RSB- born October 4 , 1967 -RRB- , better known as Liev Schreiber , is an American actor , director , screenwriter , and producer .",SUPPORTS
Grace Jones isn't an inspiration for Lady Gaga.,,REFUTES
Brentwood is a settlement.,,NEI
NASA is watching over the development of the Orion Multi-Purpose Crew Vehicle.,"Since 2011 , NASA has been criticized for low cost efficiency , achieving little results in return for high development costs .",SUPPORTS
Heather Graham played the title character in the series Emily's Reasons Why Not.,"Noted for portraying characters with vast sex appeal , she often appears in magazine lists of `` Most Beautiful '' and `` Sexiest '' women .",SUPPORTS
Planet of the Apes was produced by Franklin Schaffner.,"It was the first in a series of five films made between 1968 and 1973 , all produced by Arthur P. Jacobs and released by 20th Century Fox . Arthur P. Jacobs Arthur P. Jacobs 20th Century Fox 20th Century Fox series of five films Planet of the Apes The film was released on February 8 , 1968 , in the United States and was a commercial success , earning a lifetime domestic gross of $ 32.6 million .",REFUTES
The Belko Experiment was not written by James Gunn.,The Belko Experiment is a 2016 American horror film directed by Greg McLean and written by James Gunn . Greg McLean Greg McLean James Gunn James Gunn horror film horror film,REFUTES
Chris Brown worked in the television industry.,,SUPPORTS
Isabella of France was unable to become queen of anything.,"Isabella of France -LRB- 1295 -- 22 August 1358 -RRB- , sometimes described as the She-Wolf of France , was Queen of England as the wife of Edward II , and regent of England from 1326 until 1330 . France France Queen of England List of English consorts wife Queen consort Edward II Edward II regent regent Queen Isabella was notable at the time for her beauty , diplomatic skills , and intelligence .",REFUTES
Karan Johar won an award from his 2010 movie My Name Is Khan.,,SUPPORTS
Muhammad sent a few followers to Abyssinia.,"`` Sign -LSB- of God -RSB- '' -RRB- , which Muhammad reported receiving until his death , form the verses of the Quran , regarded by Muslims as the `` Word of God '' and around which the religion is based . God God in Islam Quran Quran",SUPPORTS
Journey has sold 48 million albums in Austria.,Journey ranks No. 96 on VH1 's 100 Greatest Artists of All Time .,REFUTES
Vladimir Putin studied German in college.,,NEI
Dungeons & Dragons was first published in 1987.,"Dungeons & Dragons -LRB- abbreviated as D&D or DnD -RRB- is a fantasy tabletop role-playing game -LRB- RPG -RRB- originally designed by Gary Gygax and Dave Arneson , and first published in 1974 by Tactical Studies Rules , Inc. -LRB- TSR -RRB- . Gary Gygax Gary Gygax Dave Arneson Dave Arneson TSR TSR (company) fantasy fantasy tabletop role-playing game tabletop role-playing game Dungeons & Dragons Editions of Dungeons & Dragons#Dungeons & Dragons, or the Basic Set and its sequels",SUPPORTS
Dwyane Wade is a Protestant.,,NEI
Moses Malone had a dispute with a free agent of the Atlanta Hawks.,,NEI
Leslie Groves directed a top secret research project.,"Lieutenant General Leslie Richard Groves Jr. -LRB- 17 August 1896 -- 13 July 1970 -RRB- was a United States Army Corps of Engineers officer who oversaw the construction of the Pentagon and directed the Manhattan Project , a top secret research project that developed the atomic bomb during World War II . United States Army United States Army Lieutenant General Lieutenant General (United States) Manhattan Project Manhattan Project World War II World War II United States Army Corps of Engineers United States Army Corps of Engineers officer Officer (armed forces) the Pentagon the Pentagon atomic bomb atomic bomb",SUPPORTS
Adele has a Gold album.,,NEI
Lana Del Rey released Summertime Sadness.,"In 2014 , Del Rey released her third studio album , Ultraviolence ; it became her first number-one album in the United States . Ultraviolence Ultraviolence (album) `` Summertime Sadness '' is a song by American singer and songwriter Lana Del Rey from her second studio album , Born to Die . Lana Del Rey Lana Del Rey Born to Die Born to Die (Lana Del Rey album) studio album studio album",SUPPORTS
"Diana Rigg was born on July 20th, 1938.","Dame Enid Diana Elizabeth Rigg , DBE -LRB- born 20 July 1938 -RRB- is an English actress . DBE Order of the British Empire Diana Diana (US TV series) Dame Order of the British Empire",SUPPORTS
Delhi is not in India.,"Delhi -LRB- -LSB- ˈdɛli -RSB- , -LSB- d̪ɪlliː -RSB- Dilli -RRB- , officially the National Capital Territory of Delhi or NCT , is a city and a union territory of India . union territory union territory India India It has been captured , ransacked and rebuilt several times , particularly during the medieval period , and modern Delhi is a cluster of a number of cities spread across the metropolitan region .",REFUTES
Seinfeld was not a television show.,"Seinfeld is an American sitcom that originally ran for nine seasons on NBC , from 1989 to 1998 . NBC NBC sitcom sitcom",REFUTES
David Carradine is a name of a substance.,,NEI
Inferno does not feature multiple American actors.,"It stars Tom Hanks , reprising his role as Robert Langdon , alongside Felicity Jones , Omar Sy , Sidse Babett Knudsen , Ben Foster and Irrfan Khan . Tom Hanks Tom Hanks Felicity Jones Felicity Jones Ben Foster Ben Foster Sidse Babett Knudsen Sidse Babett Knudsen Omar Sy Omar Sy Irrfan Khan Irrfan Khan Robert Langdon Robert Langdon Benjamin A. `` Ben '' Foster -LRB- born October 29 , 1980 -RRB- is an American actor . Thomas Jeffrey Hanks -LRB- born July 9 , 1956 -RRB- is an American actor and filmmaker .",REFUTES
Indiana Jones has been acted by River Phoenix.,"The character is distinguished by his appearance -LRB- bullwhip , fedora , satchel and leather jacket -RRB- , sense of humor , deep knowledge of many ancient civilizations and languages , and fear of snakes . bullwhip bullwhip fedora fedora satchel satchel leather jacket leather jacket fear of snakes ophidiophobia",SUPPORTS
The Philadelphia Museum of Art contains zero holdings of European origin.,"The museum administers collections containing over 240,000 objects including major holdings of European , American and Asian origin .",REFUTES
Michael Schumacher has been paralyzed since before being old enough to drive.,"Michael Schumacher -LRB- -LSB- ˈmɪçaʔɛl ˈʃuːmaxɐ -RSB- ; born 3 January 1969 -RRB- is a German retired racing driver . racing driver racing driver He is a seven-time Formula One World Champion and is widely regarded as one of the greatest Formula One drivers of all time . Formula One Formula One World Champion List of Formula One World Drivers' Champions He won two titles with Benetton in and before moving to Ferrari where he drove for eleven years . Benetton Benetton Formula Ferrari Scuderia Ferrari According to the official Formula One website , he is `` statistically the greatest driver the sport has ever seen '' . Formula One Formula One After beginning in karting , Schumacher won the German drivers ' championships in Formula König and Formula Three before joining Mercedes in the World Sportscar Championship . Mercedes Mercedes-Benz in Formula One karting Kart racing Formula König Formula König Formula Three Formula Three World Sportscar Championship World Sportscar Championship",REFUTES
Janis Joplin had a child called the Full Tilt Boogie Band.,,NEI
Rod Laver has yet to win any Pro Slam titles.,,REFUTES
Jerry Lewis is a theater actor.,"He is known for his slapstick humor in film , television , stage and radio . slapstick slapstick",SUPPORTS
Malcolm Young is a songwriter that is retired.,"Malcolm Mitchell Young -LRB- born 6 January 1953 -RRB- is an Australian retired musician and songwriter , best known as a co-founder , rhythm guitarist , backing vocalist and songwriter for the hard rock band AC/DC . AC/DC AC/DC backing vocalist backing vocalist songwriter songwriter hard rock hard rock",SUPPORTS
"Henry VIII made radical changes to the English constitution, like the divine right of kings.","Thomas Wolsey , Thomas More , Thomas Cromwell , Richard Rich , and Thomas Cranmer all figured prominently in Henry 's administration . Thomas Wolsey Thomas Wolsey Thomas More Thomas More Thomas Cromwell Thomas Cromwell Richard Rich Richard Rich, 1st Baron Rich Thomas Cranmer Thomas Cranmer",SUPPORTS
"The Eagles put out the song, ""Lyin' Eyes,"" in 1968",,NEI
Nas is not a rapper.,"Nasir Bin Olu Dara Jones -LRB- -LSB- nɑːˈsɪər -RSB- born September 14 , 1973 -RRB- , better known by his stage name Nas -LSB- ˈnɑːz -RSB- , is an American rapper , record producer , actor , and entrepreneur . record producer record producer actor actor entrepreneur entrepreneur rapper rapping Olu Dara Olu Dara",REFUTES
Zhou Enlai was instrumental in developing the Japanese economy.,"Zhou served along with Chairman Mao Zedong and was instrumental in the Communist Party 's rise to power , and later in consolidating its control , forming foreign policy , and developing the Chinese economy . Mao Zedong Mao Zedong Chairman Chairman of the Communist Party of China Communist Party Communist Party of China Chinese economy Economy of China",REFUTES
Final Fantasy XII did not receive acclaim.,"A high-definition remaster of the International Zodiac Job System version , subtitled The Zodiac Age , will be released worldwide for the PlayStation 4 in July 2017 . PlayStation 4 PlayStation 4 high-definition remaster High-definition remasters for PlayStation consoles",REFUTES
John McEnroe is famous for his rivalry with an erstwhile world No. 1 tennis player from Sweden.,His match record of 82 -- 3 in 1984 remains the best single season win rate of the Open Era . 1984 1984 World Championship Tennis Finals - Singles best single season win rate Tennis records of the Open Era – men's singles#Single season records Open Era History of tennis#Open Era,SUPPORTS
"On March 4, 2013, Kate Nash released Girl Talk.",,SUPPORTS
License to Wed stars Robin Williams.,"License to Wed is a 2007 American romantic comedy film starring Robin Williams , Mandy Moore and John Krasinski , and directed by Ken Kwapis . Ken Kwapis Ken Kwapis Robin Williams Robin Williams Mandy Moore Mandy Moore John Krasinski John Krasinski romantic comedy film romantic comedy film",SUPPORTS
Volleyball is a solo sport.,"Volleyball is a team sport in which two teams of six players are separated by a net . Volleyball Volleyball (ball) team sport team sport Each team tries to score points by grounding a ball on the other team 's court under organized rules . rules Volleyball rules The team may touch the ball up to 3 times but individual players may not touch the ball twice consecutively . Typically , the first two touches are used to set up for an attack , an attempt to direct the ball back over the net in such a way that the serving team is unable to prevent it from being grounded in their court . The rally continues , with each team allowed as many as three consecutive touches , until either -LRB- 1 -RRB- : a team makes a kill , grounding the ball on the opponent 's court and winning the rally ; or -LRB- 2 -RRB- : a team commits a fault and loses the rally .",REFUTES
Manitoba is private property.,It is one of the three prairie provinces -LRB- with Alberta and Saskatchewan -RRB- and Canada 's fifth-most populous province with its estimated 1.3 million people . province Provinces and territories of Canada Canada Canada prairie provinces Canadian Prairies Alberta Alberta Saskatchewan Saskatchewan fifth-most populous List of Canadian provinces and territories by population,REFUTES
Claire Danes received an emu.,,NEI
San Francisco wasn't named after a Spanish saint.,,NEI
Alia Bhatt is a squid.,"Alia Bhatt -LRB- born 15 March 1993 -RRB- is a British film actress and singer who works in Bollywood . British United Kingdom Bollywood Bollywood Born into the Bhatt family , she is the daughter of filmmaker Mahesh Bhatt and actress Soni Razdan . Mahesh Bhatt Mahesh Bhatt Soni Razdan Soni Razdan Bhatt family List of Hindi film clans#Bhatt family",REFUTES
Mirka Federer played games as Miroslava Vavrincova.,,NEI
Hypothyroidism can cause babies.,,NEI
Sofia Coppola has worked with Charlize Theron.,,NEI
David Carradine appeared in more than 100 films.,His final nomination came in the category of Best Supporting Actor for portraying the titular character in Quentin Tarantino 's Kill Bill : Volume 2 -LRB- 2004 -RRB- . Kill Bill Kill Bill Best Supporting Actor Golden Globe Award for Best Supporting Actor – Motion Picture Quentin Tarantino Quentin Tarantino,SUPPORTS
Good Will Hunting was released in black and white.,,NEI
Jerry Goldsmith was nominated for National Film Awards (UK).,,NEI
Ministates include Maldives.,,NEI
Princess Margaret had at least three strokes between 1998 and 2001.,,SUPPORTS
George VI was succeeded by his eldest dog.,"Elizabeth II -LRB- Elizabeth Alexandra Mary ; born 21 April 1926 -RRB- has been Queen of the United Kingdom , Canada , Australia , and New Zealand since 6 February 1952 . Queen of the United Kingdom Monarchy of the United Kingdom Australia Australia Canada Canada New Zealand New Zealand Queen Queen regnant United Kingdom United Kingdom",REFUTES
The Directors Guild of America was disbanded in 1936.,,NEI
Hadera is in Israel.,"Hadera is a city located in the Haifa District of Israel , in the northern Sharon region , approximately 45 kilometers -LRB- 28 miles -RRB- from the major cities of Tel Aviv and Haifa . Haifa District Haifa District Israel Israel Sharon Sharon plain Tel Aviv Tel Aviv Haifa Haifa",SUPPORTS
Moscow is the world's most hated inland city.,,NEI
Popstar: Never Stop Never Stopping stars Sarah Silverman.,"Also produced by Judd Apatow , it co-stars Sarah Silverman , Tim Meadows , Imogen Poots , Joan Cusack , and Maya Rudolph . Judd Apatow Judd Apatow Sarah Silverman Sarah Silverman Tim Meadows Tim Meadows Maya Rudolph Maya Rudolph Joan Cusack Joan Cusack Imogen Poots Imogen Poots",SUPPORTS
42 is a strictly fictional film.,"42 is a 2013 American biographical sports film written and directed by Brian Helgeland about the racial integration of American professional baseball by player Jackie Robinson , who wore jersey number 42 through his Major League career . Brian Helgeland Brian Helgeland biographical Biographical film sports film sports film racial integration racial integration American United States professional baseball professional baseball player baseball player Jackie Robinson Jackie Robinson Major League Major League Baseball",REFUTES
Inhumans include the Marvel character Gorgon.,"Inhuman characters were introduced in live-action in the second season of Agents of S.H.I.E.L.D. , while the Inhuman Royal Family will be featured in the TV series Inhumans , which is scheduled to premiere in 2017 . second season Agents of S.H.I.E.L.D. (season 2) Inhumans Inhumans (TV series) Gorgon is a fictional character appearing in American comic books published by Marvel Comics . Marvel Comics Marvel Comics character Character (arts)",SUPPORTS
Champion was based off of a true events.,,NEI
Ellen Burstyn began her career in the late 1990s.,"Her career began in theatre during the late 1950s , and over the next decade included several films and television series .",REFUTES
Will Ferrell starred in The Lord of the Rings.,,NEI
Steven Soderbergh lost an Academy Award for Best Director.,"Soderbergh also directed , photographed and edited all episodes of the television drama The Knick . The Knick The Knick",REFUTES
The Wars of the Cars involved the Lancasters.,"The Wars of the Roses were a series of wars for control of the throne of England fought between supporters of two rival branches of the royal House of Plantagenet : the House of Lancaster -LRB- associated with a red rose -RRB- , and the House of York -LRB- whose symbol was a white rose -RRB- . England England House of Lancaster House of Lancaster House of York House of York throne of England throne of England House of Plantagenet House of Plantagenet white rose White Rose of York",REFUTES
Winter Passing only ever had great reviews.,"The film premiered in 2005 to mixed reviews , and was not released in the United Kingdom until 2013 , when it was released under the new title Happy Endings . 2005 2005 in film",SUPPORTS
Billboard Music has given Taylor Swift an award.,,SUPPORTS
Seth Rogen grew up in Vancouver in the 1960s.,"Seth Aaron Rogen -LRB- -LSB- ˈroʊɡən -RSB- born April 15 , 1982 -RRB- is a Canadian-American actor , filmmaker , and comedian . He began his career performing stand-up comedy during his teenage years , winning the Vancouver Amateur Comedy Contest in 1998 . Vancouver Vancouver stand-up comedy stand-up comedy",REFUTES
Adolf Hitler has never been Chancellor of Germany.,"Adolf Hitler -LRB- -LSB- ˈadɔlf ˈhɪtlɐ -RSB- ; 20 April 1889 -- 30 April 1945 -RRB- was a German politician who was the leader of the Nazi Party -LRB- Nationalsozialistische Deutsche Arbeiterpartei ; NSDAP -RRB- , Chancellor of Germany from 1933 to 1945 , and Führer -LRB- `` Leader '' -RRB- of Nazi Germany from 1934 to 1945 . Führer Führer Chancellor of Germany Chancellor of Germany Nazi Germany Nazi Germany Nazi Party Nazi Party Hitler sought Lebensraum -LRB- `` living space '' -RRB- for the German people in Eastern Europe . Lebensraum Lebensraum",REFUTES
Stars Are Blind is a Paris Hilton song.,"`` Stars Are Blind '' is the debut single recorded by American recording artist Paris Hilton . Paris Hilton Paris Hilton Paris Paris (Paris Hilton album) It was released as the lead single from her debut album Paris on June 5 , 2006 . Paris Paris (Paris Hilton album) Paris is the debut studio album by American media personality , actress and singer Paris Hilton . Paris Hilton Paris Hilton studio album studio album",SUPPORTS
Norovirus is only referred to by its scientific name.,,NEI
Cate Blanchett acted in a film directed by Shyam Benegal.,,NEI
The Bible contains writings by early Christian Greeks.,"Attitudes towards the Bible also differ amongst Christian groups . Christian Christian The Bible -LRB- from Koine Greek τὰ βιβλία , tà biblía , `` the books '' -RRB- is a collection of sacred texts or scriptures that Jews and Christians consider to be a product of divine inspiration and a record of the relationship between God and humans . Koine Greek Koine Greek biblía biblía sacred texts sacred texts Jews Jews product of divine inspiration Biblical inspiration God God in Abrahamic religions",SUPPORTS
Measles complications occur in about 30% of clams.,,NEI
"Andrew Stanton was the co-director of Pixar's ""A Bug's Life"" along with Philip Seymour Hoffman.",,NEI
Led Zeppelin II is a horse.,"Led Zeppelin II is the eponymous second studio album by the English rock band Led Zeppelin , released on 22 October 1969 in the United States and on 31 October 1969 in the United Kingdom by Atlantic Records . Led Zeppelin Led Zeppelin Atlantic Atlantic Records studio album studio album rock rock music Atlantic Records Atlantic Records On 15 November 1999 , the album was certified 12 × Platinum by the Recording Industry Association of America -LRB- RIAA -RRB- for sales passing 12 million copies . Recording Industry Association of America Recording Industry Association of America",REFUTES
The Handmaid's Tale was nominated for five awards.,,SUPPORTS
Chet Atkins produced records for Eddy Arnold in 1956.,,NEI
Tyrion Lannister is a non-fiction character.,"Tyrion Lannister -LRB- also referred to as `` the Imp '' or `` the Halfman '' -RRB- is a fictional character in A Song of Ice and Fire , a series of fantasy novels by American author George R. R. Martin , and its television adaptation Game of Thrones . Game of Thrones Game of Thrones A Song of Ice and Fire A Song of Ice and Fire George R. R. Martin George R. R. Martin fictional character fictional character fantasy fantasy Tyrion was one of a few prominent characters that were not included in 2005 's A Feast for Crows , but returned in the next novel A Dance with Dragons -LRB- 2011 -RRB- . A Feast for Crows A Feast for Crows A Dance with Dragons A Dance with Dragons A Game of Thrones is the first novel in A Song of Ice and Fire , a series of fantasy novels by American author George R. R. Martin . George R. R. Martin George R. R. Martin A Song of Ice and Fire A Song of Ice and Fire fantasy fantasy Game of Thrones Game of Thrones",REFUTES
Millie Bobby Brown is a child model.,,NEI
Boyz II Men is incapable of finding fame in the 1990s.,"During the 1990s , Boyz II Men found fame on Motown Records as a quartet . Motown Motown Motown Records Motown quartet quartet `` End of the Road '' would set a new record for longevity , staying at number one on the Billboard Hot 100 for thirteen weeks , breaking the decades-old record held by Elvis Presley . End of the Road End of the Road Elvis Presley Elvis Presley Billboard Billboard (magazine)",REFUTES
The largest urban area of Australia is Sydney.,"Australia 's capital is Canberra , and its largest urban area is Sydney . Canberra Canberra Sydney Sydney urban area List of cities in Australia by population",SUPPORTS
The Shadow Line was written by an American man.,"The series was written , directed and produced by Hugo Blick . Hugo Blick Hugo Blick Hugo Blick -LRB- born 1965 -RRB- , sometimes credited as Hugo E. Blick , is an English writer , producer , director and occasional actor .",REFUTES
Ulysses S. Grant was a Taurus.,"Ulysses S. Grant -LRB- born Hiram Ulysses Grant ; April 27 , 1822 -- July 23 , 1885 -RRB- was the 18th President of the United States -LRB- 1869 -- 77 -RRB- . 18th President of the United States List of Presidents of the United States",SUPPORTS
Nina Simone received an honorary doctorate.,,NEI
The Coen brothers direct only science fiction films.,"A Serious Man is a 2009 black comedy-drama film written , produced , edited and directed by Joel and Ethan Coen . black Black comedy comedy-drama film Comedy-drama Joel and Ethan Coen Coen brothers Inside Llewyn Davis -LSB- ˈluː.ɪn deɪvɪs -RSB- is a 2013 American black comedy drama film written , directed , produced , and edited by Joel and Ethan Coen . black comedy black comedy drama drama (modern genre) Joel and Ethan Coen Coen brothers Llewyn Davis Llewyn Davis (character) No Country for Old Men is a 2007 American neo-western neo-noir thriller film written and directed by Joel and Ethan Coen , based on Cormac McCarthy 's novel of the same name . No Country for Old Men No Country for Old Men Cormac McCarthy Cormac McCarthy neo-western Western (genre)#Contemporary Western neo-noir neo-noir thriller film thriller (genre) Joel and Ethan Coen Coen brothers novel of the same name No Country for Old Men",REFUTES
The United Kingdom is a member of no organizations.,,NEI
There are gold reserves in Kolyma.,"Total reserves are estimated at 3.5 billion tons of equivalent fuel , including 1.2 billion tons of oil and 1.5 billion m3 of gas . oil oil",SUPPORTS
Barbara Stanwyck starred in a movie.,"She was a film and television star , known during her 60-year career as a consummate and versatile professional with a strong , realistic screen presence , and a favorite of directors including Cecil B. DeMille , Fritz Lang , and Frank Capra . Cecil B. DeMille Cecil B. DeMille Fritz Lang Fritz Lang Frank Capra Frank Capra After a short but notable career as a stage actress in the late 1920s , she made 85 films in 38 years in Hollywood , before turning to television . Hollywood Cinema of the United States Her performance in The Thorn Birds also won her a Golden Globe . The Thorn Birds The Thorn Birds (TV miniseries) Golden Globe Golden Globe It was directed by King Vidor , and stars Barbara Stanwyck , John Boles , and Anne Shirley . King Vidor King Vidor Barbara Stanwyck Barbara Stanwyck John Boles John Boles (actor) Anne Shirley Dawn Evelyn Paris",SUPPORTS
Wi-Fi is a trademark of the Wi-Fi Alliance.,"Wi-Fi is a trademark of the Wi-Fi Alliance , which restricts the use of the term Wi-Fi Certified to products that successfully complete interoperability certification testing . Wi-Fi Alliance Wi-Fi Alliance interoperability interoperability",SUPPORTS
London had around 3 denizens in mid-2015.,,NEI
The Supernatural pilot premiered on The CW.,"It premiered on The WB on September 13 , 2005 , and was written by series creator Eric Kripke and directed by David Nutter . Eric Kripke Eric Kripke David Nutter David Nutter The WB The WB",REFUTES
The Greenland shark is a type of land mammal.,"The Greenland shark -LRB- Somniosus microcephalus -RRB- , also known as the gurry shark , or grey shark , or by the Inuit name eqalussuaq , is a large shark of the family Somniosidae -LRB- `` sleeper sharks '' -RRB- , closely related to the Pacific and southern sleeper sharks . Somniosidae Somniosidae Somniosus Somniosus Inuit Inuit languages shark shark Pacific Pacific sleeper shark Greenland shark flesh treated to reduce toxin levels is eaten in Iceland as a delicacy known as kæstur hákarl . shark shark Iceland Iceland kæstur hákarl Hákarl",REFUTES
Marie Curie was a physicist who studied radiation.,"Marie Skłodowska Curie -LRB- -LSB- ˈkjʊri , _ kjʊˈriː -RSB- -LSB- kyʁi -RSB- ; -LSB- kʲiˈri -RSB- ; 7 November 18674 July 1934 -RRB- , born Maria Salomea Skłodowska -LRB- -LSB- ˈmarja salɔˈmɛa skwɔˈdɔfska -RSB- -RRB- , was a Polish and naturalized-French physicist and chemist who conducted pioneering research on radioactivity . Polish and naturalized-French Polish minority in France physicist physicist chemist chemist radioactivity radioactivity Her achievements included the development of the theory of radioactivity -LRB- a term that she coined -RRB- , techniques for isolating radioactive isotopes , and the discovery of two elements , polonium and radium . radioactivity radioactivity polonium polonium radium radium",SUPPORTS
Metro Boomin is incapable of being a DJ.,"Leland Tyler Wayne -LRB- born September 16 , 1993 -RRB- , professionally known as Metro Boomin -LRB- also known as Young Metro or simply Metro -RRB- , is an American record producer , songwriter and DJ from St. Louis , Missouri . St. Louis St. Louis Missouri Missouri (U.S. state)",REFUTES
The Nashville Songwriters Association International is only a for-profit association.,"The Nashville Songwriters Association International is a 501 -LRB- c -RRB- not-for-profit trade organization that works to help songwriters in three ways : through legislative advocacy , through education and advice about the actual craft of songwriting , and through teaching about the music industry , and how to best position a song for success within it . not-for-profit Non-profit organization trade organization trade organization advocacy advocacy education education songwriting songwriting music industry music industry",REFUTES
Quinoa is in the family of the Amaranthaceae.,"Quinoa -LRB- -LSB- ˈkiːnwɑː -RSB- or -LSB- kɪˈnoʊ.ə -RSB- , from Quechua kinwa or kinuwa -RRB- is the common name for Chenopodium quinoa , a flowering plant in the amaranth family Amaranthaceae . Amaranthaceae Amaranthaceae Chenopodium Chenopodium Quechua Quechuan languages flowering plant flowering plant amaranth amaranth",SUPPORTS
Shay Haley is barely known as Sheldon Haley.,"Sheldon Haley -LRB- born December 18 , 1972 -RRB- , better known as Shae , Shay or Shade , is an American musician . musician musician American United States",REFUTES
Aneurin Barnard is a movie actor.,,NEI
Tidewater region is a geographic area in the US.,"The Tidewater region is a geographic area of southeast Virginia and northeastern North Carolina , part of the Atlantic coastal plain in the United States of America . Virginia Virginia North Carolina North Carolina Atlantic coastal plain Atlantic coastal plain North Carolina -LRB- -LSB- nɔrθ_kærəˈlaɪnə -RSB- -RRB- is a state in the southeastern region of the United States . state U.S. state southeastern region Southeastern United States Portions of Maryland facing the Chesapeake Bay are also given this designation . Maryland Maryland Chesapeake Bay Chesapeake Bay The Chesapeake Bay -LRB- -LSB- ˈtʃɛsəpiːk -RSB- -RRB- is an estuary in the U.S. states of Maryland and Virginia , lying inland from the Atlantic Ocean and surrounded to the west by the North American mainland and to the east by the Delmarva Peninsula . estuary estuary Maryland Maryland Virginia Virginia Atlantic Ocean Atlantic Ocean Delmarva Peninsula Delmarva Peninsula Geographically , in North Carolina and Virginia the Tidewater area is the land between the Suffolk Scarp and the Atlantic Ocean . Virginia Virginia North Carolina North Carolina Suffolk Scarp Suffolk Scarp Atlantic Ocean Atlantic Ocean",SUPPORTS
Justin Bieber has won lotteries.,,NEI
True Detective is a television series on HBO.,"The series , broadcast by the premium cable network HBO in the United States , premiered on January 12 , 2014 . HBO HBO True Detective is an American anthology crime drama television series created and written by Nic Pizzolatto . Detective Detective fiction Nic Pizzolatto Nic Pizzolatto anthology Anthology series crime Crime fiction drama drama I talked to Nic about it and both Nic and HBO are open to another season . HBO HBO We 're open to somebody else writing it and Nic supervising it . In March 2017 , it was revealed that Pizzolatto has written the first two episodes of a potential third season and that David Milch joined the creative team . David Milch David Milch",SUPPORTS
Robert F. Kennedy was the chief counsel of a committee.,He was appointed Attorney General after the successful election and served as the closest adviser to the president from 1961 to 1963 .,SUPPORTS
Emily Blunt is exclusively a singer.,"Emily Olivia Leah Blunt -LRB- born 23 February 1983 -RRB- is a British film and stage actress . Blunt made her professional debut in a 2001 London production of the play The Royal Family . The Royal Family The Royal Family (play) Two years later , she appeared on screen for the first time in the 2003 television film Boudica -LRB- Warrior Queen -RRB- . Her performance in the 2004 drama film My Summer of Love garnered her the Evening Standard British Film Award for Most Promising Newcomer . My Summer of Love My Summer of Love Evening Standard British Film Award for Most Promising Newcomer Evening Standard Award",REFUTES
A region of Quebec in the north is not called Nord-du-Québec.,"Parti Québécois governments held referendums on sovereignty in 1980 and 1995 ; both were voted down by voters , the latter defeated by a very narrow margin . Québécois Québécois people Parti Québécois Parti Québécois governments Government of Quebec sovereignty sovereignty 1980 Quebec referendum, 1980 1995 Quebec referendum, 1995",REFUTES
Quebec is a province in Canada.,"The Nord-du-Québec region , occupying the northern half of the province , is sparsely populated and inhabited primarily by Aboriginal peoples . Québec Quebec City province Provinces and territories of Canada Nord-du-Québec Nord-du-Québec Aboriginal peoples Aboriginal peoples in Canada It also shares maritime borders with Nunavut , Prince Edward Island , and Nova Scotia . Nunavut Nunavut Prince Edward Island Prince Edward Island Nova Scotia Nova Scotia",SUPPORTS
"Michael Jackson originated in Buffalo, New York.",,NEI
Tropic Thunder was produced by Universal Pictures.,DreamWorks Pictures and Red Hour Films produced it . Red Hour Films Red Hour Productions DreamWorks Pictures DreamWorks,REFUTES
X-Men (film) is incapable of having a cast name Patrick Stewart.,"The film , directed by Bryan Singer and written by David Hayter , features an ensemble cast that includes Hugh Jackman , Patrick Stewart , Ian McKellen , Halle Berry , Famke Janssen , James Marsden , Bruce Davison , Rebecca Romijn-Stamos , Ray Park , Tyler Mane , and Anna Paquin . Bryan Singer Bryan Singer David Hayter David Hayter Patrick Stewart Patrick Stewart Hugh Jackman Hugh Jackman Ian McKellen Ian McKellen Halle Berry Halle Berry Famke Janssen Famke Janssen James Marsden James Marsden Bruce Davison Bruce Davison Rebecca Romijn-Stamos Rebecca Romijn Ray Park Ray Park Tyler Mane Tyler Mane Anna Paquin Anna Paquin ensemble cast ensemble cast",REFUTES
John Cena has a ECW career.,,NEI
Lewis Hamilton is sponsored.,,NEI
There are occupations relating to Programmer.,,SUPPORTS
Emily Blunt played a supporting role in Arrival.,,NEI
Toronto has a monument with a height of 630.2 square kilometers.,,NEI
License to Wed was released in 2030.,"License to Wed is a 2007 American romantic comedy film starring Robin Williams , Mandy Moore and John Krasinski , and directed by Ken Kwapis . Ken Kwapis Ken Kwapis Robin Williams Robin Williams Mandy Moore Mandy Moore John Krasinski John Krasinski romantic comedy film romantic comedy film",REFUTES
Tubelight is produced by an American actor.,The film is produced by Salman Khan and Kabir Khan . Kabir Khan Kabir Khan (director) Salman Khan Salman Khan,REFUTES
Richard Harris was a performer.,,NEI
Malala Yousafzai's father did humanitarian work.,"The following summer , journalist Adam B. Ellick made a New York Times documentary about her life as the Pakistani military intervened in the region . Pakistani Pakistani people Adam B. Ellick Adam B. Ellick New York Times The New York Times",SUPPORTS
Ballet Shoes is an award-winning children's novel.,"Ballet Shoes : a story of three children on the stage is a children 's novel by Noel Streatfeild , published by Dent in 1936 . Noel Streatfeild Noel Streatfeild",SUPPORTS
Bridge of Spies was written by a man.,"Bridge of Spies is a 2015 historical drama legal thriller film directed and co-produced by Steven Spielberg , written by Matt Charman , Ethan and Joel Coen and stars Tom Hanks , Mark Rylance , Amy Ryan and Alan Alda . Steven Spielberg Steven Spielberg Matt Charman Matt Charman Tom Hanks Tom Hanks Mark Rylance Mark Rylance Amy Ryan Amy Ryan Alan Alda Alan Alda historical drama Historical period drama legal thriller legal thriller Ethan and Joel Coen Coen brothers Matt Charman -LRB- born June 5 , 1979 -RRB- is a British screenwriter , playwright , and producer . playwright playwright producer film producer He was nominated for an Academy Award for best original screenplay for his 2015 film Bridge of Spies , directed by Steven Spielberg and co-written with Joel and Ethan Coen . Bridge of Spies Bridge of Spies (film) Steven Spielberg Steven Spielberg Joel and Ethan Coen Joel and Ethan Coen",SUPPORTS
Mila Kunis was featured in Friends with Benefits.,"Friends with Benefits is a 2011 American romantic comedy film directed by Will Gluck , and starring Justin Timberlake and Mila Kunis in the lead roles . Will Gluck Will Gluck Justin Timberlake Justin Timberlake Mila Kunis Mila Kunis romantic comedy film romantic comedy film",SUPPORTS
Chris Carter rose to fame in the early 1790s.,"After beginning his television career working on television films for Walt Disney Studios , Carter rose to fame in the early 1990s after creating the science fiction-supernatural television series The X-Files for the Fox network . The X-Files The X-Files (film) Walt Disney Studios Walt Disney Studios (production) science fiction science fiction supernatural supernatural fiction Fox network Fox Broadcasting Company",REFUTES
Belgium is 41% forest.,,NEI
Psychological findings are independent of research and perspectives from humanities.,"Many do scientific research on a wide range of topics related to mental processes and behavior , and typically work in university psychology departments or teach in other academic settings -LRB- e.g. , medical schools , hospitals -RRB- . behavior behavior",REFUTES
Toy Story is only a screenplay.,"Toy Story is a 1995 American computer-animated buddy comedy adventure film produced by Pixar Animation Studios and released by Walt Disney Pictures . Walt Disney Pictures Walt Disney Pictures Pixar Animation Studios Pixar computer-animated Computer-generated imagery buddy buddy film comedy comedy film adventure film adventure film The directorial debut of John Lasseter , Toy Story was the first feature-length computer-animated film and the first theatrical film produced by Pixar . John Lasseter John Lasseter computer-animated Computer-generated imagery directorial debut List of directorial debuts The film features music by Randy Newman , and was executive-produced by Steve Jobs and Edwin Catmull . Randy Newman Randy Newman Steve Jobs Steve Jobs Edwin Catmull Edwin Catmull Lasseter , Stanton and Docter wrote early story treatments which were thrown out by Disney , as they wanted the film to be edgier . Released in theaters on November 22 , 1995 , Toy Story was the highest-grossing film on its opening weekend and earned over $ 373 million worldwide .",REFUTES
"Worcester, Massachusetts is 40 mi west of a city.","Worcester is located approximately 40 mi west of Boston , 50 mi east of Springfield and 40 mi north of Providence . Worcester Worcester Boston Boston, Massachusetts Springfield Springfield, Massachusetts Providence Providence, Rhode Island",SUPPORTS
Steve Coogan starred as the lead role in What Maisie Knew.,,NEI
International Relations only includes the entertainment industry.,,REFUTES
Asteroid Day was co-founded by Grigorij Richters.,"Asteroid Day was officially launched on December 3 , 2014 .",SUPPORTS
Jerry Goldsmith was nominated for Golden Globe Awards.,,SUPPORTS
Dracula established conventions of the Twilight series.,,NEI
The Italian language is only written in Crimea.,"It has official minority status in Bosnia and Herzegovina , Croatia , Slovenia and Romania . Croatia Croatia Slovenia Slovenia Bosnia and Herzegovina Bosnia and Herzegovina Romania Romania",REFUTES
George Foreman worked for an American premium cable and satellite television network.,"Home Box Office -LRB- HBO -RRB- is an American premium cable and satellite television network that is owned by Time Warner through its respective flagship company Home Box Office , Inc. . Time Warner Time Warner premium Pay television cable cable television satellite television satellite television network television network",SUPPORTS
Kerala has the highest media exposure in Peru.,,REFUTES
"Homeland's cast is one person, John Turturro.","The series is broadcast in the U.S. on the cable channel Showtime , and is produced by Fox 21 Television Studios -LRB- formerly Fox 21 -RRB- . Fox 21 Television Studios Fox 21 Television Studios Showtime Showtime (TV network) cable channel cable channel",REFUTES
"The Dark Knight Rises' filming took place in Los Angeles, California in 2012.",,NEI
Carice van Houten is a singer.,Carice Anouk van Houten -LRB- -LSB- kaːˈris ɑˈnuk vɑn ˈɦʌu̯tə -LRB- n -RRB- -RSB- ; born 5 September 1976 -RRB- is a Dutch actress and singer . Dutch Netherlands actress actress,SUPPORTS
The Hellenic goddess of wild animals was called Artemis.,"Homer refers to her as Artemis Agrotera , Potnia Theron : `` Artemis of the wildland , Mistress of Animals '' . Potnia Theron Potnia Theron",SUPPORTS
The capital of Bali is located in the northern part of the island.,"Its capital , Denpasar , is located in the southern part of the island . Denpasar Denpasar",REFUTES
Jeffrey Dahmer was an inmate of Columbia Correctional Institution.,,SUPPORTS
Smoking does not increase the risk of leukemia.,"There are four main types of leukemia -- acute lymphoblastic leukemia -LRB- ALL -RRB- , acute myeloid leukemia -LRB- AML -RRB- , chronic lymphocytic leukemia -LRB- CLL -RRB- and chronic myeloid leukemia -LRB- CML -RRB- -- as well as a number of less common types . acute lymphoblastic leukemia acute lymphoblastic leukemia acute myeloid leukemia acute myeloid leukemia chronic lymphocytic leukemia chronic lymphocytic leukemia chronic myeloid leukemia chronic myeloid leukemia",REFUTES
Anna Paquin traveled to Los Angeles to live there.,,NEI
Saving Private Ryan was the second highest grossing film of its year.,"Saving Private Ryan was released on home video in May 1999 , earning another $ 44 million from sales . home video home video",SUPPORTS
The Host stars a Slovenian actor.,,NEI
Matthew Modine played the titular character in the film Birdy.,"His other well-known roles include Dr. Martin Brenner in Stranger Things , the title character in Alan Parker 's Birdy , high school wrestler Louden Swain in Vision Quest and the oversexed Sullivan Groff on Weeds . Stranger Things Stranger Things Alan Parker Alan Parker Birdy Birdy (film) Vision Quest Vision Quest Weeds Weeds (TV series)",SUPPORTS
Australia was energetically pursued.,,NEI
The 2011 FIFA U-20 World Cup was cancelled between July 29 to August 20.,"Colombia hosted the tournament between 29 July and 20 August 2011 , with matches being played in eight cities . Colombia Colombia",REFUTES
Pornhub is on the Internet.,"Pornhub is a pornographic video sharing website and the largest pornography site on the Internet . video sharing video sharing pornographic Pornography In March 2010 , Pornhub was bought by Manwin -LRB- now known as MindGeek -RRB- , which owns numerous other pornographic websites . MindGeek MindGeek pornographic Pornography",SUPPORTS
The Simpsons series will have 22 episodes for the thirtieth season.,"It has won dozens of awards since it debuted as a series , including 31 Primetime Emmy Awards , 30 Annie Awards , and a Peabody Award . Peabody Award Peabody Award",SUPPORTS
Land Rover lacks the ability to make cars.,"Land Rover is a car brand that specialises in four-wheel-drive vehicles , owned by British multinational car manufacturer Jaguar Land Rover , which has been owned by India 's Tata Motors since 2008 . Jaguar Land Rover Jaguar Land Rover Jaguar Jaguar Cars four-wheel-drive four-wheel-drive multinational multinational corporation car manufacturer automaker Tata Motors Tata Motors Land Rover sold 194,000 vehicles worldwide in 2009 . The Land Rover Discovery is a mid-size luxury SUV , from the British car maker Land Rover . Land Rover Land Rover SUV sport utility vehicle",REFUTES
Davis Guggenheim was an American film producer.,"Philip Davis Guggenheim -LRB- born November 3 , 1963 -RRB- is an American film and television director and producer . television director television director Since 2006 , Guggenheim is the only filmmaker to release three different documentaries that were ranked within the top 100 highest-grossing documentaries of all time -LRB- An Inconvenient Truth , It Might Get Loud , and Waiting for ′ Superman ′ -RRB- . An Inconvenient Truth An Inconvenient Truth documentaries documentaries It Might Get Loud It Might Get Loud",SUPPORTS
The Night Of was co-directed by a British director.,"The miniseries was written by Richard Price and Steven Zaillian and directed by Zaillian and James Marsh . Richard Price Richard Price (writer) Steven Zaillian Steven Zaillian James Marsh James Marsh (director) miniseries miniseries James Marsh -LRB- born 30 April 1963 -RRB- is a British film and documentary director best known for his work on Man on Wire , which won the 2008 Academy Award for Best Documentary Feature , and The Theory of Everything , the multi-award winning biopic of physicist Stephen Hawking released in 2014 . Man on Wire Man on Wire Academy Award for Best Documentary Feature Academy Award for Best Documentary Feature The Theory of Everything The Theory of Everything (2014 film) Stephen Hawking Stephen Hawking",SUPPORTS
Keith Urban had two children called Keith Urban.,,NEI
There are evidence suggesting that all dinosaurs are incapable of building their own nests.,"Still , the idea that non-avian dinosaurs were uniformly gigantic is a misconception based in part on preservation bias , as large , sturdy bones are more likely to last until they are fossilized .",REFUTES
Frenemies is an ant.,"Frenemies is a 2012 teen comedy-drama television film and anthology based on the novel of the same name by Alexa Young which premiered on Disney Channel . Disney Channel Disney Channel teen teen film comedy-drama comedy-drama television film television film anthology anthology The film follows three pairs of teenage friends that go from friends to enemies and back again . It features an ensemble cast starring Bella Thorne , Zendaya , Stefanie Scott , Nick Robinson , Mary Mouser and features Connor Price , Jascha Washington and Dylan Everett . Bella Thorne Bella Thorne Zendaya Zendaya Mary Mouser Mary Mouser Nick Robinson Nick Robinson (American actor) Stefanie Scott Stefanie Scott ensemble cast ensemble cast Connor Price Connor Price Jascha Washington Jascha Washington Dylan Everett Dylan Everett The film was directed by Daisy Mayer and written by Dava Savel , Wendy Weiner , and Jim Krieg . Dava Savel Dava Savel Daisy Mayer Daisy von Scherler Mayer The Disney Channel Original Movie premiered on January 13 , 2012 in the United States and Canada . Canada Canada Disney Channel Disney Channel Disney Channel Original Movie Disney Channel Original Movie",REFUTES
The Bounty was based on a book by a British author.,The screenplay was by Robert Bolt and it was based on the book Captain Bligh and Mr. Christian -LRB- 1972 -RRB- by Richard Hough . Robert Bolt Robert Bolt Richard Hough Richard Hough Richard Alexander Hough -LRB- pronounced how ; 15 May 1922 - 7 October 1999 -RRB- was a British author and historian specializing in maritime history . British United Kingdom author author historian historian,SUPPORTS
Jessica Chastain is not an actress.,"Jessica Michelle Chastain -LRB- born March 24 , 1977 -RRB- is an American actress and film producer . In 1998 , she made her professional stage debut as Shakespeare 's Juliet . Shakespeare William Shakespeare Juliet Juliet After studying acting at the Juilliard School , she was signed to a talent holding deal with the television producer John Wells . Juilliard School Juilliard School talent holding deal talent holding deal John Wells John Wells (TV producer) She was a recurring guest star in several television shows , including Law & Order : Trial by Jury . She also took on roles in the stage productions of Anton Chekhov 's play The Cherry Orchard in 2004 and Oscar Wilde 's tragedy Salome in 2006 . Anton Chekhov Anton Chekhov The Cherry Orchard The Cherry Orchard Oscar Wilde Oscar Wilde Salome Salome (play) Oscar Academy Award for Best Actress",REFUTES
Paul Simon is a Pisces.,,NEI
Splatoon 2 is a critically acclaimed shooter.,,NEI
Neal Schon is a Canadian guitarist.,"Neal Joseph Schon -LRB- born February 27 , 1954 -RRB- is an American rock guitarist , songwriter , and vocalist , best known for his work with the bands Journey and Bad English . Journey Journey (band) Bad English Bad English rock rock music",REFUTES
"Vanilla Sky stars an actor born on March 17, 2001.",,NEI
Bobby Moore was in the Order of the German Empire.,,NEI
Wolverine appeared in a comic in 1972.,,NEI
Dennis Quaid refused to ever be an actor.,"Dennis William Quaid -LRB- born April 9 , 1954 -RRB- is an American actor known for a wide variety of dramatic and comedic roles . Some of his notable credits include Breaking Away , The Right Stuff , Wyatt Earp , The Rookie , The Day After Tomorrow , Traffic , Vantage Point , Footloose , Frequency , The Parent Trap , Yours , Mine & Ours and Soul Surfer . Breaking Away Breaking Away The Right Stuff The Right Stuff (film) Wyatt Earp Wyatt Earp (film) The Rookie The Rookie (2002 film) The Day After Tomorrow The Day After Tomorrow Traffic Traffic (2000 film) Vantage Point Vantage Point (film) Footloose Footloose (2011 film) Frequency Frequency (film) The Parent Trap The Parent Trap (1998 film) Soul Surfer Soul Surfer (film) For his role in Far from Heaven -LRB- 2002 -RRB- he won the New York Film Critics Circle Award for Best Supporting Actor and several other accolades . Far from Heaven Far from Heaven New York Film Critics Circle Award for Best Supporting Actor New York Film Critics Circle Award for Best Supporting Actor",REFUTES
Angelina Jolie was permanently disqualified for an Academy Award.,"She has received an Academy Award , two Screen Actors Guild Awards , and three Golden Globe Awards , and has been cited as Hollywood 's highest-paid actress . Academy Award Academy Award Screen Actors Guild Awards Screen Actors Guild Awards Golden Globe Awards Golden Globe Awards She starred in the critically acclaimed biographical cable films George Wallace -LRB- 1997 -RRB- and Gia -LRB- 1998 -RRB- , and won an Academy Award for Best Supporting Actress for her performance in the drama Girl , Interrupted -LRB- 1999 -RRB- . Academy Award Academy Award George Wallace George Wallace (film) Gia Gia Academy Award for Best Supporting Actress Academy Award for Best Supporting Actress Her biggest commercial success came with the fantasy picture Maleficent -LRB- 2014 -RRB- . Maleficent Maleficent (film)",REFUTES
Vincente Minnelli is a director.,"Vincente Minnelli -LRB- February 28 , 1903 -- July 25 , 1986 -RRB- was an American stage director and film director , famous for directing such classic movie musicals as Meet Me in St. Louis , Gigi , The Band Wagon , and An American in Paris . stage director Theatre director movie musicals Musical film Meet Me in St. Louis Meet Me in St. Louis Gigi Gigi (1958 film) The Band Wagon The Band Wagon An American in Paris An American in Paris (film) In addition to having directed some of the most famous and well-remembered musicals of his time , Minnelli made many comedies and melodramas . comedies Comedy film melodramas Melodrama",SUPPORTS
Miyu Irino died before voicing Sora.,"His major anime voice roles include Todomatsu Matsuno in Osomatsu-san , Haku in Spirited Away , Daisuke Niwa in D.N.Angel , Syaoran Li in Tsubasa Reservoir Chronicle , Sena Kobayakawa in Eyeshield 21 , Astral in Yu-Gi-Oh ! Osomatsu-san Osomatsu-san Spirited Away Spirited Away D.N.Angel D.N.Angel Syaoran Li Syaoran Li Tsubasa Reservoir Chronicle Tsubasa Reservoir Chronicle Sena Kobayakawa Sena Kobayakawa Eyeshield 21 Eyeshield 21",REFUTES
Afghanistan is the source of a dynasty.,"In the late 19th century , Afghanistan became a buffer state in the `` Great Game '' between British India and the Russian Empire . British First Anglo-Afghan War buffer state buffer state Great Game The Great Game British India British Raj Russian Empire Russian Empire The Durrani dynasty was founded in 1747 by Ahmad Shah Durrani at Kandahar , present Afghanistan . Ahmad Shah Durrani Ahmad Shah Durrani Afghanistan Afghanistan Kandahar Kandahar Durrani Durrani",SUPPORTS
Bill Cosby has been deemed innocent of sexual battery.,,NEI
Stanley Kubrick was a prince of England.,,NEI
Alfre Woodard is a Bostonian.,,NEI
Pixar began in August 1979.,,NEI
The United States Army is the major ground-based defensive force of the United States.,,SUPPORTS
Bill Clinton was not President of the United States.,"William Jefferson Clinton -LRB- born August 19 , 1946 -RRB- is an American politician who served as the 42nd President of the United States from 1993 to 2001 . 42nd List of Presidents of the United States 42nd President of the United States List of Presidents of the United States Two years later , in 1996 , Clinton became the first Democrat since Franklin D. Roosevelt to be elected to a second term . 1996 United States presidential election, 1996 Franklin D. Roosevelt Franklin D. Roosevelt",REFUTES
"Brentwood is located in the Eastside of Los Angeles, California.","Brentwood is an affluent neighborhood in the Westside of Los Angeles , California . California California Los Angeles Los Angeles affluent affluence in the United States neighborhood neighborhood",REFUTES
Paul Pogba made it to the 2012 UEFA Champions League Final.,,NEI
An album of Drake (musician) became platinum.,"They were followed by two mixtapes , with the trap-influenced If You 're Reading This It 's Too Late , and a collaboration with Future for What a Time to Be Alive , in 2015 , which both also earned platinum certification in the U.S. Future Future (rapper) platinum Music recording sales certification trap trap music What a Time to Be Alive What a Time to Be Alive Drake released his fourth album , Views , in 2016 , breaking several chart records in the process . Views Views (album) Drake owns several Billboard chart records .",SUPPORTS
Ativan is left off the World Health Organization's List of Essential Medicines.,"In the United States in 2011 , 28 million prescriptions for lorazepam were filled making it the second most prescribed benzodiazepine after alprazolam . benzodiazepine benzodiazepine alprazolam alprazolam",REFUTES
Outlander is based on a series of comics.,Outlander is a British-American television drama series based on the historical time travel Outlander series of novels by Diana Gabaldon . Diana Gabaldon Diana Gabaldon time travel time travel,REFUTES
The Titanic helped improve navigation training in sailors.,,NEI
Cary Grant co-directed in the film The Philadelphia Story.,"Having established himself as a major Hollywood star , he was nominated twice for the Academy Award for Best Actor , for Penny Serenade -LRB- 1941 -RRB- and None but the Lonely Heart -LRB- 1944 -RRB- . Academy Award for Best Actor Academy Award for Best Actor Penny Serenade Penny Serenade None but the Lonely Heart None but the Lonely Heart (film) The Philadelphia Story is a 1940 American romantic comedy film directed by George Cukor , starring Cary Grant , Katharine Hepburn , and James Stewart and featuring Ruth Hussey . George Cukor George Cukor The Philadelphia Story The Philadelphia Story (play) Cary Grant Cary Grant Katharine Hepburn Katharine Hepburn James Stewart James Stewart Ruth Hussey Ruth Hussey romantic comedy romantic comedy",REFUTES
Glee's pilot had its first broadcast in 2009.,"The sixth and final season aired from January to March 2015 . sixth Glee (season 6) `` Pilot '' is the pilot episode of the American television series Glee , which premiered on the Fox network on May 19 , 2009 . Glee Glee (TV series) Fox Fox Broadcasting Company",SUPPORTS
Superior Donuts airs on a network.,Superior Donuts is an American sitcom that airs on CBS . Superior Donuts Superior Donuts CBS CBS sitcom sitcom,SUPPORTS
Three Men and a Baby passed up Tom Selleck for a role in the film.,"Three Men and a Baby is a 1987 American comedy film directed by Leonard Nimoy , and stars Tom Selleck , Steve Guttenberg , Ted Danson and Nancy Travis . Leonard Nimoy Leonard Nimoy Tom Selleck Tom Selleck Steve Guttenberg Steve Guttenberg Ted Danson Ted Danson comedy film comedy film Nancy Travis Nancy Travis",REFUTES
Arrested Development is a program.,"Arrested Development is an American television sitcom created by Mitchell Hurwitz , which originally aired on Fox for three seasons from November 2 , 2003 to February 10 , 2006 . Mitchell Hurwitz Mitchell Hurwitz Fox Fox Broadcasting Company sitcom sitcom A fourth season of 15 episodes was released on Netflix on May 26 , 2013 . Netflix Netflix The show follows the fictitious Bluth family , a formerly wealthy and habitually dysfunctional family . fictitious fiction dysfunctional family dysfunctional family In 2011 , IGN named Arrested Development the `` funniest show of all time '' . IGN IGN Its humor has been cited as a key influence on later single-camera sitcoms such as 30 Rock and Community . 30 Rock 30 Rock Community Community (TV series)",SUPPORTS
Ronald Reagan promoted supply-side economic policies.,"Foreign affairs dominated his second term , including ending of the Cold War , the bombing of Libya , and the Iran -- Contra affair . Cold War Cold War bombing of Libya 1986 United States bombing of Libya",SUPPORTS
Beyoncé Knowles was listed among Time's 100 most influential people in the country.,,SUPPORTS
The Illusionist was a critical and commercial success.,,SUPPORTS
John McEnroe is unknown.,His match record of 82 -- 3 in 1984 remains the best single season win rate of the Open Era . 1984 1984 World Championship Tennis Finals - Singles best single season win rate Tennis records of the Open Era – men's singles#Single season records Open Era History of tennis#Open Era,REFUTES
Matthew Modine played a character on Stranger Things.,"His other well-known roles include Dr. Martin Brenner in Stranger Things , the title character in Alan Parker 's Birdy , high school wrestler Louden Swain in Vision Quest and the oversexed Sullivan Groff on Weeds . Stranger Things Stranger Things Alan Parker Alan Parker Birdy Birdy (film) Vision Quest Vision Quest Weeds Weeds (TV series)",SUPPORTS
Richard Curtis laughed at a charity in 1985.,,NEI
There is a film about an exclusive clique in their high school called Jawbreaker (film).,"The film stars Rose McGowan , Rebecca Gayheart , Julie Benz , and Judy Greer as girls in an exclusive clique in their high school . Rose McGowan Rose McGowan Rebecca Gayheart Rebecca Gayheart Julie Benz Julie Benz Judy Greer Judy Greer film film clique clique",SUPPORTS
The Promise premiered in Toronto.,"The film premiered on September 11 , 2016 , at the Toronto International Film Festival and was released in the United States on April 21 , 2017 , by Open Road Films . Open Road Films Open Road Films Toronto International Film Festival 2016 Toronto International Film Festival",SUPPORTS
John Adams was a political cartoonist.,,NEI
Jesse Eisenberg worked with Q-Tip and gained success.,,NEI
Tupac Shakur was inducted into a place that recognizes people that has influence on the development of rock after year 2016.,"On April 7 , 2017 , Shakur was inducted into the Rock and Roll Hall of Fame . Rock and Roll Hall of Fame Rock and Roll Hall of Fame Since opening in September 1995 , the `` Rock Hall '' -- part of the city 's redeveloped North Coast Harbor -- has hosted more than 10 million visitors and had a cumulative economic impact estimated at more than $ 1.8 billion . North Coast Harbor North Coast Harbor",REFUTES
The German Shepherd is the third-most registered breed by the American Kennel Club.,The German Shepherd is the second-most registered breed by the American Kennel Club and fourth-most registered breed by The Kennel Club in the United Kingdom . American Kennel Club American Kennel Club The Kennel Club The Kennel Club,REFUTES
The characters in Grey's Anatomy try to maintain personal lives only.,"The series focuses on the fictional lives of surgical interns , residents and attending physicians , as they evolve into seasoned doctors while trying to maintain personal lives and relationships . residents residency (medicine) attending physicians attending physician",REFUTES
Felicity Huffman is in the series Bones.,,NEI
The Comedian stars an American actor.,"The film stars Robert De Niro , Leslie Mann , Danny DeVito , Edie Falco , Veronica Ferres , Charles Grodin , Cloris Leachman , Patti LuPone and Harvey Keitel . Robert De Niro Robert De Niro Leslie Mann Leslie Mann Danny DeVito Danny DeVito Edie Falco Edie Falco Veronica Ferres Veronica Ferres Charles Grodin Charles Grodin Cloris Leachman Cloris Leachman Patti LuPone Patti LuPone Harvey Keitel Harvey Keitel Daniel Michael DeVito , Jr. -LRB- born November 17 , 1944 -RRB- is an American actor , comedian , director and producer .",SUPPORTS
Kurupt is the stage name of Ricardo Emmanuel Brown which he adopted in 1992.,,NEI
Southport hosts an annual birthday party.,,NEI
Karan Johar won a Filmfare award for Best Director and Best Screenplay.,His counter-terrorism drama My Name Is Khan -LRB- 2010 -RRB- earned him his second Filmfare Award for Best Director . Best Director Filmfare Award for Best Director My Name Is Khan My Name Is Khan,SUPPORTS
Grand Theft Auto clone is a type of action-adventure genre.,"Grand Theft Auto clone is a subgenre of open world action-adventure video games , characterized by their likeness to the Grand Theft Auto series in either gameplay , or overall design . subgenre Video game genres open world open world action-adventure action-adventure game Grand Theft Auto Grand Theft Auto (video game) clone Video game clone",SUPPORTS
Jordan Spence does not play football.,Jordan James Spence -LRB- born 24 May 1990 -RRB- is an English footballer who plays for Ipswich Town . Ipswich Town Ipswich Town F.C. footballer association football,REFUTES
Sparta was the material of interest in the West.,,SUPPORTS
Tezaab became a golden jubilee in 2010.,Tezaab was critically acclaimed and garnered four Filmfare Awards from twelve nominations . Filmfare Awards Filmfare Awards,REFUTES
"Gerd von Rundstedt died February 24, 1953 from a car accident.",,NEI
Paul Pogba has been the winner of two Coppa Italia titles.,"In 2016 , Pogba was named to the 2015 UEFA Team of the Year as well as the 2015 FIFA FIFPro World XI , after helping Juventus to the 2015 UEFA Champions League Final . Juventus Juventus F.C. 2016 UEFA Euro 2016 2015 UEFA Team of the Year UEFA Team of the Year#Team of the Year 2015 2015 FIFA FIFPro World XI FIFPro#FIFA FIFPro World XI 2015 UEFA Champions League Final 2015 UEFA Champions League Final",SUPPORTS
Ratatouille is the fifth film produced by Pixar Animation Studios.,"It is the eighth film produced by Pixar and was co-written and directed by Brad Bird , who took over from Jan Pinkava in 2005 . Brad Bird Brad Bird Jan Pinkava Jan Pinkava Pixar Pixar Pixar -LRB- -LSB- ˈpɪksɑr -RSB- -RRB- , also referred to as Pixar Animation Studios , is an American computer animation film studio based in Emeryville , California that is a subsidiary of The Walt Disney Company . Emeryville Emeryville, California California California computer animation computer animation film studio film studio The Walt Disney Company The Walt Disney Company",REFUTES
Roger Moore was born in 1927 and died five years before 2017.,"Sir Roger George Moore , -LRB- -LSB- mɔər -RSB- 14 October 1927 -- 23 May 2017 -RRB- was an English actor .",REFUTES
Pink Floyd was inducted into the UK Music Hall of Fame in 1996.,,REFUTES
Jag had seasons.,"The first season was co-produced with NBC Productions . NBC Productions Universal Media Studios NBC NBC In total , 227 episodes were produced over 10 seasons .",SUPPORTS
Juana la virgen is a Venezuelan telenovela produced by RCTV.,Juana la Virgen -LRB- English : Juana the Virgin -RRB- is a 2002 Venezuelan telenovela written by Perla Farias and produced by RCTV . Perla Farias Perla Farias RCTV RCTV telenovela telenovela,SUPPORTS
Evonne Goolagong Cawley refuses to play tennis.,"Evonne Goolagong Cawley AO , MBE -LRB- born 31 July 1951 -RRB- is an Australian former World No. 1 tennis player . AO Order of Australia MBE Order of the British Empire tennis tennis She was one of the world 's leading players in the 1970s and early 1980s , during which she won 14 Grand Slam titles : seven in singles -LRB- four at the Australian Open , two at Wimbledon and one at the French Open -RRB- , six in women 's doubles , and one in mixed doubles . Grand Slam Grand Slam title Australian Open Australian Open Wimbledon Wimbledon Championships French Open French Open The Australian Open is a major tennis tournament held annually over the last fortnight of January in Melbourne , Australia . tennis tennis Melbourne Melbourne",REFUTES
Morgan Freeman won an Academy Award in the 21st century.,"Freeman won an Academy Award in 2005 for Best Supporting Actor with Million Dollar Baby -LRB- 2004 -RRB- , and he has received Oscar nominations for his performances in Street Smart -LRB- 1987 -RRB- , Driving Miss Daisy -LRB- 1989 -RRB- , The Shawshank Redemption -LRB- 1994 -RRB- and Invictus -LRB- 2009 -RRB- . Academy Award Academy Award Best Supporting Actor Academy Award for Best Supporting Actor Million Dollar Baby Million Dollar Baby Oscar Academy Awards#Oscar statuette Street Smart Street Smart (film) Driving Miss Daisy Driving Miss Daisy The Shawshank Redemption The Shawshank Redemption Invictus Invictus (film)",SUPPORTS
Marlon Brando was on a diet.,,NEI
San Francisco is sparsely populated.,"San Francisco is the fourth-most populous city in California , after Los Angeles , San Diego , and San Jose , and the 13th-most populous city in the United States -- with a census-estimated 2016 population of 870,887 . United States United States California California fourth-most populous city List of cities and towns in California Los Angeles Los Angeles San Diego San Diego San Jose San Jose, California 13th-most populous city List of United States cities by population",REFUTES
Andy Roddick and Brooklyn Decker are divorced.,,NEI
Harley Quinn appeared in American comic books published by DC Comics.,"The character was created by Paul Dini and Bruce Timm , and first appeared in Batman : The Animated Series in September 1992 . Paul Dini Paul Dini Bruce Timm Bruce Timm Batman Batman Batman is a fictional superhero appearing in American comic books published by DC Comics . DC Comics DC Comics superhero superhero Batman Batman (TV series)",SUPPORTS
Outlander features the Arab Spring.,,NEI
Aaron Paul directed Breaking Bad.,"Together with his former student Jesse Pinkman -LRB- Aaron Paul -RRB- , White turns to a life of crime , producing and selling crystallized methamphetamine to secure his family 's financial future before he dies , while navigating the dangers of the criminal world . Aaron Paul Aaron Paul Jesse Pinkman Jesse Pinkman methamphetamine methamphetamine Jesse Bruce Pinkman is a fictional character in Breaking Bad , played by Aaron Paul . Breaking Bad Breaking Bad Aaron Paul Aaron Paul fictional character fictional character",REFUTES
Sade (singer) is a band of zebras.,"With members Paul S. Denman , Andrew Hale , and Stuart Matthewman , she gained worldwide fame as the lead vocalist of the English band Sade . Sade Sade (band) Paul S. Denman Paul S. Denman Stuart Matthewman Stuart Matthewman",REFUTES
The OA is an HBO movie.,"The OA is an American mystery drama web television series with science fiction , supernatural , and fantasy elements , which debuted on Netflix on December 16 , 2016 . Netflix Netflix mystery Mystery film web television web television science fiction science fiction supernatural Supernatural fiction fantasy fantasy",REFUTES
Ilkhanate was ruled by the Mongol House of Hulagu.,"The Ilkhanate , also spelled Il-khanate -LRB- ایلخانان , Ilkhānān ; Хүлэгийн улс , Hulagu-yn Ulus -RRB- , was established as a khanate that formed the southwestern sector of the Mongol Empire , ruled by the Mongol House of Hulagu . Mongol Empire Mongol Empire khanate khanate Mongol Mongol",SUPPORTS
J. Howard Marshall was a businesswoman and student.,,NEI
Sully ignored the National Transportation Safety Board.,,NEI
Tanzania is a county.,"Tanzania -LSB- ˌtænzəˈniːə -RSB- , officially the United Republic of Tanzania -LRB- Jamhuri ya Muungano wa Tanzania -RRB- , is a country in Eastern Africa within the African Great Lakes region . Eastern Africa Eastern Africa African Great Lakes African Great Lakes",REFUTES
There is no term limit on the President of Iraq.,"The President is elected by the Council of Representatives by a two-thirds majority , and is limited to two four-year terms . limited Term limit",REFUTES
Google manufactures hardware.,"These include online advertising technologies , search , cloud computing , software , and hardware . online advertising online advertising search Web search engine cloud computing cloud computing software software hardware Computer hardware Google has also experimented with becoming an Internet carrier . Internet Internet Internet carrier Mobile network operator",SUPPORTS
"Charles Haley's middle name is Lewis, a name given to him at birth.",,NEI
Steven Spielberg is a father.,,NEI
Rachel McAdams was the basis for a character in Spotlight.,,NEI
Father of the Bride stars Kimberly Williams.,"Father of the Bride is a 1991 American comedy film starring Steve Martin , Diane Keaton , Kimberly Williams -LRB- in her film debut -RRB- , George Newbern , Martin Short , B. D. Wong , and Kieran Culkin . Father of the Bride Father of the Bride (1950 film) Steve Martin Steve Martin Diane Keaton Diane Keaton Kimberly Williams Kimberly Williams-Paisley Martin Short Martin Short comedy film comedy film George Newbern George Newbern B. D. Wong B. D. Wong Kieran Culkin Kieran Culkin",SUPPORTS
Celeste and Jesse Forever was incapable of starring Will McCormack.,"It stars Rashida Jones and Andy Samberg , and was written by Jones and Will McCormack , who also has a role in the film . Rashida Jones Rashida Jones Will McCormack Will McCormack Andy Samberg Andy Samberg",REFUTES
Lil Wayne refuses to release his songs.,"The record has since been passed by other artists . Lil Wayne 's thirteenth studio album , Tha Carter V , has been delayed multiple times and has no scheduled release date . Tha Carter Tha Carter Lil Wayne has sold over 100 million records worldwide , including sold more than 15 million albums and 37 million digital tracks in United States , making him one of the best-selling artists of all time . one of the best-selling artists of all time List of best-selling music artists",REFUTES
Transformers: Age of Extinction is a short film.,Transformers : Age of Extinction is a 2014 American science fiction action film based on the Transformers franchise . Transformers Transformers science fiction Science fiction film action film action film,REFUTES
Prussian Academy of Sciences was established in 1838.,"The Royal Prussian Academy of Sciences -LRB- Königlich-Preußische Akademie der Wissenschaften -RRB- was an academy established in Berlin , Germany on 11 July 1700 , four years after the Akademie der Künste , or `` Arts Academy , '' to which `` Berlin Academy '' may also refer . academy academy Berlin Berlin Germany Germany Akademie der Künste Akademie der Künste",REFUTES
Hunter S. Thompson settled in Miami.,,NEI
Eva Longoria is a vegetarian.,,NEI
Russ has not had singles on the US Billboard Hot 100.,"He is known for his singles `` What They Want '' and `` Losin Control '' , which peaked respectively at number 83 and 63 on the US Billboard Hot 100 . What They Want What They Want (Russ song) Losin Control Losin Control",REFUTES
Born This Way discusses the self-empowerment of immigrant minorities.,,NEI
Armadillo World Headquarters was a book.,"Armadillo World Headquarters -LRB- sometimes called simply The ` Dillo -RRB- was a music venue and nightclub located in Austin , Texas from 1970 to 1980 . music venue music venue nightclub nightclub",REFUTES
Audi makes the best-selling luxury car in the world.,,NEI
Patricia Lea ``Patty'' Jenkins  is a director.,"Patricia Lea `` Patty '' Jenkins -LRB- born July 23 , 1971 -RRB- is an American film director and screenwriter . American Americans",SUPPORTS
Gary Ridgway killed people during the 1960's and 1970's.,He murdered numerous women and girls in Washington State during the 1980s and 1990s . Washington Washington (state) Washington State Washington (state),REFUTES
San Junipero wrote an episode of an anthology series.,,NEI
AC/DC is an Australian band.,"AC/DC are an Australian rock band , formed in 1973 by brothers Malcolm and Angus Young . Angus Young Angus Young rock Rock music Malcolm Malcolm Young",SUPPORTS
Game of Thrones has received 38 spin-offs.,,REFUTES
Tim Allen starred in a flashmob.,,NEI
Paleogene starts from the end of the Cretaceous Period million years ago.,The Paleogene -LRB- -LSB- pronˈpæliːədʒiːn -RSB- or -LSB- ˈpeɪliːədʒiːn -RSB- also spelled Palaeogene or Palæogene ; informally Lower Tertiary -RRB- is a geologic period and system that spans 43 million years from the end of the Cretaceous Period million years ago -LRB- Mya -RRB- to the beginning of the Neogene Period Mya . also spelled British English geologic period and system geologic period Cretaceous Cretaceous Mya annum Neogene Neogene Tertiary Tertiary,SUPPORTS
The Academy Honorary Award is given to celebrate motion pictures' failures.,"The Academy Honorary Award -- instituted in 1948 for the 21st Academy Awards -LRB- previously called the Special Award , which was first presented in early 1929 -RRB- -- is given annually by the Board of Governors of the Academy of Motion Picture Arts and Sciences -LRB- AMPAS -RRB- to celebrate motion picture achievements that are not covered by existing Academy Awards , although prior winners of competitive Academy Awards are not excluded from receiving the Honorary Award . 21st Academy Awards 21st Academy Awards Board of Governors Academy of Motion Picture Arts and Sciences#Current administration of the Academy Academy of Motion Picture Arts and Sciences Academy of Motion Picture Arts and Sciences Academy Awards Academy Awards",REFUTES
The X Factor is a singing competition.,The X Factor is a British television music competition to find new singing talent . The X Factor The X Factor (UK TV series) British television British television,SUPPORTS
Martina Hingis refused to partner with Daniela Hantuchová.,"She was named one of the `` 30 Legends of Women 's Tennis : Past , Present and Future '' by TIME in June 2011 . Tennis Tennis (magazine)",REFUTES
James Mangold directed a 2013 superhero TV show.,,NEI
Here is a studio record.,Here is the sixth studio album by American singer and songwriter Alicia Keys . Alicia Keys Alicia Keys,SUPPORTS
"Worcester, Massachusetts is 40 mi from the capital of Texas.",,NEI
Joan Cusack worked with Tom Felton.,,NEI
Colin Firth is an award-winning actor.,"In 2011 , Firth received a star on the Hollywood Walk of Fame , and was also selected as one of the Time 100 . Hollywood Walk of Fame Hollywood Walk of Fame Time 100 Time 100 He commissioned and is credited as a co-author on a scientific paper on a study into the differences in brain structure between people of differing political orientations . Firth has received an Academy Award , a Golden Globe Award , two BAFTA Awards , and three Screen Actors Guild Awards , as well as the Volpi Cup . Academy Award Academy Award for Best Actor Golden Globe Award Golden Globe Award for Best Actor – Motion Picture Drama BAFTA Awards BAFTA Awards Screen Actors Guild Awards Screen Actors Guild Award for Outstanding Performance by a Male Actor in a Leading Role Volpi Cup Volpi Cup BAFTA BAFTA Award for Best Actor in a Supporting Role",SUPPORTS
"Law of value was featured first in a pamphlet named, in French, Misere de la philosophie.",,NEI
Brittany Murphy was an actress in Clueless and 8 Mile.,"Murphy also voiced Luanne Platter on the animated television series King of the Hill -LRB- 1997 -- 2009 -RRB- . Luanne Platter Luanne Platter King of the Hill King of the Hill Her breakthrough role was as Tai Frasier in Clueless -LRB- 1995 -RRB- , followed by supporting roles in independent films such as Freeway -LRB- 1996 -RRB- and Bongwater -LRB- 1998 -RRB- . Clueless Clueless (film) independent films independent films Freeway Freeway (1996 film) Bongwater Bongwater (film)",SUPPORTS
Fifth Harmony earned 1.6 billion dollars in revenue.,,NEI
Subhas Chandra Bose was not born on 23 January 1897.,"Subhas Chandra Bose -LRB- 23 January 1897 -- 18 August 1945 -RRB- was an Indian nationalist whose defiant patriotism made him a hero in India , but whose attempt during World War II to rid India of British rule with the help of Nazi Germany and Imperial Japan left a troubled legacy . Indian nationalist Indian independence movement World War II World War II British rule British Raj Nazi Germany Nazi Germany Imperial Japan Imperial Japan",REFUTES
The first single by The Who reached the UK top ten.,,NEI
Peter Davison was in multiple movies.,,NEI
Sarah Michelle Gellar did not co-found an e-commerce startup.,,REFUTES
Michael J. Fox had an illness.,"He has since become an advocate for research toward finding a cure ; he created the Michael J. Fox Foundation , and on March 5 , 2010 , Sweden 's Karolinska Institutet gave him a honoris causa doctorate for his work in advocating a cure for Parkinson 's disease . Michael J. Fox Foundation The Michael J. Fox Foundation Karolinska Institutet Karolinska Institutet Since 1999 , Fox has mainly worked as a voice-over actor in films such as Stuart Little and Disney 's Atlantis : The Lost Empire . voice-over voice-over Stuart Little Stuart Little (film) Disney Disney On the CBS TV show The Good Wife , he earned Emmy nominations for three consecutive years for his recurring role as crafty attorney Louis Canning . Emmy Emmy Award CBS CBS The Good Wife The Good Wife",SUPPORTS
Gopalkrishna Gandhi was a politician.,"Gopalkrishna Devdas Gandhi -LRB- born April 22 , 1946 -RRB- is a retired IAS officer and diplomat , who was the 22nd Governor of West Bengal serving from 2004 to 2009 . 22nd Governor of West Bengal Governor of West Bengal Devdas Gandhi Devdas Gandhi IAS Indian Administrative Service Governor of West Bengal Governor of West Bengal As a former IAS officer and he served as Secretary to the President of India and as High Commissioner to South Africa and Sri Lanka , among other administrative and diplomatic posts . India India IAS Indian Administrative Service President of India President of India High Commissioner High Commissioner South Africa South Africa Sri Lanka Sri Lanka",SUPPORTS
Gift of the Night Fury stars the voice of an actress whose legal middle name is Carroll.,"Kristen Carroll Wiig -LRB- -LSB- ˈwɪɡ -RSB- born August 22 , 1973 -RRB- is an American actress , comedian , writer , and producer .",SUPPORTS
Modern liberalism in the United States is strongly against welfare.,"Modern liberalism took shape during the twentieth century , with roots in Theodore Roosevelt 's New Nationalism , Woodrow Wilson 's New Freedom , Franklin D. Roosevelt 's New Deal , Harry S. Truman 's Fair Deal , John F. Kennedy 's New Frontier , and Lyndon B. Johnson 's Great Society . liberalism liberalism Theodore Roosevelt Theodore Roosevelt New Nationalism New Nationalism (Theodore Roosevelt) Woodrow Wilson Woodrow Wilson New Freedom The New Freedom Franklin D. Roosevelt Franklin D. Roosevelt New Deal New Deal Harry S. Truman Harry S. Truman Fair Deal Fair Deal John F. Kennedy John F. Kennedy New Frontier New Frontier Lyndon B. Johnson Lyndon B. Johnson Great Society Great Society",REFUTES
Hockey is hated everywhere except Morocco.,"The Kontinental Hockey League -LRB- KHL -RRB- is the highest league in Russia and much of Eastern Europe . Europe Europe Kontinental Hockey League Kontinental Hockey League Russia Russia men's national ice hockey team Eastern Europe Eastern Europe In North America , the National Hockey League -LRB- NHL -RRB- is the highest level for men 's hockey and the most popular . National Hockey League National Hockey League",REFUTES
Chitty Chitty Bang Bang is from 1997.,"Chitty Chitty Bang Bang is a 1968 British musical adventure fantasy film directed by Ken Hughes and written by Roald Dahl and Hughes , loosely based on Ian Fleming 's 1964 novel Chitty-Chitty-Bang-Bang : The Magical Car . Ken Hughes Ken Hughes Roald Dahl Roald Dahl Chitty-Chitty-Bang-Bang Chitty-Chitty-Bang-Bang Ian Fleming Ian Fleming musical Musical film adventure Adventure film fantasy film fantasy film 1964 novel 1964 in literature",REFUTES
Calling All the Monsters was criticized by Walt Disney Records.,,NEI
David Thewlis is an actor.,"David Thewlis -LRB- born David Wheeler ; born 20 March 1963 -RRB- is an English actor , director , screenwriter , author . His most commercially successful role to date has been that of Remus Lupin in the Harry Potter film series . Remus Lupin Remus Lupin Other notable performances include the films Naked -LRB- for which he won the Best Actor award at Cannes Film Festival -RRB- , Dragonheart , Kingdom of Heaven , The Boy in the Striped Pyjamas , The Theory of Everything , Black Beauty , and Macbeth -LRB- in which he played King Duncan -RRB- . Naked Naked (1993 film) Best Actor Best Actor Award (Cannes Film Festival) Cannes Film Festival Cannes Film Festival Dragonheart Dragonheart Kingdom of Heaven Kingdom of Heaven (film) The Boy in the Striped Pyjamas The Boy in the Striped Pyjamas (film) The Theory of Everything The Theory of Everything (2014 film) Black Beauty Black Beauty (1994 film) Macbeth Macbeth (2015 film) King Duncan King Duncan He will play Ares in Wonder Woman . Wonder Woman Wonder Woman (2017 film) He has also done voice work in the films James and the Giant Peach -LRB- 1996 -RRB- , The Miracle Maker -LRB- 2000 -RRB- , and Anomalisa -LRB- 2015 -RRB- , and is additionally known for the role of Cyrus Crabb in the TV mini series Dinotopia . James and the Giant Peach James and the Giant Peach (film) The Miracle Maker The Miracle Maker (2000 film) Anomalisa Anomalisa",SUPPORTS
Furia is written by someone known for Furia and it is French.,"Furia is a 1999 French romantic drama film directed by Alexandre Aja , who co-wrote screenplay with Grégory Levasseur , adapted from the science fiction short story `` Graffiti '' by Julio Cortázar . Alexandre Aja Alexandre Aja Grégory Levasseur Grégory Levasseur Julio Cortázar Julio Cortázar 1999 French films of 1999",SUPPORTS
The Invention of Lying's cast excludes Louis C.K.,"The supporting cast features Jennifer Garner , Jonah Hill , Louis C.K. , Rob Lowe and Tina Fey . Jennifer Garner Jennifer Garner Jonah Hill Jonah Hill Rob Lowe Rob Lowe Tina Fey Tina Fey",REFUTES
Miami Beach is located between the Pacific Ocean and San Francisco Bay.,"The municipality is located on natural and man-made barrier islands between the Atlantic Ocean and Biscayne Bay , the latter of which separates the Beach from Miami . municipality municipality man-made artificial island Atlantic Ocean Atlantic Ocean Biscayne Bay Biscayne Bay Miami Miami",REFUTES
Gendry works in King's Landing.,He and the rest of the cast were nominated for Screen Actors Guild Awards for Outstanding Performance by an Ensemble in a Drama Series in 2014 .,SUPPORTS
"Modern Family premiered on CBS on September 23, 2009.","Modern Family -LRB- stylized as modern family -RRB- is an American television mockumentary sitcom that premiered on ABC on September 23 , 2009 , which follows the lives of Jay Pritchett and his family , all of whom live in suburban Los Angeles . Los Angeles Los Angeles County ABC American Broadcasting Company mockumentary mockumentary sitcom sitcom Jay Pritchett Jay Pritchett",REFUTES
Bus Stop (1956 film) is a dramatic film.,"Bus Stop is a 1956 American romantic comedy film directed by Joshua Logan for 20th Century Fox , starring Marilyn Monroe , Don Murray , Arthur O'Connell , Betty Field , Eileen Heckart , Robert Bray and Hope Lange . Joshua Logan Joshua Logan Marilyn Monroe Marilyn Monroe Don Murray Don Murray (actor) Arthur O'Connell Arthur O'Connell Betty Field Betty Field Eileen Heckart Eileen Heckart 20th Century Fox 20th Century Fox American Cinema of the United States romantic comedy film romantic comedy film Robert Bray Robert Bray Hope Lange Hope Lange Bus Stop Bus Stop (TV series)",REFUTES
Josh Homme has rarely been involved with Arctic Monkeys.,,REFUTES
Alexander Lukashenko is the president of Belarus.,"Aleksandr Grigoryevich Lukashenko -LRB- Алякса́ндр Рыго́равіч Лукашэ́нка , Aliaksandr Ryhoravič Lukašenka , Алекса́ндр Григо́рьевич Лукаше́нко born 30 August 1954 -RRB- is the President of Belarus , in office since 20 July 1994 . President of Belarus President of Belarus Belarus Belarus President President of Belarus Belarus 's Democracy Index rating was the lowest in Europe until 2014 -LRB- when it was passed by Russia -RRB- , the country is labelled as `` not free '' by Freedom House , as `` repressed '' in the Index of Economic Freedom , and is rated as by far the worst country for press freedom in Europe in the 2013 -- 14 Press Freedom Index published by Reporters Without Borders , which ranks Belarus 157th out of 180 nations . Russia Russia Democracy Index Democracy Index Freedom House Freedom House Index of Economic Freedom Index of Economic Freedom press freedom press freedom Reporters Without Borders Reporters Without Borders",SUPPORTS
IZombie is not an American television series.,iZombie -LRB- stylized as iZOMBiE -RRB- is an American television series developed by Rob Thomas and Diane Ruggiero-Wright for The CW . Rob Thomas Rob Thomas (writer) Diane Ruggiero-Wright Diane Ruggiero The CW The CW,REFUTES
Richard Curtis founded a company in a year.,"He is also the co-founder of the British charity Comic Relief along with Sir Lenny Henry . Comic Relief Comic Relief Sir Lenny Henry Sir Lenny Henry Comic Relief is an operating British charity , founded in 1985 by the comedy scriptwriter Richard Curtis and comedian Lenny Henry in response to famine in Ethiopia . Lenny Henry Lenny Henry Richard Curtis Richard Curtis Ethiopia Ethiopia",SUPPORTS
United States contains Portland.,,NEI
Dan Martin is Irish.,Daniel `` Dan '' Martin -LRB- born 20 August 1986 -RRB- is an Irish professional road racing cyclist who rides for UCI ProTeam . road racing cyclist road racing cyclist UCI ProTeam UCI ProTeam,SUPPORTS
Diana Ross had success in the United States.,"Ross ' success as lead singer of The Supremes made it possible for future African-American R&B and soul acts to find mainstream success . R&B rhythm and blues soul soul music The Supremes The Supremes African-American African-American Founded as the Primettes in Detroit , Michigan , in 1959 , the Supremes were the most commercially successful of Motown 's acts and are , to date , America 's most successful vocal group with 12 number one singles on the Billboard Hot 100 . Detroit Detroit Motown Motown vocal group musical ensemble 12 number one singles List of Billboard Hot 100 chart achievements and milestones#Most number-one hits Born and raised in Detroit , Michigan , Ross rose to fame as the lead singer of the vocal group The Supremes , which , during the 1960s , became Motown 's most successful act , and is to this day the United States ' most successful vocal group , as well as one of the world 's best-selling girl groups of all time . Detroit Detroit Michigan Michigan Motown Motown The Supremes The Supremes best-selling girl groups List of best-selling girl groups She is a 12-time Grammy nominee , never earning a competitive honor , but later became the recipient of the Grammy Lifetime Achievement Award in 2012 . Grammy Lifetime Achievement Award Grammy Lifetime Achievement Award Billboard -LRB- stylized as billboard -RRB- is an American entertainment media brand owned by the Hollywood Reporter-Billboard Media Group , a division of Eldridge Industries . Eldridge Industries Eldridge Industries",SUPPORTS
Twitter is a media source.,"Twitter -LRB- -LSB- ˈtwɪtər -RSB- -RRB- is an online news and social networking service where users post and interact with messages , `` tweets '' , restricted to 140 characters . news news social networking social networking service characters character (computing)",SUPPORTS
Haifa is where the Perkin's School for the Blind is located.,,NEI
History of art only includes computers.,"The subsequent expansion of the list of principal arts in the 20th century reached to nine : architecture , dance , sculpture , music , painting , poetry -LRB- described broadly as a form of literature with aesthetic purpose or function , which also includes the distinct genres of theatre and narrative -RRB- , film , photography and graphic arts . architecture architecture dance dance sculpture sculpture music music painting painting poetry poetry literature literature theatre theatre narrative narrative film film photography photography graphic arts graphic arts",REFUTES
Juliette Binoche was an actor in French film.,"After performing in several stage productions , she began acting in films by auteur directors Jean-Luc Godard -LRB- Hail Mary , 1985 -RRB- , Jacques Doillon -LRB- Family Life , 1985 -RRB- and André Téchiné , who made her a star in France with the leading role in his 1985 drama Rendez-vous . France France auteur Auteur theory Jean-Luc Godard Jean-Luc Godard Hail Mary Hail Mary (film) Jacques Doillon Jacques Doillon Family Life Family Life (1985 film) André Téchiné André Téchiné Rendez-vous Rendez-vous (film) Hail Mary -LRB- Je vous salue , Marie -RRB- is a 1985 French film written and directed by Jean-Luc Godard . Jean-Luc Godard Jean-Luc Godard 1985 1985 in film French film French film",SUPPORTS
Berlin is the seventh most populous urban area in the European Union.,"With a population of approximately 3.7 million , Berlin is the second most populous city proper and the seventh most populous urban area in the European Union . European Union European Union most populous city proper List of largest cities in the European Union by population within city limits most populous urban area List of urban areas in the European Union",SUPPORTS
The Champ is a 2017 film.,The Champ is a 1979 American drama sports film directed by Franco Zeffirelli and a remake of the 1931 Academy Award-winning film of the same name which was directed by King Vidor . Franco Zeffirelli Franco Zeffirelli drama drama (film and television) sports film sports film Academy Award Academy Award for Best Picture film of the same name The Champ (1931 film) King Vidor King Vidor,REFUTES
Hugh Jackman plays Beast.,,NEI
The Jackson family has yet to include Michael Jackson.,"As a group , the eldest sons Jackie , Tito , Jermaine , Marlon , Randy and Michael , made the family 's reputation , facilitating the subsequent success of siblings Rebbie , La Toya , and Janet . Rebbie Rebbie Jackson Jackie Jackie Jackson Tito Tito Jackson Jermaine Jermaine Jackson La Toya La Toya Jackson Marlon Marlon Jackson Michael Michael Jackson Randy Randy Jackson (The Jacksons) Janet Janet Jackson The continued success of Michael and Janet 's careers as solo artists led the Jacksons to become known as the `` Royal Family of Pop '' . Michael Michael Jackson Janet Janet Jackson In 2009 a new series from A&E entitled The Jacksons : A Family Dynasty premiered documenting the Jackson brothers dealing with the sudden loss of Michael and preparing for a Jackson 5 Reunion tour . Michael Michael Jackson A&E A&E Network",REFUTES
Supernatural only had 5 seasons.,"With its eleventh season , Supernatural became the longest-running American fantasy series . fantasy fantasy The series was renewed for a twelfth season , which aired from October 13 , 2016 , to May 18 , 2017 . On January 8 , 2017 , The CW renewed the show for a thirteenth season . The CW The CW",REFUTES
Ricky Martin has not released several albums in Spanish.,"After five years with the group , he released several Spanish-language solo albums throughout the 1990s . Since its release , the song has sold over 8 million copies , making it one of the best selling singles of all time . best selling singles List of best-selling singles",REFUTES
Thandie Newton is religious.,,NEI
Bam Margera appeared on NBC's Jackass.,"He came to prominence after appearing in MTV 's Jackass crew . Jackass Jackass (TV series) Jackass is an American reality series , originally shown on MTV from 2000 to 2002 , featuring people performing various dangerous , crude , self-injuring stunts and pranks . MTV MTV reality series Reality television",REFUTES
Kalpana Raghavendar is a performer.,"She started her career as a playback singer at the age of five , and as of 2013 had recorded 1,500 tracks and performed in 3,000 shows in India and abroad . playback singer playback singer",SUPPORTS
Ricin is produced by seeds.,"Ricin -LRB- -LSB- ˈraɪsɪn -RSB- -RRB- is a highly toxic , naturally occurring lectin -LRB- a carbohydrate-binding protein -RRB- produced in the seeds of the castor oil plant , Ricinus communis . toxic toxic lectin lectin protein protein castor oil plant castor oil plant",SUPPORTS
Transformers: Age of Extinction is a film.,Transformers : Age of Extinction is a 2014 American science fiction action film based on the Transformers franchise . Transformers Transformers science fiction Science fiction film action film action film,SUPPORTS
Lee Min-ho is a South Korean writer.,,NEI
Carbon has C as its symbol.,Carbon -LRB- from carbo `` coal '' -RRB- is a chemical element with symbol C and atomic number 6 . chemical element chemical element symbol Symbol (chemistry) atomic number atomic number coal coal,SUPPORTS
Sue Sylvester is portrayed by a director.,,NEI
Baylor University is exclusively a Methodist university.,"Baylor University -LRB- BU -RRB- is a private Baptist university in Waco , Texas . Baptist Baptist Waco Waco, Texas Texas Texas",REFUTES
The gray wolf only came into existence in the late eighteenth century.,,NEI
The Secret Life of Us has aired in Northern Ireland.,,NEI
Ruth Negga was born in 1975.,"Ruth Negga -LRB- -LSB- ˈneɪgə -RSB- born 7 January 1982 -RRB- is an Ethiopian born Irish actress , who has appeared in the films Capital Letters -LRB- 2004 -RRB- -LRB- also released as Trafficked in some countries -RRB- , Isolation -LRB- 2005 -RRB- , Breakfast on Pluto -LRB- 2005 -RRB- and Warcraft -LRB- 2016 -RRB- . Isolation Isolation (2005 film) Breakfast on Pluto Breakfast on Pluto (film) Warcraft Warcraft (film)",REFUTES
What a Girl Wants earned a gold certification in Sweden.,The video presented Aguilera dancing in a room with female friends whilst being viewed by their boyfriends and saw a scene of her dressed as a medieval-style princess .,SUPPORTS
Eddie Vedder released a single and a VHS in 2011.,,NEI
Felicity Jones is a woman.,"Felicity Rose Hadley Jones -LRB- born 17 October 1983 -RRB- is an English actress . She started her professional acting career as a child , appearing at age 12 in The Treasure Seekers -LRB- 1996 -RRB- . The Treasure Seekers The Treasure Seekers (1996 film) She took time off from acting to attend university at Wadham College , Oxford where she performed in Shakespeare 's The Comedy of Errors for the Oxford University Dramatic Society , and has worked steadily since graduating in 2006 . Wadham College Wadham College, Oxford Oxford University of Oxford Shakespeare Shakespeare The Comedy of Errors The Comedy of Errors Oxford University Dramatic Society Oxford University Dramatic Society On radio , she has played the role of Emma Grundy in the BBC 's The Archers . BBC BBC The Archers The Archers In 2008 , she appeared in the Donmar Warehouse production of The Chalk Garden . Donmar Warehouse Donmar Warehouse The Chalk Garden The Chalk Garden",SUPPORTS
To Kill a Mockingbird (film) was the film debut of an American actor and filmmaker born in Germany.,,NEI
Tim Rice collaborated with anyone except a musician.,"He is best known for his collaborations with Andrew Lloyd Webber , with whom he wrote Joseph and the Amazing Technicolor Dreamcoat , Jesus Christ Superstar , and Evita ; with Björn Ulvaeus and Benny Andersson of ABBA , with whom he wrote Chess ; for additional songs for the 2011 West End revival of The Wizard of Oz ; and for his work for Walt Disney Studios with Alan Menken -LRB- Aladdin , Beauty and the Beast , King David -RRB- , Elton John -LRB- The Lion King , Aida , The Road to El Dorado -RRB- and Ennio Morricone . Andrew Lloyd Webber Andrew Lloyd Webber Alan Menken Alan Menken Elton John Elton John Björn Ulvaeus Björn Ulvaeus Benny Andersson Benny Andersson and EGOT#Three competitive awards Joseph and the Amazing Technicolor Dreamcoat Joseph and the Amazing Technicolor Dreamcoat Jesus Christ Superstar Jesus Christ Superstar Evita Evita (musical) ABBA ABBA Chess Chess (musical) West End West End theatre The Wizard of Oz The Wizard of Oz (2011 musical) Walt Disney Studios Walt Disney Studios (Burbank) Aladdin Aladdin (1992 Disney film) Beauty and the Beast Beauty and the Beast (musical) King David King David (musical) The Lion King The Lion King Aida Aida (musical) The Road to El Dorado The Road to El Dorado Ennio Morricone Ennio Morricone Göran Bror Benny Andersson -LRB- -LSB- ˈbɛnʏ ² andɛˌʂɔn -RSB- ; born 16 December 1946 -RRB- is a Swedish musician , composer , member of the Swedish music group ABBA -LRB- 1972 -- 1982 -RRB- , and co-composer of the musicals Chess , Kristina från Duvemåla , and Mamma Mia ! ABBA ABBA Swedish Swedes Chess Chess (musical) Kristina från Duvemåla Kristina från Duvemåla In 1970 a single , `` Your Song '' , from his second album , Elton John , reached the top ten in the UK and the US , his first hit single . Your Song Your Song Elton John Elton John (album) John has performed at a number of royal events , such as the funeral of Princess Diana at Westminster Abbey in 1997 , the Party at the Palace in 2002 and the Queen 's Diamond Jubilee Concert outside Buckingham Palace in 2012 . Princess Diana Princess Diana funeral of Princess Diana funeral of Diana, Princess of Wales Westminster Abbey Westminster Abbey Party at the Palace Party at the Palace Diamond Jubilee Concert Diamond Jubilee Concert Buckingham Palace Buckingham Palace Sir Elton Hercules John , -LRB- born Reginald Kenneth Dwight ; 25 March 1947 -RRB- is an English singer , pianist , and composer .",REFUTES
28 Days (film) costars American actor Steve Buscemi.,"The film costars Viggo Mortensen , Dominic West , Elizabeth Perkins , Steve Buscemi , and Diane Ladd . Viggo Mortensen Viggo Mortensen Dominic West Dominic West Elizabeth Perkins Elizabeth Perkins Diane Ladd Diane Ladd Steve Buscemi Steve Buscemi",SUPPORTS
Cloud Atlas premiered at the 27th Toronto International Film Festival.,,REFUTES
Sophie Turner is acts for a living.,"Turner made her professional acting debut as Sansa Stark on the HBO fantasy television series Game of Thrones -LRB- 2011 -- present -RRB- , which brought her international recognition and critical praise . Sansa Stark Sansa Stark HBO HBO Game of Thrones Game of Thrones Sophie Turner -LRB- born 21 February 1996 -RRB- is an English actress .",SUPPORTS
The Illusionist is an American romantic mystery film.,"The Illusionist is a 2006 American romantic mystery film written and directed by Neil Burger and starring Edward Norton , Paul Giamatti , and Jessica Biel . Neil Burger Neil Burger Edward Norton Edward Norton Paul Giamatti Paul Giamatti Jessica Biel Jessica Biel romantic romance film mystery film mystery film",SUPPORTS
Samuel Witwer was born in September.,"Samuel Stewart `` Sam '' Witwer -LRB- born October 20 , 1977 -RRB- is an American actor and musician .",REFUTES
Kingdom Hearts is not made by Square Enix.,"is a series of crossover action role-playing games owned by Disney Interactive Studios and developed and published by Square Enix -LRB- originally by Square -RRB- . Square Square (company) Square Enix Square Enix Disney Interactive Studios Disney Interactive Studios crossover Fictional crossover Disney The Walt Disney Company It is a collaboration between Disney Interactive and Square Enix , and is under the direction of Tetsuya Nomura , a longtime Square Enix character designer . Square Square (company) Square Enix Square Enix Tetsuya Nomura Tetsuya Nomura Disney The Walt Disney Company",REFUTES
Angelina Jolie was in A Mighty Heart.,Her biggest commercial success came with the fantasy picture Maleficent -LRB- 2014 -RRB- . Maleficent Maleficent (film),SUPPORTS
Future works alone.,"Born and raised in Atlanta , Georgia , Wilburn first became involved in music as part of the Dungeon Family collective , where he was nicknamed `` the Future '' . Dungeon Family Dungeon Family",REFUTES
"Gray Davis was blamed for the California electricity crisis, causing his approval rate to drop.","On October 7 , 2003 , Davis was recalled in the second of three such elections in U.S. history , which include the removal of Lynn Frazier of North Dakota in 1921 and the unsuccessful recall of Scott Walker of Wisconsin in 2012 . history history Lynn Frazier Lynn Frazier North Dakota North Dakota 1921 North Dakota gubernatorial recall election Scott Walker Scott Walker (politician) Wisconsin Wisconsin 2012 Wisconsin gubernatorial recall election",SUPPORTS
The Leftovers features Amy Brenneman.,"The series stars an ensemble cast featuring Justin Theroux , Amy Brenneman , Christopher Eccleston , Liv Tyler , Chris Zylka , Margaret Qualley , Carrie Coon , Ann Dowd , and Regina King . Justin Theroux Justin Theroux Amy Brenneman Amy Brenneman Christopher Eccleston Christopher Eccleston Liv Tyler Liv Tyler Chris Zylka Chris Zylka Margaret Qualley Margaret Qualley Carrie Coon Carrie Coon Ann Dowd Ann Dowd Regina King Regina King",SUPPORTS
Liverpool F.C. is a team in Champions League.,,NEI
Apocalypse Now is a war novel.,"Apocalypse Now is a 1979 American epic war film directed , produced and co-written by Francis Ford Coppola . epic epic film war film war film Francis Ford Coppola Francis Ford Coppola It stars Marlon Brando , Robert Duvall , Martin Sheen , Frederic Forrest , Albert Hall , Sam Bottoms , Larry Fishburne , and Dennis Hopper . Marlon Brando Marlon Brando Robert Duvall Robert Duvall Martin Sheen Martin Sheen Frederic Forrest Frederic Forrest Albert Hall Albert Hall (actor) Sam Bottoms Sam Bottoms Larry Fishburne Larry Fishburne Dennis Hopper Dennis Hopper The film revolves around Captain Benjamin L. Willard -LRB- Sheen -RRB- on a secret mission to assassinate Colonel Kurtz , a renegade who is presumed insane . Colonel Kurtz Colonel Kurtz The screenplay , written by Milius , adapts the story of Joseph Conrad 's novella Heart of Darkness changing its setting from late 1800 's Congo to the Vietnam War . Joseph Conrad Joseph Conrad Heart of Darkness Heart of Darkness Vietnam War Vietnam War Problems continued after production as the release was postponed several times while Coppola edited thousands of feet of film .",REFUTES
In & Out was directed by exclusively a woman.,"In & Out is a 1997 American romantic comedy film directed by Frank Oz and starring Kevin Kline , Tom Selleck , Joan Cusack , Matt Dillon , Debbie Reynolds , and Wilford Brimley . Frank Oz Frank Oz Kevin Kline Kevin Kline Joan Cusack Joan Cusack Matt Dillon Matt Dillon Debbie Reynolds Debbie Reynolds Wilford Brimley Wilford Brimley Tom Selleck Tom Selleck romantic comedy film romantic comedy film",REFUTES
Queen Latifah's record sales have exceeded two million.,,SUPPORTS
The Promise is a historical drama film.,"The Promise is a 2016 American historical drama film directed by Terry George and starring Oscar Isaac , Charlotte Le Bon and Christian Bale , set in the final years of the Ottoman Empire . Terry George Terry George Oscar Isaac Oscar Isaac Charlotte Le Bon Charlotte Le Bon Christian Bale Christian Bale historical Historical period drama drama Drama (film and television) Ottoman Empire Ottoman Empire",SUPPORTS
In Azerbaijan most citizens do not have religious practices.,"ASAN Service has been awarded with United Nations ' Public Service Award 2015 , which is the most prestigious award in the world in the field of public service delivery . public service public service",SUPPORTS
Daft Punk was a part of a European music movement.,"The duo achieved significant popularity in the late 1990s as part of the French house movement and had continuous success in the years following , combining elements of house music with funk , techno , disco , rock music and synthpop influences . disco disco French house French house house music house music funk funk techno techno rock music rock music synthpop synthpop French house is a style of house music originally produced by French artists , a popular strand of the late 1990s and 2000s European dance music scene and a form of Euro disco . Euro disco Euro disco disco disco house music house music",SUPPORTS
Tony Goldwyn is an American political activist.,"Anthony Howard Goldwyn -LRB- born May 20 , 1960 -RRB- is an American actor , producer , director and political activist .",SUPPORTS
Selena was murdered.,", Selena has sold over 60 million albums worldwide . Selena Selena (film)",SUPPORTS
Lonesome Dove included 4 horses in it's cast.,,NEI
Cupid (2009 TV series) aired on a television channel.,"Cupid is an American comedy-drama television series that aired on ABC from March 31 to June 16 , 2009 and was broadcast Tuesdays at 10:02 PM Eastern/9 :02 PM Central . ABC American Broadcasting Company comedy-drama comedy-drama television series television series Eastern North American Eastern Time Zone Central North American Central Time Zone The American Broadcasting Company -LRB- ABC -RRB- is an American English language commercial broadcast television network that is owned by the Disney -- ABC Television Group , a subsidiary of the Disney Media Networks division of The Walt Disney Company . English English language Disney Media Networks The Walt Disney Company#Disney Media Networks The Walt Disney Company The Walt Disney Company English language English language commercial broadcast Commercial broadcasting television network television network",SUPPORTS
Fergie is in Outkast.,,NEI
Ed Sheeran was denied English citizenship.,"Edward Christopher `` Ed '' Sheeran -LRB- born 17 February 1991 -RRB- is an English singer-songwriter , guitarist and record producer .",REFUTES
Mel Gibson does not produce drama films.,,REFUTES
Wynonna Judd is only Mexican.,"Wynonna Ellen Judd -LRB- -LSB- waɪˈnoʊnə -RSB- born Christina Claire Ciminella ; May 30 , 1964 -RRB- is an American country music singer . country music country music",REFUTES
Israel is a monarchy.,"Israel 's economy and technology center is Tel Aviv , while its seat of government and proclaimed capital is Jerusalem , although the state 's sovereignty over East Jerusalem is internationally unrecognized.The Jerusalem Law states that `` Jerusalem , complete and united , is the capital of Israel '' and the city serves as the seat of the government , home to the President 's residence , government offices , supreme court , and parliament . Jerusalem Jerusalem internationally unrecognized Positions on Jerusalem President President of Israel East Jerusalem East Jerusalem economy Economy of Israel technology Science and technology in Israel Tel Aviv Tel Aviv seat of government seat of government Jerusalem Law Jerusalem Law parliament Knesset government Cabinet of Israel",REFUTES
Nigeria is Africa's smallest economy.,"Nigeria is a founding member of the African Union and a member of many other international organizations , including the United Nations , the Commonwealth of Nations and OPEC . African Union African Union United Nations United Nations Commonwealth of Nations Commonwealth of Nations OPEC OPEC The official language is English . English English language",REFUTES
"Peru experienced economic growth through its services, and products produced.",,NEI
Frank Zappa's debut was released with the Mothers of Invention.,"He continued this eclectic and experimental approach , irrespective of whether the fundamental format was rock , jazz or classical . experimental experimental music jazz jazz classical classical music rock Rock music",SUPPORTS
American Gods was worked on for production by Bryan Fuller and Michael Green.,"The television series was developed by Bryan Fuller and Michael Green for the premium cable network Starz . Bryan Fuller Bryan Fuller Michael Green Michael Green (writer) Starz Starz Gaiman serves as an executive producer along with Fuller , Green , Craig Cegielski , Stefanie Berk , and Thom Beers . Thom Beers Thom Beers",SUPPORTS
Pompeii is not in Italy.,"Pompeii was an ancient Roman town-city near modern Naples , in the Campania region of Italy , in the territory of the comune of Pompei . Pompei Pompei Campania Campania Italy Italy ancient Roman Ancient Rome Naples Naples comune comune",REFUTES
The United States was the first country to develop portable computers.,,NEI
Tilda Swinton turned down the role she was offered in Constantine.,"Constantine is a 2005 American-German occult detective action horror film directed by Francis Lawrence as his feature film directorial debut , starring Keanu Reeves as John Constantine , with Rachel Weisz , Shia LaBeouf , Tilda Swinton , Pruitt Taylor Vince , and Djimon Hounsou . Francis Lawrence Francis Lawrence Keanu Reeves Keanu Reeves Rachel Weisz Rachel Weisz Shia LaBeouf Shia LaBeouf Tilda Swinton Tilda Swinton Pruitt Taylor Vince Pruitt Taylor Vince Djimon Hounsou Djimon Hounsou occult detective Occult detective fiction action action film horror film horror film feature film directorial debut List of directorial debuts John Constantine John Constantine",REFUTES
Maggie Gyllenhaal starred in Harold and Maude.,,NEI
R. Madhavan was the producer of Evano Oruvan.,"He has also worked as a film producer , first making Evano Oruvan with Leukos Films , before setting up Tricolour Films to produce Saala Khadoos -LRB- 2016 -RRB- . Evano Oruvan Evano Oruvan Saala Khadoos Irudhi Suttru",SUPPORTS
Michael Caine starred in Twilight.,,NEI
Michael McCullers worked with Maz Jobrani.,,NEI
Tom Cruise was in an American romantic film.,"After portraying supporting roles in Taps -LRB- 1981 -RRB- and The Outsiders -LRB- 1983 -RRB- , his first leading role was in the romantic comedy Risky Business , released in August 1983 . Taps Taps (film) The Outsiders The Outsiders (film) romantic comedy romantic comedy Risky Business Risky Business Risky Business is a 1983 American romantic comedy film written and directed by Paul Brickman , making his directorial debut . Paul Brickman Paul Brickman romantic comedy film romantic comedy film directorial debut List of directorial debuts He started his career at age 19 in the film Endless Love -LRB- 1981 -RRB- . Endless Love Endless Love (1981 film) Endless Love is a 1981 American romantic drama film based on Scott Spencer 's 1979 novel of the same name . Endless Love Endless Love (song) Scott Spencer Scott Spencer (author) romantic romance film drama film drama film In the 2000s , Cruise starred in a number of successful films , including the science fiction thrillers Vanilla Sky -LRB- 2001 -RRB- and Minority Report -LRB- 2002 -RRB- , the epic war film The Last Samurai -LRB- 2003 -RRB- , the crime film Collateral -LRB- 2004 -RRB- , the science fiction disaster thriller War of the Worlds -LRB- 2005 -RRB- , and the historical thriller Valkyrie -LRB- 2008 -RRB- . Vanilla Sky Vanilla Sky Minority Report Minority Report (film) The Last Samurai The Last Samurai crime film crime film Collateral Collateral (film) War of the Worlds War of the Worlds (2005 film) Valkyrie Valkyrie (film)",SUPPORTS
Christopher Lee was a Catholic.,,NEI
Ulysses S. Grant was a Senator of the United States.,,NEI
Audra McDonald has appeared in every Broadway musical except Ragtime.,"She has appeared on the stage in both musicals and dramas , such as Ragtime , A Raisin in the Sun , and Porgy and Bess . Ragtime Ragtime (musical) A Raisin in the Sun A Raisin in the Sun Porgy and Bess Porgy and Bess",REFUTES
Sheds can vary in characteristics.,,NEI
Prisoner is a soap bar.,"Prisoner is an Australian soap opera set in the Wentworth Detention Centre , a fictional women 's prison . soap opera soap opera Wentworth Wentworth (TV series)",REFUTES
Emma is based on a play from 1780.,Jane Austen 's Emma is an adaptation of the 1815 novel of the same name . Emma Emma (1996 theatrical film) Jane Austen Jane Austen novel of the same name Emma (novel),REFUTES
The Promise was released in the US by an American film company.,"The film premiered on September 11 , 2016 , at the Toronto International Film Festival and was released in the United States on April 21 , 2017 , by Open Road Films . Open Road Films Open Road Films Toronto International Film Festival 2016 Toronto International Film Festival Open Road Films -LRB- or simply Open Road -RRB- is an American film production and distribution company based in Los Angeles , California . film film",SUPPORTS
New Horizons is a country.,New Horizons is an interplanetary space probe that was launched as a part of NASA 's New Frontiers program . NASA NASA New Frontiers program New Frontiers program space probe space probe,REFUTES
Rich Girl (Gwen Stefani song) was nominated for an award at an awards show.,,SUPPORTS
Nord-du-Québec is a region of Quebec in the north.,"Parti Québécois governments held referendums on sovereignty in 1980 and 1995 ; both were voted down by voters , the latter defeated by a very narrow margin . Québécois Québécois people Parti Québécois Parti Québécois governments Government of Quebec sovereignty sovereignty 1980 Quebec referendum, 1980 1995 Quebec referendum, 1995",SUPPORTS
David Carradine was nominated for four Golden Globe Awards.,Films that featured Carradine continued to be released after his death .,SUPPORTS
Avatar: The Last Airbender aired from 2002 to 2008.,Avatar : The Last Airbender -LRB- Avatar : The Legend of Aang in some regions -RRB- is an American animated television series that aired for three seasons -LRB- referred to as `` books '' in each episode 's title card -RRB- on Nickelodeon from 2005 to 2008 . Nickelodeon Nickelodeon three seasons List of Avatar: The Last Airbender episodes title card Intertitle Aang Aang The Last Airbender The Last Airbender,REFUTES
Paul Pierce played basketball for the Boston Celtics.,"After nine seasons of leading the Celtics as their sole star player , Pierce combined with Kevin Garnett and Ray Allen in 2007 to form a `` Big Three '' that together led Boston to the NBA Finals in 2008 and 2010 , winning the 2008 NBA Championship . 2008 2007–08 NBA season 2010 2009–10 NBA season Kevin Garnett Kevin Garnett Ray Allen Ray Allen NBA Finals NBA Finals 2008 NBA Championship 2008 NBA Finals Paul Anthony Pierce -LRB- born October 13 , 1977 -RRB- is an American former professional basketball player who played 19 seasons in the National Basketball Association -LRB- NBA -RRB- . basketball basketball National Basketball Association National Basketball Association He holds the Celtics ' record for most three-point field goals made and also ranks third in team history in games played , second in points scored , seventh in total rebounds , fifth in total assists , and first in total steals . The 2008 NBA Playoffs started on Saturday , April 19 , 2008 and ran until Tuesday , June 17 when the Boston Celtics defeated the Los Angeles Lakers 131 -- 92 to win the 2008 NBA Finals , four games to two . Boston Celtics Boston Celtics Los Angeles Lakers Los Angeles Lakers Boston Boston Celtics 2008 NBA Playoffs 2008 NBA Playoffs 2008 NBA Finals 2008 NBA Finals The Bill Russell NBA Finals Most Valuable Player Award -LRB- formerly known as the NBA Finals Most Valuable Player Award -RRB- is an annual National Basketball Association -LRB- NBA -RRB- award given since the 1969 NBA Finals . National Basketball Association National Basketball Association 1969 NBA Finals 1969 NBA Finals Finals NBA Finals NBA Finals NBA Finals Bill Russell Bill Russell",SUPPORTS
Star Trek had a one-disc version.,"The Star Trek film series is the cinematic branch of the Star Trek media franchise , which began in 1966 as a weekly television series on NBC , running for three seasons until it was canceled in 1969 because of poor ratings . Star Trek Star Trek (film) media franchise media franchise television series Star Trek: The Original Series NBC NBC",SUPPORTS
Henry VIII of England had personal extravagance and was criticized.,"He was an author and composer . As he aged , Henry became severely obese and his health suffered , contributing to his death in 1547 .",SUPPORTS
Terminator Salvation is a film about a British-born Australian actor.,"It focuses on the war between Skynet 's machine network and humanity ; the remnants of the world 's military have organized as the Resistance , fighting against Skynet 's killing machines . Skynet Skynet (Terminator)",REFUTES
Fairfield Grammar School was always called Fairfield Grammar School.,"Fairfield Grammar School was a secondary school in Bristol , England , founded in 1898 as Fairfield Secondary and Higher Grade School . Bristol Bristol secondary school secondary school",REFUTES
"Neymar was born on February 5th, 1992.","Neymar da Silva Santos Júnior -LRB- -LSB- nejˈmaʁ dɐ ˈsiwvɐ ˈsɐ̃tus ˈʒũɲoʁ -RSB- ; born 5 February 1992 -RRB- , commonly known as Neymar or Neymar Jr. , is a Brazilian professional footballer who plays as a forward for Spanish club FC Barcelona and the Brazil national team . Barcelona FC Barcelona Santos Santos FC Brazil Brazil national football team footballer Association football forward Forward (association football) FC Barcelona FC Barcelona Brazil national team Brazil national football team",SUPPORTS
Justin Timberlake's state of birth is Tennessee.,"Born and raised in Tennessee , he appeared on the television shows Star Search and The All-New Mickey Mouse Club as a child . Tennessee Tennessee Star Search Star Search The All-New Mickey Mouse Club The Mickey Mouse Club#1989–1990s revival, The All-New Mickey Mouse Club)",SUPPORTS
Reese Witherspoon owns a company.,,SUPPORTS
The Academy Honorary Award is given by an organization also known as BAFTA.,,NEI
"Kenny Rogers is featured in the poll of ""The 200 Most Influential Country Albums Ever.''","The first single from the album , `` I Ca n't Unlove You , '' was also a sizable chart hit .",SUPPORTS
Kristen Bell is a director.,,NEI
The Beach Boys had thirty-six Canadian Top 40 hits.,,NEI
Christina Applegate is an American actress.,"Christina Applegate -LRB- born November 25 , 1971 -RRB- is an American actress and dancer who as an adolescent actress started playing the role of Kelly Bundy on the Fox sitcom Married ... with Children -LRB- 1987 -- 97 -RRB- . Kelly Bundy Kelly Bundy Fox Fox Broadcasting Company",SUPPORTS
Francois de Belleforest translated the works of Lodovico Guicciardini for Goethe.,,NEI
Calvin Harris is a farmer.,,NEI
Absolute Beginners featured Patsy Cline.,,NEI
Michelle Rodriguez played Ana Lucia Cortez in The Wire.,,NEI
Gustave Eiffel had a complete lack of interest in aerodynamics research.,"After his retirement from engineering , Eiffel focused on research into meteorology and aerodynamics , and making significant contributions in both fields . meteorology meteorology aerodynamics aerodynamics",REFUTES
Reba McEntire exclusively sang on cruise ships.,"She began her career in the music industry as a high school student singing in the Kiowa High School band , on local radio shows with her siblings , and at rodeos . music industry Music of the United States While a sophomore in college , she performed the National Anthem at the National Rodeo in Oklahoma City and caught the attention of country artist Red Steagall who brought her to Nashville , Tennessee . Red Steagall Red Steagall country Country music Oklahoma City Oklahoma City",REFUTES
Christopher Marlowe is a linguist.,,NEI
Kristofer Hivju is an actor.,"Kristofer Hivju -LRB- born December 7 , 1978 -RRB- is a Norwegian film actor , producer , and writer . Norwegian Norwegians",SUPPORTS
Usher's sophomore album is not My Way.,"He rose to fame in the late 1990s with the release of his sophomore album My Way -LRB- 1997 -RRB- , which spawned his first U.S. Billboard Hot 100 number-one single , `` Nice & Slow '' , amongst top-two singles `` You Make Me Wan na ... '' and `` My Way '' . My Way My Way (Usher song) Nice & Slow Nice & Slow Billboard Billboard (magazine) Hot 100 Billboard Hot 100",REFUTES
Sue Bird played in the NHL.,,NEI
The BFCA gave Deadpool two awards.,,NEI
The Dark Knight Rises' filming took place in Dublin.,,NEI
Father of the Bride was written by Steve Martin.,,NEI
Didier Drogba works for an all-time top scorer.,,NEI
Ronda Rousey was in a James Wan film.,Furious 7 -LRB- alternatively known as Fast & Furious 7 and Fast 7 -RRB- is a 2015 American action film directed by James Wan and written by Chris Morgan . James Wan James Wan Chris Morgan Chris Morgan (writer) action film action film,SUPPORTS
Jennifer Aniston and Brad Pitt have been divorced for five years.,,NEI
Timber is a song that was released in 2013.,"The song was released on October 7 , 2013 , as the lead single from Pitbull 's extended play -LRB- EP -RRB- Meltdown . Pitbull Pitbull (rapper) Meltdown Meltdown (EP) lead single lead single extended play extended play",SUPPORTS
Gone with the Wind (novel) was written by Margaret Mitchell and published in 1976.,"Gone with the Wind is a novel by American writer Margaret Mitchell , first published in 1936 . Margaret Mitchell Margaret Mitchell",REFUTES
Youtube is a cloud based service.,,NEI
Mithun Chakraborty is a silent film actor.,,NEI
"Floyd Mayweather Jr. was born on February 14, 1977.","Floyd Joy Mayweather Jr. -LRB- born Floyd Joy Sinclair ; February 24 , 1977 -RRB- is an American former professional boxer who competed from 1996 to 2015 , and currently works as a boxing promoter . professional boxer professional boxer promoter promoter (entertainment)",REFUTES
Count Basie took his group to a city in the 20th century.,"Many musicians came to prominence under his direction , including the tenor saxophonists Lester Young and Herschel Evans , the guitarist Freddie Green , trumpeters Buck Clayton and Harry `` Sweets '' Edison and singers Jimmy Rushing and Joe Williams . Lester Young Lester Young Herschel Evans Herschel Evans Freddie Green Freddie Green Buck Clayton Buck Clayton Jimmy Rushing Jimmy Rushing Joe Williams Joe Williams (jazz singer)",SUPPORTS
"In 1898, Fairfield Grammar School was founded.","Fairfield Grammar School was a secondary school in Bristol , England , founded in 1898 as Fairfield Secondary and Higher Grade School . Bristol Bristol secondary school secondary school",SUPPORTS
As You Like It is a film that stars Dallas Howard.,,NEI
Rajon Rondo is a defensive basketball player.,"He is a four-time NBA All-Star , and a four-time NBA All-Defensive Team member . NBA National Basketball Association NBA All-Star NBA All-Star NBA All-Defensive Team NBA All-Defensive Team The NBA All-Defensive Team is an annual National Basketball Association -LRB- NBA -RRB- honor given since the 1968 -- 69 NBA season to the best defensive players during the regular season . National Basketball Association National Basketball Association",SUPPORTS
Halle Berry has a child by artificial insemenation.,,NEI
David Schwimmer was not in The Wonder Years.,"His first leading film role was in The Pallbearer -LRB- 1996 -RRB- , followed by roles in Kissing a Fool -LRB- 1998 -RRB- , Six Days , Seven Nights -LRB- 1998 -RRB- , Apt Pupil , and Picking Up the Pieces -LRB- 2000 -RRB- . The Pallbearer The Pallbearer Kissing a Fool Kissing a Fool Apt Pupil Apt Pupil (film) Picking Up the Pieces Picking Up the Pieces (film)",REFUTES
Fernando Alonso was born in 1981.,Fernando Alonso Díaz -LRB- born 29 July 1981 -RRB- is a Spanish Formula One racing driver and a double World Champion who is currently racing for McLaren-Honda . McLaren McLaren Honda Honda in Formula One Spanish Formula One racing driver Formula One drivers from Spain Formula One Formula One,SUPPORTS
Zendaya's full legal name is Zendaya Maree Stoermer Coleman.,"Zendaya Maree Stoermer Coleman -LRB- born September 1 , 1996 -RRB- , known mononymously as Zendaya -LRB- -LSB- zɛnˈdeɪ.ə -RSB- -RRB- , is an American actress , singer , and dancer . mononymously Mononymous person",SUPPORTS
The Lion is prey of the family Felidae.,,NEI
Poland is located in Europe.,"Poland -LRB- Polska -LSB- ˈpɔlska -RSB- -RRB- , officially the Republic of Poland -LRB- -LSB- Rzeczpospolita Polska , links = no -RSB- , -RRB- , is a parliamentary republic in Central Europe . parliamentary republic parliamentary republic Republic of Poland History of Poland (1989–present) Rzeczpospolita Rzeczpospolita Central Europe Central Europe With a population of over 38.5 million people , Poland is the sixth most populous member state of the European Union . European Union European Union member state of the European Union member state of the European Union",SUPPORTS
Logic has no alternate identities.,"Sir Robert Bryson Hall II -LRB- born January 22 , 1990 -RRB- , known by his stage name Logic , is an American rapper , singer , songwriter , and record producer .",REFUTES
Yardie was published by Tor.,,NEI
Dan Martin is Canadian.,"Daniel `` Dan '' Martin -LRB- born 20 August 1986 -RRB- is an Irish professional road racing cyclist who rides for UCI ProTeam . road racing cyclist road racing cyclist UCI ProTeam UCI ProTeam Born and raised in England , Martin has competed for Ireland since 2006 .",REFUTES
Alexander Lukashenko has been in office since 20 August.,,NEI
Dawn of the Planet of the Apes is a sequel to Rise of the Planet of the Apes.,"It is the sequel to the 2011 film Rise of the Planet of the Apes , which began 20th Century Fox 's reboot of the original Planet of the Apes series . Planet of the Apes Planet of the Apes 20th Century Fox 20th Century Fox Rise of the Planet of the Apes Rise of the Planet of the Apes",SUPPORTS
Fred Savage was born in a van.,,NEI
Justinian I was a Byzantine emperor from 527 to 565.,"Justinian I -LRB- -LSB- dʒʌˈstɪniən -RSB- Flavius Petrus Sabbatius Iustinianus Augustus Φλάβιος Πέτρος Σαββάτιος Ἰουστινιανός Flávios Pétros Sabbátios Ioustinianós -RRB- -LRB- 482 14 November 565 -RRB- , traditionally known as Justinian the Great and also Saint Justinian the Great in the Eastern Orthodox Church , was a Byzantine -LRB- East Roman -RRB- emperor from 527 to 565 . Justinian Justinian dynasty Eastern Orthodox Church Eastern Orthodox Church",SUPPORTS
Bronson (film) is a work.,Bronson is a 2008 British fictionalized biographical crime film co-written and directed by Nicolas Winding Refn and starring Tom Hardy . Nicolas Winding Refn Nicolas Winding Refn Tom Hardy Tom Hardy biographical Biographical film crime crime film,SUPPORTS
Oh Yeon-seo was born in July.,"Oh Yeon-seo -LRB- born Oh Haet-nim , on June 22 , 1987 -RRB- , is a South Korean actress and former member of South Korean girl group , LUV . LUV LUV (South Korean band)",REFUTES
"In 2011, one player of professional football was Romelu Lukaku.","Lukaku made his senior international debut for Belgium in 2010 , and has since earned over 50 caps . Belgium Belgium national football team",SUPPORTS
Logic is a Guitarist.,,NEI
Luke Evans did not star in a Disney film.,,SUPPORTS
John Malkovich starred in an action movie.,"For his roles in Places in the Heart and In the Line of Fire , he received Academy Award nominations . Places in the Heart Places in the Heart In the Line of Fire In the Line of Fire Academy Award Academy Award In the Line of Fire is a 1993 American action thriller film , directed by Wolfgang Petersen and starring Clint Eastwood , John Malkovich and Rene Russo . Clint Eastwood Clint Eastwood John Malkovich John Malkovich Rene Russo Rene Russo Wolfgang Petersen Wolfgang Petersen action action film thriller film thriller film He has also appeared in films such as Empire of the Sun , The Killing Fields , Con Air , Of Mice and Men , Rounders , Ripley 's Game , Knockaround Guys , Being John Malkovich , Shadow of the Vampire , Burn After Reading , RED , Mulholland Falls , Dangerous Liaisons , and Warm Bodies , as well as producing films such as Ghost World , Juno , and The Perks of Being a Wallflower . Empire of the Sun Empire of the Sun (film) The Killing Fields The Killing Fields (film) Con Air Con Air Of Mice and Men Of Mice and Men (1992 film) Rounders Rounders (film) Knockaround Guys Knockaround Guys Being John Malkovich Being John Malkovich Shadow of the Vampire Shadow of the Vampire Burn After Reading Burn After Reading RED RED (2010 film) Mulholland Falls Mulholland Falls Dangerous Liaisons Dangerous Liaisons Warm Bodies Warm Bodies (film) Ghost World Ghost World (film) Juno Juno (film) The Perks of Being a Wallflower The Perks of Being a Wallflower (film) Con Air is a 1997 American action film directed by Simon West , written by Scott Rosenberg , and produced by Jerry Bruckheimer , producer of The Rock . Simon West Simon West Jerry Bruckheimer Jerry Bruckheimer Scott Rosenberg Scott Rosenberg action film action film The Rock The Rock (film) The film stars Nicolas Cage , John Cusack , and John Malkovich alongside Steve Buscemi , Colm Meaney , Mykelti Williamson , Ving Rhames , Nick Chinlund , Jesse Borrego , Jose Zuniga , and Monica Potter . Nicolas Cage Nicolas Cage John Cusack John Cusack John Malkovich John Malkovich Steve Buscemi Steve Buscemi Ving Rhames Ving Rhames Colm Meaney Colm Meaney Mykelti Williamson Mykelti Williamson Nick Chinlund Nick Chinlund Jesse Borrego Jesse Borrego Jose Zuniga Jose Zuniga Monica Potter Monica Potter",SUPPORTS
Jack Nicholson is an amateur actor.,"He played Jack Torrance in Stanley Kubrick 's horror film The Shining -LRB- 1980 -RRB- , the Joker in Tim Burton 's superhero film Batman -LRB- 1989 -RRB- , and Frank Costello in Martin Scorsese 's neo-noir crime drama The Departed -LRB- 2006 -RRB- . Jack Torrance Jack Torrance Stanley Kubrick Stanley Kubrick The Shining The Shining (film) the Joker Joker (comics) Tim Burton Tim Burton Batman Batman (1989 film) Martin Scorsese Martin Scorsese The Departed The Departed Nicholson is one of only two actors to be nominated for an Academy Award for acting in every decade from the 1960s to the 2000s ; the other is Michael Caine . Academy Award Academy Award Michael Caine Michael Caine Nicholson is one of three male actors to win three Academy Awards . male actors to win three Academy Awards List of actors with two or more Academy Awards in acting categories He also won the Academy Award for Best Supporting Actor for the comedy-drama Terms of Endearment -LRB- 1983 -RRB- . Academy Award Academy Award Academy Award for Best Supporting Actor Academy Award for Best Supporting Actor Terms of Endearment Terms of Endearment John Joseph `` Jack '' Nicholson -LRB- born April 22 , 1937 -RRB- is an American actor and filmmaker , who has performed for over 60 years .",REFUTES
True Blood is set outside of Louisiana.,"The show was broadcast on the premium cable network HBO , in the United States , and was produced by HBO in association with Ball 's production company , Your Face Goes Here Entertainment . HBO HBO",REFUTES
Roger Federer is a player of tennis.,"Roger Federer -LRB- born 8 August 1981 -RRB- is a Swiss professional tennis player . tennis tennis He is among the eight men to capture a career Grand Slam . Grand Slam Grand Slam (tennis) career Grand Slam Grand Slam (tennis)#Career Grand Slam The ATP Rankings are the Association of Tennis Professionals ' -LRB- ATP -RRB- merit-based method for determining the rankings in men 's tennis . ATP Rankings ATP Rankings Association of Tennis Professionals Association of Tennis Professionals tennis tennis rankings World number one male tennis player rankings This article details the list of men 's singles Grand Slam tournaments tennis champions . Grand Slam Grand Slam (tennis) tennis tennis He has reached a record 28 men 's singles Grand Slam finals , including 10 in a row from the 2005 Wimbledon Championships to the 2007 US Open . 2007 2007 Tennis Masters Cup#Singles 2005 2005 US Open – Men's Singles Grand Slam Grand Slam (tennis) Wimbledon The Championships, Wimbledon US Open US Open (tennis) 2005 Wimbledon Championships 2005 Wimbledon Championships 2007 US Open 2007 US Open (tennis)",SUPPORTS
Constantine is based on DC Comics' Hellblazer comic book.,"With a screenplay by Kevin Brodbin and Frank Cappello , the film is based on DC Comics ' Hellblazer comic book , with plot elements taken from the `` Dangerous Habits '' story arc -LRB- issues # 4146 -RRB- and the `` Original Sins '' story arc . Kevin Brodbin Kevin Brodbin Frank Cappello Frank Cappello DC Comics DC Comics Hellblazer Hellblazer Dangerous Habits Dangerous Habits",SUPPORTS
Hugh Grant was incapable of being in the film Mickey Blue Eyes.,"Grant used this breakthrough role as a frequent cinematic persona during the 1990s , delivering comic performances in films such as Mickey Blue Eyes -LRB- 1999 -RRB- and Notting Hill -LRB- 1999 -RRB- . Mickey Blue Eyes Mickey Blue Eyes Notting Hill Notting Hill (film)",REFUTES
"Fergie has a fragrance called ""Outspoken"".","As Ferguson 's five solo singles and six singles with The Black Eyed Peas have reached two million downloads in the United States , Ferguson was the artist with the most two-million sellers by the beginning of 2011 . The Black Eyed Peas The Black Eyed Peas",SUPPORTS
Spider-Man (2002 film) stars Tobey Maguire.,"Based on the Marvel Comics character of the same name , the film stars Tobey Maguire as Peter Parker , a high school student living in New York City , who turns to crimefighting after developing spider-like super powers . Tobey Maguire Tobey Maguire Marvel Comics Marvel Comics of the same name Spider-Man New York City New York City Marvel Marvel Comics",SUPPORTS
Super Street Fighter II Turbo is a singing only game.,"Super Street Fighter II Turbo , released in Japan as , is a competitive fighting game released for the arcades by Capcom in . Capcom Capcom Street Fighter Street Fighter Japan Japan fighting game fighting game arcades arcade game Street Fighter II Street Fighter II A remake of the game was released for the PlayStation 3 and Xbox 360 titled Super Street Fighter II Turbo HD Remix . Street Fighter Street Fighter PlayStation PlayStation Street Fighter II Street Fighter II PlayStation 3 PlayStation 3 Xbox 360 Xbox 360 Super Street Fighter II Turbo HD Remix Super Street Fighter II Turbo HD Remix",REFUTES
Evolution was released on a mountain.,,NEI
The Secret Life of Us has aired in Northern France.,,NEI
Extreme environments can only be caused by humans.,"These conditions may be extremely high or low temperature or pressure ; high or low content of oxygen or carbon dioxide in the atmosphere ; high levels of radiation , acidity , or alkalinity ; absence of water ; water containing a high concentration of salt or sugar ; presence of sulphur , petroleum , and other toxic substances . temperature temperature pressure pressure oxygen oxygen carbon dioxide carbon dioxide atmosphere atmosphere radiation radiation acidity acidity alkalinity alkalinity sulphur sulphur petroleum petroleum toxic toxic",REFUTES
Slovakia is a three-year member of the OECD.,,NEI
Reddit had a funding round that included a territory.,,NEI
Sunburn was released by Universal Pictures.,"The film was released on August 10 , 1979 , by Paramount Pictures . Paramount Pictures Paramount Pictures",REFUTES
Chris Evans (actor) is the director of traffic.,,REFUTES
There weren't enough lifeboats on the Titanic for all the crew.,,NEI
Jeff Goldblum is a performer.,"Jeffrey Lynn Goldblum -LRB- -LSB- ˈɡoʊldbluːm -RSB- born October 22 , 1952 -RRB- is an American actor who has received nominations for an Oscar , an Emmy , a Genie and a Drama Desk Award throughout his career and is best known for starring in the highest-grossing films of his era , Jurassic Park -LRB- 1993 -RRB- and Independence Day -LRB- 1996 -RRB- , as well as their respective sequels , The Lost World : Jurassic Park -LRB- 1997 -RRB- , Independence Day : Resurgence -LRB- 2016 -RRB- , and Jurassic World 2 -LRB- 2018 -RRB- . actor actor Oscar Academy Award Emmy Emmy Genie Genie Awards Drama Desk Award Drama Desk Award the highest-grossing films List of highest-grossing films Independence Day Independence Day (1996 film) Jurassic World 2 Jurassic World 2 He has been cast as Grandmaster in the Marvel Cinematic Universe film Thor : Ragnarok . Grandmaster Grandmaster (Marvel Comics) Marvel Cinematic Universe Marvel Cinematic Universe",SUPPORTS
Role-playing games consist of live action RPGs.,,NEI
Khal Drogo is an entry level soldier of the Dothraki.,,REFUTES
Judith Barsi appeared in seven American-made thriller films in 1984.,,NEI
Turn: Washington's Spies has always been in existence.,"The series debuted on AMC on April 6 , 2014 . AMC AMC (TV channel)",REFUTES
Sally Field was never nominated for Golden Globe awards.,"She later received Golden Globe Award nominations for her performances in Absence of Malice -LRB- 1981 -RRB- and Kiss Me Goodbye -LRB- 1982 -RRB- , before receiving her second Academy Award for Best Actress for Places in the Heart -LRB- 1984 -RRB- . Academy Award for Best Actress Academy Award for Best Actress Absence of Malice Absence of Malice Kiss Me Goodbye Kiss Me Goodbye (film) Places in the Heart Places in the Heart",REFUTES
Ruth Negga has been nominated for a Grammy.,,NEI
Transformers: The Last Knight only stars Jim Carrey.,"The film was directed by Michael Bay , with Mark Wahlberg and Stanley Tucci reprising their roles from Age of Extinction alongside Josh Duhamel , Tyrese Gibson , and John Turturro from the first three movies . Michael Bay Michael Bay Mark Wahlberg Mark Wahlberg Stanley Tucci Stanley Tucci Josh Duhamel Josh Duhamel Tyrese Gibson Tyrese Gibson John Turturro John Turturro",REFUTES
One Direction's Where We Are Tour grossed more than any other tour by a vocal group.,,SUPPORTS
Iron Fist is an online television series.,,NEI
84 Charing Cross Road starred Anne Bancroft.,,SUPPORTS
Margaret Brown goes by zero other names.,"Margaret `` Maggie '' Brown -LRB- née Tobin -RRB- -LRB- July 18 , 1867 -- October 26 , 1932 -RRB- -LRB- posthumously known as `` The Unsinkable Molly Brown '' -RRB- was an American socialite and philanthropist . American socialite socialite During her lifetime , her friends called her `` Maggie '' , but even by her death , obituaries referred to her as the `` Unsinkable Mrs. Brown '' .",REFUTES
Ezra Edelman is American.,"Ezra Benjamin Edelman -LRB- born August 6 , 1974 -RRB- is an American documentary producer and director . producer television producer director television director",SUPPORTS
Jordan Peele is a Wisconsinite.,,NEI
Pablo Fenjves ghostwrote for a German.,,NEI
North Korea is barely bordered by the Tumen River.,"In 1910 , Korea was annexed by the Empire of Japan . Japan Empire of Japan annexed by the Empire of Japan Korea under Japanese rule",SUPPORTS
Famous in Love failed to star any actors.,"The series stars Bella Thorne , Charlie DePew , Georgie Flores , Carter Jenkins , Niki Koss , Keith Powers , Pepi Sonuga , and Perrey Reeves . Bella Thorne Bella Thorne Carter Jenkins Carter Jenkins Keith Powers Keith Powers Perrey Reeves Perrey Reeves Annabella Avery Thorne -LRB- born October 8 , 1997 -RRB- is an American actress and singer .",REFUTES
Italy is part of the the United Kingdom,,NEI
Patrick Bateman is the villain protagonist of the American Psycho movie.,"Patrick Bateman is a fictional character , the villain protagonist and narrator of the novel American Psycho by Bret Easton Ellis , and its film adaptation . Bret Easton Ellis Bret Easton Ellis American Psycho American Psycho American United States narrator narrator film adaptation American Psycho (film)",SUPPORTS
"Anil Kapoor was only in the third season of ""24"".",,REFUTES
Tall Story is a 1960 film.,"Tall Story is a 1960 American romantic comedy film made by Warner Bros. , directed by Joshua Logan and starring Anthony Perkins with Jane Fonda , in her first screen role , at the age of 22 . Joshua Logan Joshua Logan Anthony Perkins Anthony Perkins Jane Fonda Jane Fonda 1960 1960 in film romantic comedy romantic comedy",SUPPORTS
Iggy Azalea released a mixtape called Quebec.,,NEI
R. Kelly wrote a song for the soundtrack of Space Jam.,"In 1998 , Kelly won three Grammy Awards for `` I Believe I Can Fly '' . I Believe I Can Fly I Believe I Can Fly Grammy Grammy Award `` I Believe I Can Fly '' is a 1996 song written , produced and performed by American singer R. Kelly from the soundtrack to the 1996 film Space Jam . R. Kelly R. Kelly Space Jam Space Jam",SUPPORTS
Tipper Gore was married to 45th Vice President Al Gore.,"Mary Elizabeth `` Tipper '' Gore -LRB- née Aitcheson ; born August 19 , 1948 -RRB- is an author , photographer , and social issues advocate who was Second Lady of the United States from 1993 to 2001 , and the wife of Al Gore , the 45th Vice President of the United States , from whom she is currently separated . Second Lady of the United States Second Lady of the United States Al Gore Al Gore Vice President of the United States Vice President of the United States",SUPPORTS
WeChat has a communication tool.,"WeChat is a Chinese social media -LRB- instant messaging , commerce and payment services -RRB- application developed by Tencent . instant messaging instant messaging Tencent Tencent Instant messaging -LRB- IM -RRB- is a type of online chat that offers real-time text transmission over the Internet . online chat online chat real-time text real-time text Internet Internet",SUPPORTS
The Nilotic languages have speakers in Tanzania.,"The Nilotic languages are a group of Eastern Sudanic languages spoken across a wide area between South Sudan and Tanzania by the Nilotic peoples , who traditionally practice cattle-herding . South Sudan South Sudan Sudan Sudan Tanzania Tanzania Eastern Sudanic Eastern Sudanic languages Eastern Sudanic languages Eastern Sudanic languages Nilotic peoples Nilotic peoples cattle-herding Pastoralism",SUPPORTS
Above the Law's producers are Andrew David and Steven Seagal.,,NEI
Guardians of the Galaxy was released online.,,NEI
Marilyn Monroe is very popular.,,NEI
"In 2009, the Museum of Science and Industry had attendees.",,SUPPORTS
Iggy Azalea signed a recording contract in 2012.,"She signed a recording contract with American rapper T.I. 's Grand Hustle Records imprint in 2012 , after gaining attention from her first full-length project , a mixtape titled Ignorant Art . Grand Hustle Grand Hustle Records Grand Hustle Records Grand Hustle Records Ignorant Art Ignorant Art",SUPPORTS
In Too Deep is a 1999 American crime thriller person.,"In Too Deep is a 1999 American crime thriller film directed by Michael Rymer from a screenplay written by Michael Henry Brown and Paul Aaron . Michael Rymer Michael Rymer 1999 1999 in film American Cinema of the United States crime Crime film thriller film thriller film The film stars Omar Epps , LL Cool J , Stanley Tucci with Pam Grier and Nia Long . Omar Epps Omar Epps LL Cool J LL Cool J Nia Long Nia Long Stanley Tucci Stanley Tucci Pam Grier Pam Grier",REFUTES
Newfoundland and Labrador contains the island Puerto Rico.,"Newfoundland and Labrador -LRB- -LSB- uːfənˈlænd_ən_ˈlæbrədɔːr -RSB- , Terre-Neuve-et-Labrador Akamassiss Newfoundland Irish : Talamh an Éisc agus Labradar -RRB- is the most easterly province of Canada . Irish Newfoundland Irish Newfoundland Irish Newfoundland Irish province provinces and territories of Canada Canada Canada Newfoundland Newfoundland (island) Labrador Labrador The province is Canada 's most linguistically homogeneous , with 97.6 % of residents reporting English -LRB- Newfoundland English -RRB- as their mother tongue in the 2006 census . English English language province provinces and territories of Canada Canada Canada Newfoundland Newfoundland (island) Newfoundland English Newfoundland English A former colony and then dominion of the United Kingdom , Newfoundland gave up its independence in 1933 , following significant economic distress caused by the Great Depression and the aftermath of Newfoundland 's participation in World War I . A List of A Postal Codes of Canada Newfoundland Newfoundland (island) colony Newfoundland Colony dominion Dominion of Newfoundland Great Depression Great Depression World War I World War I",REFUTES
Equidae has some species that are only known from fossils.,"Equidae -LRB- sometimes known as the horse family -RRB- is the taxonomic family of horses and related animals , including the extant horses , donkeys , and zebras , and many other species known only from fossils . taxonomic Taxonomy (biology) family Family (biology) horse horse species species extant Extant taxon",SUPPORTS
The capital of British Columbia is Toronto.,"Notably , the Tsilhqot ` in Nation has established Aboriginal title to a portion of their territory , as a result of the recent Supreme Court of Canada decision -LRB- William -LSB- Tsilhqot ` in Nation -RSB- v. British Columbia -RRB- . Canada Canada",REFUTES
Tony Blair negotiated agreements in the Northern Ireland peace process of the 1990s.,,NEI
"On March 10, 2017, The Vampire Diaries concluded.","The series premiered on The CW on September 10 , 2009 and concluded on March 10 , 2017 , airing 171 episodes over eight seasons . The CW The CW",SUPPORTS
Gone with the Wind was well received.,"The film was immensely popular , becoming the highest-earning film made up to that point , and retained the record for over a quarter of a century . highest-earning film made up to that point Timeline of highest-grossing films",SUPPORTS
Diego Costa does exercises as a striker.,,NEI
Richard Branson's Virgin brand did not grow rapidly during the 1980s.,"For his work in retail , music and transport -LRB- with interests in land , air , sea and space travel -RRB- , his taste for adventure , and for his humanitarian work , he became one of the most prominent figures in British culture . British culture British culture",REFUTES
Megan Fox worked with Patricia Arquette.,,NEI
Jaime Lannister is a character.,"Jaime Lannister is a fictional character in the A Song of Ice and Fire series of fantasy novels by American author George R. R. Martin , and its television adaptation Game of Thrones . A Song of Ice and Fire A Song of Ice and Fire Game of Thrones Game of Thrones George R. R. Martin George R. R. Martin fictional character fictional character fantasy fantasy",SUPPORTS
Lamniformes include a rare species of shallow water shark.,"It includes some of the most familiar species of sharks , such as the great white shark , as well as more unusual representatives , such as the goblin shark and the megamouth shark . shark shark great white shark great white shark goblin shark goblin shark megamouth shark megamouth shark The great white shark -LRB- Carcharodon carcharias -RRB- , also known as the great white , white pointer , white shark , or white death , is a species of large mackerel shark which can be found in the coastal surface waters of all the major oceans . mackerel shark Lamniformes species species Carcharodon Carcharodon",SUPPORTS
Eurojust is an agency of the European Union.,Eurojust -LRB- also spelled capitalised as EUROJUST -RRB- is an agency of the European Union -LRB- EU -RRB- dealing with judicial co-operation in criminal matters . European Union European Union agency of the Agencies of the European Union judicial judicial,SUPPORTS
Eazy-E was born in 1990.,"Eric Lynn Wright -LRB- September 7 , 1964March 26 , 1995 -RRB- , better known by his stage name Eazy-E , was an American rapper who performed solo and in the hip hop group N.W.A. Wright is affectionately called `` The Godfather of Gangsta rap '' . Gangsta rap Gangsta rap N.W.A N.W.A rapper Rapping hip hop Hip hop music",REFUTES
"In September 1932, the Poona Pact was signed.","The Poona Pact refers to an agreement between Dr. Babasaheb Ambedkar and Mahatma Gandhi signed on 24 September 1932 at Yerwada Central Jail in Pune , India . Dr. Babasaheb Ambedkar Dr. Babasaheb Ambedkar Mahatma Gandhi Mahatma Gandhi Yerwada Central Jail Yerwada Central Jail Pune Pune India India",SUPPORTS
Dogstar (band) were performers at the Zwemdokrock Festival.,"The band performed at the 1996 Zwemdokrock Festival -LRB- Lummen , Belgium -RRB- and at the 1999 Glastonbury Festival -LRB- United Kingdom -RRB- , and it released an EP and two albums . Lummen Lummen Belgium Belgium United Kingdom United Kingdom",SUPPORTS
Tom Franco has two brothers who act.,Tom Franco is the brother of actors James Franco and Dave Franco . James Franco James Franco Dave Franco Dave Franco,SUPPORTS
Lily Collins has been in proximity to Pedro Almodovar.,,NEI
Until Dawn is a sandbox game.,,NEI
The Sopranos is a show.,"The Sopranos is an American crime drama television series created by David Chase . David Chase David Chase crime drama crime film#In television television series television program The Sopranos was produced by HBO , Chase Films , and Brad Grey Television . Brad Grey Brad Grey HBO HBO The executive producers throughout the show 's run were David Chase , Brad Grey , Robin Green , Mitchell Burgess , Ilene S. Landress , Terence Winter , and Matthew Weiner . David Chase David Chase Terence Winter Terence Winter Robin Green Robin Green Mitchell Burgess Mitchell Burgess Matthew Weiner Matthew Weiner Brad Grey Brad Grey executive producers Executive producer#Motion pictures It was primarily filmed at Silvercup Studios , New York City , and on location in New Jersey . New Jersey New Jersey Silvercup Studios Silvercup Studios Broadcasting syndication is the licensing of the right to broadcast television programs and radio programs by multiple television stations and radio stations , without going through a broadcast network . broadcast broadcasting broadcast network broadcast network",SUPPORTS
Room did not premiere at the Telluride Film Festival.,,REFUTES
The Kitti's hog-nosed bat can fly.,,NEI
Attack on Titan is not a Japanese manga series.,is a Japanese manga series written and illustrated by Hajime Isayama . Hajime Isayama Hajime Isayama manga manga,REFUTES
Diabetes increases the risk of dementia.,There is no cure for dementia .,SUPPORTS
A crown colony is against the British Empire.,"A crown colony , also known in the 17th century as royal colony and since 2002 known as a British Overseas Territory , was a type of colonial administration of the overseas territories of the British Empire . British Overseas Territory British Overseas Territories British Empire British Empire",REFUTES
Count Basie took his son to the third-most populous city in the United States.,,NEI
Tom Cruise was in a science fiction psychological thriller podcast.,,NEI
Maria I of Portugal was a monarch in the Kingdom of Senegal.,,NEI
None of Lake Powell is in Utah.,"Lake Powell is a reservoir on the Colorado River , straddling the border between Utah and Arizona -LRB- most of it , along with Rainbow Bridge , is in Utah -RRB- . Utah Utah Arizona Arizona Colorado River Colorado River (U.S.) Rainbow Bridge Rainbow Bridge National Monument The Compact specifies that the Upper Basin states are to provide a minimum annual flow of 7500000 acre.ft to the Lower Basin states -LRB- Arizona , Nevada , and California -RRB- . Arizona Arizona",REFUTES
Jon Huntsman Jr. worked for the 40th President of South Korea.,"Jon Meade Huntsman Jr. -LRB- born March 26 , 1960 -RRB- is an American politician , businessman , and diplomat who served as the 16th Governor of Utah from 2005 to 2009 , and as United States Ambassador to Singapore from 1992 to 1993 , and China from 2009 to 2011 . United States Ambassador to Singapore United States Ambassador to Singapore 16th Governor List of Governors of Utah Utah Utah China China",REFUTES
Superman is a journalist.,"Superman 's appearance is distinctive and iconic ; he usually wears a blue costume with a red-and-yellow emblem on the chest , consisting of the letter S in a shield shape , and a red cape . emblem Superman logo Created by Jerry Siegel and Joe Shuster , he debuted in Action Comics # 1 -LRB- June 1938 -RRB- and serves as the civilian and secret identity of the superhero Superman . Jerry Siegel Jerry Siegel Joe Shuster Joe Shuster Superman Superman civilian civilian secret identity secret identity superhero superhero",SUPPORTS
Laura Dern performed in The Seventh Seal.,,NEI
John D. Rockefeller founded Rockefeller & Andrews.,"In 1867 , Henry Flagler entered the partnership . Henry Flagler Henry Flagler",SUPPORTS
Junun is a 2012 documentary.,Junun is a 2015 documentary film directed by Paul Thomas Anderson . Paul Thomas Anderson Paul Thomas Anderson documentary film documentary film,REFUTES
Hayden Panettiere had no part in the creation of Kingdom Hearts.,"She is known for her roles as cheerleader Claire Bennet on the NBC sci-fi series Heroes -LRB- 2006 -- 10 -RRB- , Juliette Barnes in the ABC/CMT musical-drama series Nashville -LRB- 2012 -- present -RRB- and Kairi in the video game series Kingdom Hearts . Claire Bennet Claire Bennet NBC NBC sci-fi sci-fi Heroes Heroes (TV series) Juliette Barnes Juliette Barnes ABC American Broadcasting Company CMT Country Music Television Nashville Nashville (2012 TV series) Kairi Kairi (Kingdom Hearts) Kingdom Hearts Kingdom Hearts",REFUTES
Diamonds was produced.,"It was written by Sia Furler together with its producers , Benny Blanco and StarGate . Sia Furler Sia Furler Benny Blanco Benny Blanco StarGate Stargate (production team)",SUPPORTS
The United States Environmental Protection Agency employs people.,,SUPPORTS
Fight Club stars Helena Bonham Carter.,"The film was directed by David Fincher , and stars Brad Pitt , Edward Norton and Helena Bonham Carter . David Fincher David Fincher Brad Pitt Brad Pitt Edward Norton Edward Norton Helena Bonham Carter Helena Bonham Carter",SUPPORTS
Teen Wolf was hidden in 2011.,"On July 21 , 2016 , the cast announced at Comic Con that the sixth season would be the series ' final . Comic Con San Diego Comic-Con International",REFUTES
The Ren & Stimpy Show premiered five years before 1991.,"It premiered on August 11 , 1991 as one of the original three Nicktoons , along with Rugrats and Doug . Nicktoons Nicktoons Rugrats Rugrats Doug Doug (TV series)",REFUTES
Wild Ones is exclusively by a German rapper.,`` Wild Ones '' is a song by American rapper Flo Rida from his fourth studio album of the same name . Flo Rida Flo Rida Wild Ones Wild Ones (Flo Rida album) rapper Rapping fourth studio album of the same name Wild Ones (Flo Rida album) Rida Flo Rida,REFUTES
Destiny was created by Bungie.,"Destiny is an online-only multiplayer first-person shooter video game developed by Bungie and published by Activision . Bungie Bungie Activision Activision online-only Online game multiplayer multiplayer first-person shooter first-person shooter video game video game Destiny marked Bungie 's first new console franchise since the Halo series , and it is the first game in a ten-year agreement between Bungie and Activision . Bungie Bungie Activision Activision Halo Halo (series)",SUPPORTS
Albert Einstein was born outside of Germany.,Albert Einstein -LRB- -LSB- ˈaɪnstaɪn -RSB- -LSB- ˈalbɛɐ̯t ˈaɪnʃtaɪn -RSB- ; 14 March 1879 -- 18 April 1955 -RRB- was a German-born theoretical physicist . theoretical physicist theoretical physicist,REFUTES
Edge of Tomorrow was released in cinemas in August 2014.,,NEI
Budapest was the co-capital of the Ottoman Empire.,,NEI
Tyrion Lannister nearly died at least 4 times.,,NEI
Rescue Me is a TV series.,"Rescue Me is an American comedy-drama television series that premiered on the FX on July 21 , 2004 and concluded on September 7 , 2011 . FX FX (TV channel) American United States comedy-drama comedy-drama television series television series",SUPPORTS
"The principal photography of Split (2016 American film) began in the winter of Philadelphia, Pennsylvania.",,NEI
Pacific Blue ended in 2009.,"The show ran for five seasons on the USA Network , from March 2 , 1996 to April 9 , 2000 , with a total of 101 episodes . USA Network USA Network",REFUTES
There are no Western Romance Languages.,Some classifications include Italo-Dalmatian ; the resulting clade is generally called Italo-Western Romance . Romance Romance languages Italo-Western Italo-Western languages Italo-Dalmatian Italo-Dalmatian languages Italo-Western Romance Italo-Western languages Western Romance languages are one of the two subdivisions of a proposed subdivision of the Romance languages based on the La Spezia -- Rimini line . Romance Romance languages Romance languages Romance languages,REFUTES
Death in Paradise has been canceled multiple times.,,NEI
All remakes of Saamy refused to cast Sanjay Dutt.,"It was remade in Telugu as Lakshmi Narasimha -LRB- 2004 -RRB- starring Nandamuri Balakrishna and Asin , in Bengali as Barood starring Mithun Chakraborty , in Kannada as Ayya -LRB- 2005 -RRB- starring Darshan and Rakshitha and later in Hindi as Policegiri -LRB- 2013 -RRB- starring Sanjay Dutt and Prachi Desai . Telugu Telugu language Lakshmi Narasimha Lakshmi Narasimha Nandamuri Balakrishna Nandamuri Balakrishna Asin Asin Bengali Bengali language Barood Barood (2004 film) Mithun Chakraborty Mithun Chakraborty Kannada Kannada Ayya Ayya (2005 Kannada film) Darshan Darshan (actor) Rakshitha Rakshitha Hindi Hindi Policegiri Policegiri Sanjay Dutt Sanjay Dutt Prachi Desai Prachi Desai",REFUTES
Norway has failed to accumulate reserves of anything.,,REFUTES
Liana Liberato had a lead role in an American movie directed by Michael Landon Jr.,"She played the younger version of the female lead in the 2014 film The Best of Me and starred in the 2010 films , Trust and The Last Sin Eater . The Best of Me The Best of Me (film) Trust Trust (2010 film) The Last Sin Eater The Last Sin Eater (film) The Last Sin Eater is an American film released on February 9 , 2007 , directed by Michael Landon Jr. and distributed by Fox Faith . The Last Sin Eater The Last Sin Eater Fox Faith Fox Faith",SUPPORTS
Her is a recorded work.,"Her is a 2013 American romantic science-fiction drama film written , directed , and produced by Spike Jonze . Spike Jonze Spike Jonze romantic Romance film science-fiction Science fiction film drama film drama film The film follows Theodore Twombly -LRB- Joaquin Phoenix -RRB- , a man who develops a relationship with Samantha -LRB- Scarlett Johansson -RRB- , an intelligent computer operating system personified through a female voice . Joaquin Phoenix Joaquin Phoenix Scarlett Johansson Scarlett Johansson She won the Tony Award for Best Performance by a Featured Actress in a Play for her performance in the 2010 Broadway revival of A View from the Bridge . Tony Award for Best Performance by a Featured Actress in a Play Tony Award for Best Performance by a Featured Actress in a Play A View from the Bridge A View from the Bridge The film received numerous awards and nominations , primarily for Jonze 's screenplay .",SUPPORTS
Garry Kasparov is a social activist.,,NEI
Charles Haley played in the National Football League.,"Charles Lewis Haley -LRB- born January 6 , 1964 -RRB- is a former American football linebacker and defensive end who played in the National Football League -LRB- NFL -RRB- for the San Francisco 49ers -LRB- 1986 -- 1991 , 1998 -- 1999 -RRB- and the Dallas Cowboys -LRB- 1992 -- 1996 -RRB- . San Francisco 49ers San Francisco 49ers Dallas Cowboys Dallas Cowboys 1991 1992 Pro Bowl American football American football linebacker linebacker defensive end defensive end National Football League National Football League",SUPPORTS
Cate Blanchett has never been to Australia.,"Catherine Elise Blanchett -LRB- -LSB- ˈblæntʃət -RSB- born 14 May 1969 -RRB- is an Australian actress and theatre director . Australian Australian citizenship Blanchett came to international attention for her role as Elizabeth I of England in Shekhar Kapur 's 1998 film Elizabeth , for which she won the BAFTA Award for Best Actress , the Golden Globe Award , and earned her first Academy Award for Best Actress nomination . England England Academy Award Academy Award Elizabeth I of England Elizabeth I of England Elizabeth Elizabeth (film) BAFTA Award for Best Actress BAFTA Award for Best Actress in a Leading Role Golden Globe Award Golden Globe Award for Best Actress in a Motion Picture – Drama Academy Award for Best Actress Academy Award for Best Actress The film was named the 1998 BAFTA Award for Best British Film and was nominated for seven awards at the 71st Academy Awards , including Best Picture and Best Actress , winning Best Makeup . BAFTA BAFTA Award for Best Actress in a Leading Role BAFTA Award for Best British Film BAFTA Award for Best British Film 71st Academy Awards 71st Academy Awards Best Picture Academy Award for Best Picture Best Actress Academy Award for Best Actress Best Makeup Academy Award for Best Makeup Her portrayal of Katharine Hepburn in Martin Scorsese 's 2004 film The Aviator brought her critical acclaim and many accolades , including the Academy Award for Best Actress in a Supporting Role , making her the only actor to win an Oscar for portraying another Oscar-winning actor . many accolades Cate Blanchett#Awards and achievements Academy Award Academy Award Academy Award for Best Actress Academy Award for Best Actress Katharine Hepburn Katharine Hepburn Martin Scorsese Martin Scorsese The Aviator The Aviator (2004 film) Best Actress in a Supporting Role Academy Award for Best Supporting Actress Her other notable films include The Talented Mr. Ripley -LRB- 1999 -RRB- , Babel -LRB- 2006 -RRB- , The Curious Case of Benjamin Button -LRB- 2008 -RRB- , Robin Hood -LRB- 2010 -RRB- , How to Train Your Dragon 2 -LRB- 2014 -RRB- , and Cinderella -LRB- 2015 -RRB- . Babel Babel (film) The Curious Case of Benjamin Button The Curious Case of Benjamin Button (film) Robin Hood Robin Hood (2010 film) How to Train Your Dragon 2 How to Train Your Dragon 2 Cinderella Cinderella (2015 Disney film)",REFUTES
Gorillaz's fifth studio album was released in 2015.,,REFUTES
Cleopatra had an affair with Caesar.,,NEI
Sindh borders a region of the dead body.,,NEI
Elton John is a musician.,"In 1970 a single , `` Your Song '' , from his second album , Elton John , reached the top ten in the UK and the US , his first hit single . Your Song Your Song Elton John Elton John (album)",SUPPORTS
Batman does not have parents.,"Batman operates in the fictional Gotham City with assistance from various supporting characters , including his butler Alfred , police commissioner Gordon , and vigilante allies such as Robin . Robin Robin (comics) Gotham City Gotham City Alfred Alfred Pennyworth Gordon James Gordon (comics) Batman Batman (TV series)",REFUTES
Buzz Aldrin is a former NASA technician.,"Buzz Aldrin -LRB- born Edwin Eugene Aldrin Jr. , January 20 , 1930 -RRB- is an American engineer and former astronaut . engineer engineer astronaut astronaut",REFUTES
Unpredictable featured Kanye West.,"The album was supported by four singles : `` Extravaganza '' featuring Kanye West , the title track `` Unpredictable '' featuring Ludacris , `` DJ Play a Love Song '' featuring Twista , and `` Can I Take U Home '' . Extravaganza Extravaganza (song) Unpredictable Unpredictable (song) DJ Play a Love Song DJ Play a Love Song Kanye West Kanye West Ludacris Ludacris Twista Twista",SUPPORTS
Sunflower (1970 film) is a drama.,Sunflower -LRB- I girasoli -RRB- is a 1970 Italian drama film directed by Vittorio De Sica . Vittorio De Sica Vittorio De Sica 1970 1970 in film Italian Cinema of Italy drama film drama film,SUPPORTS
John Cena is a Christian.,,NEI
Marilyn Monroe was a communist.,,NEI
Michael Keaton will play the role of a Marvel Comics cheerleader.,,NEI
Kato Kaelin is a television repair man.,,NEI
Facebook expanded to higher education institutions of the Boston area.,"Since 2006 , anyone age 13 and older has been allowed to become a registered user of Facebook , though variations exist in the minimum age requirement , depending on applicable local laws .",SUPPORTS
Bradley Cooper was nominated for four People's Choice Awards.,,NEI
"In Shah Rukh Khan's Bollywood debut film, he played the lead role.","He then rose to prominence after starring in a series of romantic films , including Dilwale Dulhania Le Jayenge -LRB- 1995 -RRB- , Dil To Pagal Hai -LRB- 1997 -RRB- , Kuch Kuch Hota Hai -LRB- 1998 -RRB- , Mohabbatein -LRB- 2000 -RRB- and Kabhi Khushi Kabhie Gham ... -LRB- 2001 -RRB- . Dilwale Dulhania Le Jayenge Dilwale Dulhania Le Jayenge Dil To Pagal Hai Dil To Pagal Hai Kuch Kuch Hota Hai Kuch Kuch Hota Hai Mohabbatein Mohabbatein Deewana -LRB- ` Crazy ' -RRB- is a 1992 Bollywood musical romantic action film directed by Raj Kanwar , and produced by Guddu Dhanoa and Lalit Kapoor and featuring Rishi Kapoor , Divya Bharti and Shah Rukh Khan in the lead . Raj Kanwar Raj Kanwar Shah Rukh Khan Shah Rukh Khan Rishi Kapoor Rishi Kapoor Divya Bharti Divya Bharti Bollywood Bollywood musical Musical film romantic romance film action film action film",SUPPORTS
Liv Tyler started acting as a toddler.,,NEI
Constantine is an emperor.,"Constantine is a 2005 American-German occult detective action horror film directed by Francis Lawrence as his feature film directorial debut , starring Keanu Reeves as John Constantine , with Rachel Weisz , Shia LaBeouf , Tilda Swinton , Pruitt Taylor Vince , and Djimon Hounsou . Francis Lawrence Francis Lawrence Keanu Reeves Keanu Reeves Rachel Weisz Rachel Weisz Shia LaBeouf Shia LaBeouf Tilda Swinton Tilda Swinton Pruitt Taylor Vince Pruitt Taylor Vince Djimon Hounsou Djimon Hounsou occult detective Occult detective fiction action action film horror film horror film feature film directorial debut List of directorial debuts John Constantine John Constantine",REFUTES
Rick and Morty was canceled in 2014.,"The show has received universal critical acclaim for its originality , creativity , and humor .",REFUTES
Jerry Lewis was born as anything but Joseph Levitch.,"Jerry Lewis -LRB- born Joseph Levitch ; March 16 , 1926 -RRB- is an American actor , comedian , singer , film producer , film director , screenwriter and humanitarian . actor actor comedian comedian singer singer film producer film producer film director film director screenwriter screenwriter humanitarian humanitarian",REFUTES
Grunge became commercially successful in the early 1980s.,"Although most grunge bands had disbanded or faded from view by the late 1990s , they influenced modern rock music , as their lyrics brought socially conscious issues into pop culture and added introspection and an exploration of what it means to be true to oneself . rock music rock music pop culture pop culture be true to oneself Authenticity (philosophy)",REFUTES
Hubert Humphrey was the Secretary of State.,,NEI
"Emma Roberts's birthday is February 10, 1991.","Emma Rose Roberts -LRB- born February 10 , 1991 -RRB- is an American actress and singer .",SUPPORTS
Little Big Shots is an American side dish.,"Little Big Shots is an American children 's television and talent show that premiered on NBC on March 8 , 2016 . NBC NBC talent show talent show The series is co-produced and created by Ellen DeGeneres and Steve Harvey , with Harvey serving as the host of the hour-long show . Ellen DeGeneres Ellen DeGeneres Steve Harvey Steve Harvey",REFUTES
Lockheed Martin F-22 Raptor is not capable of different types of warfare.,,NEI
Room is a Hollywood drama film.,"Room is a 2015 independent drama film directed by Lenny Abrahamson and written by Emma Donoghue , based on her novel of the same name . Lenny Abrahamson Lenny Abrahamson Emma Donoghue Emma Donoghue Room Room (novel) independent independent film drama film drama (genre) novel of the same name Room (novel)",SUPPORTS
17 was the age when Neymar made his professional debut.,"Neymar was twice named the South American Footballer of the Year , in 2011 and 2012 , before relocating to Europe to join Barcelona . Barcelona FC Barcelona South American Footballer of the Year South American Footballer of the Year 2011 2011 South American Footballer of the Year 2012 2012 South American Footballer of the Year",SUPPORTS
Calvin Harris was born in 1985.,"Adam Richard Wiles -LRB- born 17 January 1984 -RRB- , known professionally as Calvin Harris , is a Scottish record producer , DJ , singer and songwriter . record Guinness World Records",REFUTES
Prison Break was a comedy.,"Prison Break is an American television serial drama created by Paul Scheuring , that was broadcast on Fox for four seasons from August 29 , 2005 to May 15 , 2009 , and a fifth season which premiered on April 4 , 2017 . Paul Scheuring Paul Scheuring Fox Fox Broadcasting Company television television program serial drama serial (radio and television) fifth season Prison Break (season 5)",REFUTES
Don Henley is a rock musician.,"In 2008 , he was ranked as the 87th greatest singer of all time by the Rolling Stone magazine . Rolling Stone Rolling Stone",SUPPORTS
Dan Aykroyd was in a play directed by a Italian composer.,,NEI
Lebanon is a country that is experienced with imports and exports.,,NEI
International Relations includes the U.N.,,NEI
Haiti has had a baseball game.,,NEI
Tim Robbins failed to ever have a career screenwriting.,"Timothy Francis `` Tim '' Robbins -LRB- born October 16 , 1958 -RRB- is an American actor , screenwriter , director , producer , activist and musician . activist activism",REFUTES
Wonder Woman is skilled in hiking.,,NEI
Malcolm Young was a rhythm guitarist.,"Malcolm Mitchell Young -LRB- born 6 January 1953 -RRB- is an Australian retired musician and songwriter , best known as a co-founder , rhythm guitarist , backing vocalist and songwriter for the hard rock band AC/DC . AC/DC AC/DC backing vocalist backing vocalist songwriter songwriter hard rock hard rock",SUPPORTS
Ronda Rousey was in a film directed by Patrick Hughes in 2015.,,NEI
The Weeknd is a producer.,"The Weeknd -LRB- born Abel Makkonen Tesfaye ; February 16 , 1990 -RRB- is a Canadian singer , songwriter , and record producer .",SUPPORTS
Nat Faxon was kicked off Married.,,NEI
A stadium was established in Lebanon.,,NEI
"In the 2015 film Pan, Levi Miller starred as Peter Pan.","Levi was the leading actor in his major film debut the 2015 film Pan , starring as the well known Peter Pan . Pan Pan (2015 film) leading actor leading actor Peter Pan Peter Pan",SUPPORTS
Tom Morello became interested in politics in high school.,"After his previous band Lock Up disbanded , Morello met Zack de la Rocha , and the two founded Rage Against the Machine together . Rage Against the Machine Rage Against the Machine Lock Up Lock Up (American band) Zack de la Rocha Zack de la Rocha",SUPPORTS
The Wire had multiple point-of-view characters.,,NEI
Bridge of Spies stars Tom Hanks and Tom Cruise.,,NEI
There are bodies of water in Ontario.,"There is only about 1 km of land border made up of portages including Height of Land Portage on the Minnesota border . Minnesota Minnesota Height of Land Portage Height of Land Portage Ontario is sometimes conceptually divided into two regions , Northern Ontario and Southern Ontario . Northern Ontario Northern Ontario Southern Ontario Southern Ontario",SUPPORTS
Patrick Bateman is a fictional antagonist.,"Patrick Bateman is a fictional character , the villain protagonist and narrator of the novel American Psycho by Bret Easton Ellis , and its film adaptation . Bret Easton Ellis Bret Easton Ellis American Psycho American Psycho American United States narrator narrator film adaptation American Psycho (film)",REFUTES
The Entire History of You was written by Harry S. Truman.,"It was written by the creator of Peep Show and Fresh Meat , Jesse Armstrong , making it the only episode of the series not written or co-written by creator and showrunner Charlie Brooker . Jesse Armstrong Jesse Armstrong Peep Show Peep Show (TV series) Fresh Meat Fresh Meat (TV series) Charlie Brooker Charlie Brooker",REFUTES
Alfred Hitchcock framed shots to maximize only two things.,,NEI
Dolly Parton didn't star in The Best Little Whorehouse in Texas.,,REFUTES
Steven Spielberg was born in December.,"Steven Allan Spielberg , , -LRB- born December 18 , 1946 -RRB- is an American director , producer , and screenwriter .",SUPPORTS
Selene serves as the central character in a book based on a story.,,NEI
A dictatorship was imposed during the French Revolution.,"Dogged by charges of corruption , the Directory collapsed in a coup led by Napoleon Bonaparte in 1799 . Napoleon Bonaparte Napoleon Napoleon Napoleon Directory French Directory collapsed in a coup coup of 18 Brumaire The Reign of Terror or The Terror -LRB- la Terreur -RRB- is the label given by some historians to a period during the French Revolution , in an apparent attempt to retorically discredit or ` curse ' the politics and events especially during the dominating presence -LRB- July 1793 -- July 1794 -RRB- of Maximilien Robespierre on the Committee of Public Safety -- the de facto executive government of Revolutionary France . French Revolution French Revolution Maximilien Robespierre Maximilien Robespierre Committee of Public Safety Committee of Public Safety The Revolution overthrew the monarchy , established a republic , experienced violent periods of political turmoil , and finally culminated in a dictatorship under Napoleon that rapidly brought many of its principles to Western Europe and beyond . Napoleon Napoleon The French Revolution -LRB- Révolution française -LSB- ʁevɔlysjɔ̃ fʁɑ̃sɛːz -RSB- -RRB- was a period of far-reaching social and political upheaval in France that lasted from 1789 until 1799 , and was partially carried forward by Napoleon during the later expansion of the French Empire . France France Napoleon Napoleon French Empire First French Empire",SUPPORTS
Black Panther is fictional but has been very significant in American culture.,,NEI
Gustave Eiffel has yet to retire from engineering.,"After his retirement from engineering , Eiffel focused on research into meteorology and aerodynamics , and making significant contributions in both fields . meteorology meteorology aerodynamics aerodynamics",REFUTES
Liberia held an election in the 21st century.,,SUPPORTS
Lightning rod are called air terminals.,,NEI
Daft Punk released their first album in 1887.,"Daft Punk are a French electronic music duo formed in 1993 by Guy-Manuel de Homem-Christo and Thomas Bangalter . Thomas Bangalter Thomas Bangalter Guy-Manuel de Homem-Christo Guy-Manuel de Homem-Christo electronic Electronic music electronic music electronic music In March 2005 , the duo released their third album Human After All to mixed reviews . Human After All Human After All",REFUTES
Stone Temple Pilots had an original member that had a son whose name is Richard.,,NEI
Guam was ceded by Italy.,,NEI
The Olympic Games shed light on unknown teams.,,NEI
Israel has waged the shortest military occupation in modern times.,"However , peace treaties between Israel and both Egypt and Jordan have successfully been implemented . Jordan Israel–Jordan peace treaty Egypt Egypt–Israel Peace Treaty",REFUTES
Haim Saban is a record producer.,"Haim Saban -LRB- -LSB- səˈbɑːn -RSB- חיים סבן born October 15 , 1944 -RRB- is an Israeli-American media proprietor , investor , philanthropist , musician , record , film & television producer . American United States Israeli-American Israeli-American",SUPPORTS
The action comedy film Baby Driver was nominated for fifteen Oscars.,,NEI
George W. Bush's brother is the host of America's Got Talent.,"The September 11 terrorist attacks occurred eight months into Bush 's first term as president . September 11 terrorist attacks September 11 attacks John Ellis `` Jeb '' Bush Sr. -LRB- born February 11 , 1953 -RRB- is an American businessman and politician who served as the 43rd Governor of Florida from 1999 to 2007 . 43rd List of Governors of Florida Governor of Florida Governor of Florida 43rd Governor List of Governors of Florida Florida Florida",REFUTES
Megan Fox did not perform on Hope & Faith.,"She began her acting career in 2001 , with several minor television and film roles , and played a regular role on the Hope & Faith television sitcom . Hope & Faith Hope & Faith",REFUTES
Bernard Madoff got a 105 year sentence.,,REFUTES
"Ringo Starr played bass on ""Yellow Submarine"".","He occasionally sang lead vocals , usually for one song on an album , including `` With a Little Help from My Friends '' , `` Yellow Submarine '' and their cover of `` Act Naturally '' . With a Little Help from My Friends With a Little Help from My Friends Yellow Submarine Yellow Submarine (song) cover Cover version Act Naturally Act Naturally In the US , the song peaked at number two on the Billboard Hot 100 chart and became the most successful Beatles song to feature Starr as lead vocalist . `` Yellow Submarine '' is a 1966 song by the Beatles , written by Paul McCartney and John Lennon , with lead vocals by Ringo Starr . the Beatles the Beatles Yellow Submarine Yellow Submarine (film) Paul McCartney Paul McCartney John Lennon John Lennon Ringo Starr Ringo Starr",REFUTES
Morgan Freeman bought the Lucy DVD set.,,NEI
Jerry Goldsmith received nominations for American Music Awards.,,NEI
Papua New Guinea had the second slowest-growing economy in 2011.,"Their social lives combine traditional religion with modern practices , including primary education .",REFUTES
The Fosters is a country.,"The Fosters is an American family drama television series created by Peter Paige and Bradley Bredeweg which first premiered in the United States on June 3 , 2013 on the Freeform -LRB- previously named ABC Family -RRB- television network . Peter Paige Peter Paige Freeform Freeform (TV channel) family drama family drama United States United States",REFUTES
The pilot episode of The Blacklist was the only one written by the show's creator.,,NEI
Emily Ratajkowski was in Atlanta.,,NEI
Tiger Woods founded the golf competition called The Open Championship.,,NEI
Cosmopolitan was transformed into a spider monkey.,,NEI
Christian Bale died in 1974.,Christian Charles Philip Bale -LRB- born 30 January 1974 -RRB- is an English actor .,REFUTES
Cars Toons is exclusively Chinese.,Cars Toons is a series of American computer-animated short films by Pixar . Pixar Pixar Cars Cars (film),REFUTES
Winnie Harlow was born in the 1990's.,"Winnie Harlow -LRB- born Chantelle Brown-Young ; July 27 , 1994 -RRB- is a Canadian fashion model , spokesperson , and activist .",SUPPORTS
The Entire History of You was written by Harry S. Truman.,"It was written by the creator of Peep Show and Fresh Meat , Jesse Armstrong , making it the only episode of the series not written or co-written by creator and showrunner Charlie Brooker . Jesse Armstrong Jesse Armstrong Peep Show Peep Show (TV series) Fresh Meat Fresh Meat (TV series) Charlie Brooker Charlie Brooker",REFUTES
Henry V is a television film.,Henry V is a 2012 British television film based on the play of the same name by William Shakespeare . Henry V Henry V of England William Shakespeare William Shakespeare Shakespeare Shakespeare It is the fourth film in the series of television films called The Hollow Crown produced by Sam Mendes for BBC Two covering the whole of Shakespeare 's Henriad . BBC Two BBC Two The Hollow Crown The Hollow Crown (TV series) Sam Mendes Sam Mendes Shakespeare Shakespeare Henriad Henriad,SUPPORTS
A Monster Calls was written by Patrick Ness in 2002.,,NEI
Dustin Hoffman directed Quartet.,The film is actor Dustin Hoffman 's directorial debut . Dustin Hoffman Dustin Hoffman,SUPPORTS
Leslie Groves oversaw the construction of the Pentagon in 1939.,,NEI
Tim Henman plays tennis.,Timothy Henry `` Tim '' Henman -LRB- born 6 September 1974 -RRB- is a retired English professional tennis player . tennis tennis,SUPPORTS
Wyatt Earp was a sheriff.,"Wyatt Berry Stapp Earp -LRB- March 19 , 1848 -- January 13 , 1929 -RRB- was an American Old West gambler , a deputy sheriff in Pima County , and deputy town marshal in Tombstone , Arizona Territory , who took part in the gunfight at the O.K. Corral , during which lawmen killed three outlaw cowboys . Old West American frontier Pima County Pima County, Arizona Tombstone Tombstone, Arizona Arizona Territory Arizona Territory gunfight at the O.K. Corral gunfight at the O.K. Corral outlaw outlaw cowboys The Cowboys (Cochise County) gambler gambling He is often regarded as the central figure in the shootout in Tombstone , although his brother Virgil was Tombstone city marshal and Deputy U.S. Marshal that day , and had far more experience as a sheriff , constable , marshal , and soldier in combat . Virgil Virgil Earp Tombstone Tombstone, Arizona constable Constable#United States Deputy U.S. Marshal United States Marshal Service In 1870 , Earp married his first wife , Urilla Sutherland Earp , who contracted typhoid fever and died shortly before their first child was to be born .",SUPPORTS
"Muhammad was raised by Abu Talib, his uncle.","This event , the Hijra , marks the beginning of the Islamic calendar , also known as the Hijri Calendar . Hijra Hijra (Islam) Islamic calendar Islamic calendar",SUPPORTS
Vitamin B-12 changes in water.,,NEI
Randy Orton was born in June of 1980.,"Randal Keith Orton -LRB- born April 1 , 1980 -RRB- is an American professional wrestler and actor . professional wrestler Professional wrestling",REFUTES
Mel Gibson was strictly born in December.,"Mel Colmcille Gerard Gibson -LRB- born January 3 , 1956 -RRB- is an American actor and filmmaker .",REFUTES
Pacific Rim was released in 3D that was IMAX.,,SUPPORTS
Detroit Diesel is an French diesel engine manufacturer.,"Detroit Diesel Corporation -LRB- DDC -RRB- is an American diesel engine manufacturer headquartered in Detroit , Michigan , United States and a subsidiary of Daimler Trucks North America , itself a wholly owned subsidiary of the German Daimler AG . Detroit Detroit Michigan Michigan Daimler AG Daimler AG Daimler Trucks North America Daimler Trucks North America diesel engine diesel engine",REFUTES
Jamie Foxx is a piano player.,,NEI
Doctor Who is produced in a phone box.,Twelve actors have headlined the series as the Doctor .,REFUTES
The World Bank Group's activities are focused on equality.,,NEI
AC/DC were formed in 1973.,"AC/DC are an Australian rock band , formed in 1973 by brothers Malcolm and Angus Young . Angus Young Angus Young rock Rock music Malcolm Malcolm Young",SUPPORTS
Muhammad was a prophet.,"Muḥammad ibn ʿAbd AllāhFull name : Abū al-Qāsim Muḥammad ibn ʿAbd Allāh ibn ʿAbd al-Muṭṭalib ibn Hāshim -LRB- ابو القاسم محمد ابن عبد الله ابن عبد المطلب ابن هاشم , lit : Father of Qasim Muhammad son of Abd Allah son of Abdul-Muttalib son of Hashim -RRB- -LRB- محمد -LSB- muħammad -RSB- ; Classical Arabic pronunciation c. 570 CE -- 8 June 632 CE -RRB- is the prophet of Islam and widely identified as its founder by non-Muslims . Qasim Qasim ibn Muhammad Abdul-Muttalib Abdul-Muttalib Hashim Hashim ibn 'Abd Manaf Abd Allah Abd Allah ibn Abd al Muttalib Islam Islam",SUPPORTS
Cersei Lannister is in a fantasy series by George R. R. Martin.,"Cersei Lannister is a fictional character in the A Song of Ice and Fire series of fantasy novels by American author George R. R. Martin , and its television adaptation Game of Thrones , where she is portrayed by Lena Headey . A Song of Ice and Fire A Song of Ice and Fire Game of Thrones Game of Thrones Lena Headey Lena Headey George R. R. Martin George R. R. Martin fictional character fictional character fantasy fantasy",REFUTES
Serena Williams does not have a sister.,"She is the only tennis player in history -LRB- man or woman -RRB- to have won singles titles at least six times in three of the four Grand Slam tournaments , and the only player ever to have won two of the four Grand Slams seven times each -LRB- seven Wimbledon titles and seven Australian Open titles -RRB- . tennis tennis Grand Slam Grand Slam (tennis) Australian Open Australian Open",REFUTES
The Dark Knight featured Tom Hanks as the Joker.,"Featuring the DC Comics character Batman , the film is the second part of Nolan 's The Dark Knight Trilogy and a sequel to 2005 's Batman Begins , starring an ensemble cast including Christian Bale , Michael Caine , Heath Ledger , Gary Oldman , Aaron Eckhart , Maggie Gyllenhaal and Morgan Freeman . DC Comics DC Comics Christian Bale Christian Bale Michael Caine Michael Caine Heath Ledger Heath Ledger Gary Oldman Gary Oldman Aaron Eckhart Aaron Eckhart Maggie Gyllenhaal Maggie Gyllenhaal Morgan Freeman Morgan Freeman Batman Batman Batman Begins Batman Begins ensemble cast ensemble cast In the film , Bruce Wayne/Batman -LRB- Bale -RRB- , James Gordon -LRB- Oldman -RRB- and Harvey Dent -LRB- Eckhart -RRB- form an alliance to dismantle organized crime in Gotham City , but are menaced by a criminal mastermind known as the Joker -LRB- Ledger -RRB- who seeks to undermine Batman 's influence and create chaos . Batman Batman James Gordon James Gordon (comics) Harvey Dent Harvey Dent Gotham City Gotham City the Joker Joker (comics)",REFUTES
Margaret Brown finished college on the 18th.,,NEI
Manitoba is an area.,"Manitoba -LRB- -LSB- mænᵻˈtoʊbə -RSB- -RRB- is a province at the longitudinal centre of Canada . province Provinces and territories of Canada longitudinal centre Centre of Canada Canada Canada It is one of the three prairie provinces -LRB- with Alberta and Saskatchewan -RRB- and Canada 's fifth-most populous province with its estimated 1.3 million people . province Provinces and territories of Canada Canada Canada prairie provinces Canadian Prairies Alberta Alberta Saskatchewan Saskatchewan fifth-most populous List of Canadian provinces and territories by population Manitoba covers 649950 km2 with a widely varied landscape . The province is bordered by the provinces of Ontario to the east and Saskatchewan to the west , the territories of Nunavut to the north , and Northwest Territories to the northwest , and the US states of North Dakota and Minnesota to the south . province Provinces and territories of Canada Saskatchewan Saskatchewan Ontario Ontario Nunavut Nunavut Northwest Territories Northwest Territories US states U.S. state North Dakota North Dakota Minnesota Minnesota The ten provinces are Alberta , British Columbia , Manitoba , New Brunswick , Newfoundland and Labrador , Nova Scotia , Ontario , Prince Edward Island , Quebec , and Saskatchewan . New Brunswick New Brunswick Nova Scotia Nova Scotia Ontario Ontario Quebec Quebec Alberta Alberta British Columbia British Columbia Manitoba Manitoba Newfoundland and Labrador Newfoundland and Labrador Prince Edward Island Prince Edward Island Saskatchewan Saskatchewan",SUPPORTS
"Tesla, Inc. was not formerly called Telsa Motors.","Tesla , Inc. -LRB- formerly named Tesla Motors -RRB- is a major American automaker , energy storage company , and solar panel manufacturer based in Palo Alto , California . Palo Alto Palo Alto, California California California automaker automotive industry energy storage energy storage solar panel solar panel",REFUTES
Sister Act grossed $3 million total.,"The musical then opened on Broadway at the Broadway Theatre in April 2011 , with previews beginning March 24 , 2011 . musical Musical film Broadway Theatre the Broadway Theatre",REFUTES
Cosmetics commonly include mascara.,"Common cosmetics include lipstick , mascara , eye shadow , foundation , rouge , skin cleansers and skin lotions , shampoo , hairstyling products -LRB- gel , hair spray , etc. -RRB- , perfume and cologne . lipstick lipstick mascara mascara eye shadow eye shadow foundation Foundation (cosmetics) rouge rouge (cosmetics) skin cleansers Cleanser skin lotions Lotion shampoo shampoo gel Hair gel hair spray hair spray perfume perfume cologne Eau de Cologne",SUPPORTS
Isabella of France was sometimes called the She-Lion.,"Isabella of France -LRB- 1295 -- 22 August 1358 -RRB- , sometimes described as the She-Wolf of France , was Queen of England as the wife of Edward II , and regent of England from 1326 until 1330 . France France Queen of England List of English consorts wife Queen consort Edward II Edward II regent regent",REFUTES
Usain Bolt failed to finish first in every 100 meter dash in which he participated.,,NEI
Dustin Hoffman starred in two movies directed by Barry Levinson.,"Along with 2 Academy Award wins , Hoffman has been nominated for 5 additional Academy Awards , and he was nominated for 13 Golden Globes , winning 6 -LRB- including an honorary award -RRB- . Academy Award Academy Award honorary award Golden Globe Cecil B. DeMille Award Rain Man is a 1988 American road comedy-drama film directed by Barry Levinson and written by Barry Morrow and Ronald Bass . Barry Levinson Barry Levinson Barry Morrow Barry Morrow Ronald Bass Ronald Bass road road movie comedy-drama comedy-drama Wag the Dog is a 1997 black comedy film produced and directed by Barry Levinson . Barry Levinson Barry Levinson black comedy film black comedy film",SUPPORTS
Shia LaBeouf is a person.,,NEI
The Portuguese Empire existed during the Golden Ages.,"Portuguese sailors began exploring the coast of Africa and the Atlantic archipelagos in 1418 -- 19 , using recent developments in navigation , cartography and maritime technology such as the caravel , in order that they might find a sea route to the source of the lucrative spice trade . Portuguese Portuguese language a #inforef1 caravel caravel spice trade spice trade",REFUTES
Barbara Stanwyck was nominated for an Academy Award.,Her performance in The Thorn Birds also won her a Golden Globe . The Thorn Birds The Thorn Birds (TV miniseries) Golden Globe Golden Globe,SUPPORTS
Formula One denounces the Monaco Grand Prix.,,NEI
Gabon is bordered by the Central African country Equatorial Guinea to the north.,"Located on the equator , Gabon is bordered by Equatorial Guinea to the northwest , Cameroon to the north , the Republic of the Congo on the east and south , and the Gulf of Guinea to the west . equator equator Equatorial Guinea Equatorial Guinea Cameroon Cameroon Republic of the Congo Republic of the Congo Gulf of Guinea Gulf of Guinea",REFUTES
Harmanpreet Kaur plays basketball.,,NEI
Rhode Island was the first of the 13 colonies to renounce allegiance to the British Crown.,"On May 29 , 1790 , Rhode Island became the 13th and last state to ratify the Constitution . state U.S. state ratify ratify",SUPPORTS
"Birth of the Dragon's principal photography began in Vancouver, Canada.","Principal photography began on November 17 , 2015 in Vancouver . Principal photography Principal photography Vancouver Vancouver Vancouver -LRB- -LSB- vænˈkuːvər -RSB- , -LSB- localvæŋ - -RSB- -RRB- is a coastal seaport city in Canada , located in the Lower Mainland region of British Columbia . Lower Mainland Lower Mainland Canada Canada British Columbia British Columbia Vancouver has the highest population density in Canada with over 5,400 people per square kilometre . Canada Canada In that census , Vancouver was one of the most ethnically and linguistically diverse cities in Canada ; 52 % of its residents have a first language other than English . Canada Canada ethnically Ethnic groups in Canada",SUPPORTS
Whitey Bulger was found to have been involved in 0 murders.,"Among the items on auction were a rat-shaped pencil holder that went for $ 3,600 , a 1992 excise tax bill from the City of Boston -LRB- $ 160 -RRB- , and his lock-picking kit -LRB- $ 125 , as part of a lot including 95 mini flashlights , a pocket knife and a Leatherman tool -RRB- . Boston Boston Leatherman Leatherman",REFUTES
Gillian Anderson belongs to the Order of the Phoenix.,,NEI
Reds is a film from the United States.,"Reds is a 1981 American epic drama film co-written , produced and directed by Warren Beatty . Warren Beatty Warren Beatty epic Epic film drama film Drama (film and television)",SUPPORTS
Australia is a boat in the Pacific Ocean.,"Australia -LRB- -LSB- əˈstreɪliə -RSB- , -LSB- ɒ - -RSB- , -LSB- - ljə -RSB- -RRB- , officially the Commonwealth of Australia , is a country comprising the mainland of the Australian continent , the island of Tasmania and numerous smaller islands . Australian Australians Australian continent Australia (continent) Tasmania Tasmania smaller islands list of islands of Australia Australia , sometimes known in technical contexts by the names Sahul , Australinea or Meganesia , to distinguish it from the Australian mainland , is a continent comprising mainland Australia , Tasmania , New Guinea , Seram , possibly Timor , and neighbouring islands . Australia Australia Timor Timor Australian Australian (disambiguation) Australian mainland Australian mainland continent continent Tasmania Tasmania New Guinea New Guinea Seram Seram Island",REFUTES
"Ryder is also known as Ryder System, Inc.","Ryder System , Inc. , or Ryder , is an American-based provider of transportation and supply chain management products , and is especially known for its fleet of rental trucks . transportation transportation supply chain management supply chain management",SUPPORTS
AC/DC was a Japanese hard rock band.,"AC/DC are an Australian rock band , formed in 1973 by brothers Malcolm and Angus Young . Angus Young Angus Young rock Rock music Malcolm Malcolm Young Within months of recording the album Highway to Hell , lead singer and co-songwriter Bon Scott died on 19 February 1980 after a night of heavy alcohol consumption . Bon Scott Bon Scott Highway to Hell Highway to Hell High Voltage is the debut studio album by Australian hard rock band AC/DC , released only in Australia , on 17 February 1975 . AC/DC AC/DC hard rock hard rock The group considered disbanding , but buoyed by support from Scott 's parents , decided to continue and set about finding a new vocalist . Clifford `` Cliff '' Williams -LRB- born 14 December 1949 -RRB- is a British musician who was a member of the Australian hard rock band AC/DC as their bassist and backing vocalist from 1977 to 2016 . AC/DC AC/DC hard rock hard rock bassist bassist backing vocalist backing vocalist",REFUTES
Kaakha Kaakha is an award-winning movie.,,NEI
Michael McCullers worked with an actor.,"He lives in Los Angeles with his wife and four children . Los Angeles Los Angeles Michael John `` Mike '' Myers -LRB- born May 25 , 1963 -RRB- is a Canadian-born actor , comedian , screenwriter , and film producer , who also holds UK and US citizenship . Canadian Canadian nationality law UK British nationality law US Citizenship of the United States Elizabeth Stamatina `` Tina '' Fey -LRB- -LSB- feɪ -RSB- born May 18 , 1970 -RRB- is an American actress , comedian , writer , and producer .",SUPPORTS
Tunisia was kept in the dark about Christianity.,"The country voted for parliament again on 26 October 2014 , and for President on 23 November 2014 . President President of Tunisia",REFUTES
Ryan Phillippe played the role of a carpenter.,,NEI
"Alessia Cara released her debut single ""Here"" in 2016.","She is signed to EP Entertainment and Def Jam Recordings and released her debut single , `` Here '' , from the debut studio album , Know-It-All , released November 13 , 2015 . EP Entertainment EP Entertainment Def Jam Def Jam Recordings Def Jam Recordings Def Jam Recordings Here Here (Alessia Cara song) Know-It-All Know-It-All The song was released on April 30 , 2015 .",REFUTES
United States Congress has 535 voting members.,Congress has 535 voting members : 435 Representatives and 100 Senators .,SUPPORTS
Motorola makes network equipment used to enable breathing.,,NEI
Bradford is a capital.,"However , Bradford has faced similar challenges to the rest of the post-industrial area of Northern England , including deindustrialisation , social unrest and economic deprivation . post-industrial Post-industrial society Northern England Northern England deindustrialisation deindustrialisation",SUPPORTS
Giada De Laurentiis does not guest co-host an American news and talk morning television show.,"She also appears regularly as a contributor and guest co-host on NBC 's Today . NBC NBC Today Today (U.S. TV program) Today , also called The Today Show , is an American news and talk morning television show that airs on NBC . news news program talk talk show NBC NBC American United States morning television show breakfast television",REFUTES
Nigeria is the fifth most populous country in the world.,"Nigeria is divided roughly in half between Christians , who live mostly in the southern part of the country , and Muslims in the northern part . Christians Christianity Muslims Islam",REFUTES
Ryan Phillippe starred in the television series 54.,"After appearing as Billy Douglas on the soap opera One Life to Live , he came to fame in the late 1990s with starring roles in a string of films , including I Know What You Did Last Summer , Cruel Intentions , and 54 . Billy Douglas Billy Douglas (One Life to Live) One Life to Live One Life to Live I Know What You Did Last Summer I Know What You Did Last Summer Cruel Intentions Cruel Intentions 54 54 (film)",SUPPORTS
Becoming Jane is based on an event.,,NEI
Donnie Wahlberg is an American songwriter.,"-LRB- born August 17 , 1969 -RRB- is an American singer , songwriter , actor , record producer , and film producer .",SUPPORTS
Ben Kingsley is English.,Sir Ben Kingsley -LRB- born Krishna Pandit Bhanji ; 31 December 1943 -RRB- is an English actor with a career spanning over 40 years .,SUPPORTS
Akira Toriyama is a highly influential writer.,,NEI
Joe Manganiello has worked with David Ayer.,"He is active with several charities , including Children 's Hospital of Pittsburgh of UPMC , and he serves on the committee of The Art of Elysium . Pittsburgh Pittsburgh Sabotage is a 2014 American action thriller film co-written and directed by David Ayer and starring Arnold Schwarzenegger , Sam Worthington , Olivia Williams , Mireille Enos and Terrence Howard . David Ayer David Ayer Arnold Schwarzenegger Arnold Schwarzenegger Sam Worthington Sam Worthington Olivia Williams Olivia Williams Terrence Howard Terrence Howard Mireille Enos Mireille Enos action action film thriller film thriller film",SUPPORTS
Carrie Fisher only wrote fiction.,"In later years , she earned praise for speaking publicly about her experiences with bipolar disorder and drug addiction . bipolar disorder bipolar disorder Wishful Drinking is an autobiographical humor book by American actress and author Carrie Fisher , published by Simon & Schuster in 2008 . Carrie Fisher Carrie Fisher Simon & Schuster Simon & Schuster",REFUTES
Emmanuel Adebayor is Togolese and Japanese.,,NEI
Iraq is located in the Middle East.,"Iraq -LRB- -LSB- ɪˈræk -RSB- , -LSB- ɪˈrɑːk -RSB- , or -LSB- aɪˈræk -RSB- العراق ; عێراق -RRB- , officially known as the Republic of Iraq is a country in Western Asia , bordered by Turkey to the north , Iran to the east , Kuwait to the southeast , Saudi Arabia to the south , Jordan to the southwest , and Syria to the west . Western Asia Western Asia Turkey Turkey Iran Iran Kuwait Kuwait Saudi Arabia Saudi Arabia Jordan Jordan Syria Syria The concept is in limited use , as it significantly overlaps with the Middle East -LRB- or the Near East -RRB- , the main difference usually being the exclusion of Egypt -LRB- which would be counted as part of North Africa -RRB- . Middle East Middle East Near East Near East Egypt Egypt North Africa North Africa",SUPPORTS
Saw VI is the fourth movie in the Saw franchise.,,NEI
Narendra Modi's administration has been considered complicit in the downfall of Indian culture.,,NEI
Kato Kaelin also goes by another name.,"Brian Gerard `` Kato '' Kaelin -LRB- -LSB- ˈkeɪtoʊ_ˈkeɪlɪn -RSB- born March 9 , 1959 -RRB- is an American radio and television personality who gained fame as a witness during the 1994 -- 95 murder trial of O. J. Simpson . murder trial of O. J. Simpson O. J. Simpson murder case",SUPPORTS
Naga Chaitanya was in The Village.,,NEI
A loss of supply can involve a military strike.,,NEI
Stockard Channing is a singer.,,NEI
"The Republican Party changed in the 1930s, when it was no longer based in the industrial Northeast and Midwest.",,NEI
Novak Djokovic fell short of the single-season record.,"Djokovic has won numerous awards , including the 2012 , 2015 , and 2016 Laureus World Sports Award for Sportsman of the Year , 2011 BBC Overseas Sports Personality of the Year , five-time ITF World Champion , and four-time ATP year-end number 1 . 2011 2011 US Open – Men's Singles 2012 2012 ATP World Tour Finals – Singles 2015 2015 ATP World Tour Finals – Singles 2016 2016 French Open – Men's Singles Laureus World Sports Award for Sportsman of the Year Laureus World Sports Award for Sportsman of the Year BBC Overseas Sports Personality of the Year BBC Overseas Sports Personality of the Year ITF World Champion ITF World Champions#Men's Singles ATP year-end number 1 List of ATP number 1 ranked singles players#Year-end No. 1",REFUTES
John Glenn was an astronaut.,"John Herschel Glenn Jr. -LRB- July 18 , 1921 -- December 8 , 2016 -RRB- was a United States Marine Corps aviator , engineer , astronaut , and United States Senator from Ohio . Ohio Ohio astronaut astronaut United States Marine Corps aviator United States Marine Corps Aviation engineer engineer United States Senator United States Senate Marine Corps United States Marine Corps He received the NASA Distinguished Service Medal , the Congressional Space Medal of Honor in 1978 , was inducted into the U.S. Astronaut Hall of Fame in 1990 , and was the last surviving member of the Mercury Seven . Congressional Space Medal of Honor Congressional Space Medal of Honor NASA Distinguished Service Medal NASA Distinguished Service Medal NASA NASA Mercury Seven Mercury Seven U.S. Astronaut Hall of Fame U.S. Astronaut Hall of Fame An injury in early 1964 forced his withdrawal , and he lost a close primary election in 1970 . primary election Primary elections in the United States The United States Astronaut Hall of Fame , located just south of Titusville , Florida , honored American astronauts and featured the world 's largest collection of their personal memorabilia , focusing on those astronauts who have been inducted into the Hall ; as well as Sigma 7 , the fifth manned Mercury spacecraft . astronauts astronauts Sigma 7 Mercury-Atlas 8 Mercury Project Mercury spacecraft spacecraft",SUPPORTS
Michelle Rodriguez has won several Gotham awards.,,NEI
Jennifer Grey is incapable of being an actress.,"Jennifer Grey -LRB- born March 26 , 1960 -RRB- is an American actress . actress actress",REFUTES
Priyanka Chopra is a film producer.,"Priyanka Chopra -LRB- -LSB- prɪˈjaːŋkaː ˈtʃoːpɽaː -RSB- ; born 18 July 1982 -RRB- is an Indian actress , singer , film producer , philanthropist , and the winner of the Miss World 2000 pageant . Miss World 2000 Miss World 2000",SUPPORTS
"In 2015, The Weeknd released his second album.",He won both awards at the 58th Annual Grammy Awards ceremony in 2016 . 58th Annual Grammy Awards 58th Annual Grammy Awards,SUPPORTS
Saskatchewan is bordered on the north by only the sea.,"Residents primarily live in the southern prairie half of the province , while the northern boreal half is mostly forested and sparsely populated . prairie Canadian Prairies boreal Boreal forest of Canada province Provinces and territories of Canada",REFUTES
Saint Peter was canonized.,,NEI
Robert Chase was in multiple seasons of an American medical drama series.,"Robert Chase , MBBS is a fictional character on the Fox medical drama House . House House (TV series) MBBS Bachelor of Medicine/Bachelor of Surgery fictional character fictional character Fox Fox network medical drama medical drama His character was a part of the team of diagnosticians who worked under Gregory House until the end of the third season when House fires him . House House (TV series) Gregory House Gregory House",SUPPORTS
The Bends was created by the rock band Radiohead.,"The Bends -LRB- stylised as the bends -RRB- is the second studio album by the English alternative rock band Radiohead , released on 13 March 1995 by Parlophone Records in the United Kingdom and by Capitol Records in the United States . Radiohead Radiohead Parlophone Parlophone Capitol Capitol Records studio album studio album alternative rock alternative rock Parlophone Records Parlophone Capitol Records Capitol Records rock rock music",SUPPORTS
Paul Newman has won several championships in open wheel IndyCar racing.,"As of January 2017 , these donations have totaled over US$ 485 million .",SUPPORTS
Manatees eat cows on land.,"Manatees -LRB- family Trichechidae , genus Trichechus -RRB- are large , fully aquatic , mostly herbivorous marine mammals sometimes known as sea cows . family family (biology) genus genus herbivorous herbivory A herbivore is an animal anatomically and physiologically adapted to eating plant material , for example foliage , for the main component of its diet . animal animal plant material plant material foliage foliage",REFUTES
Kathy Bates won the Academy Award for Best Actress in 2005.,,NEI
"Audrey Hepburn contributed to the organizations since August 25, 1954.",,SUPPORTS
Lonesome Dove is the first installment in the dead body.,It is a four-part adaptation of the 1985 novel of the same name by Larry McMurtry and is the first installment in the Lonesome Dove series . Larry McMurtry Larry McMurtry adaptation film adaptation novel of the same name Lonesome Dove Lonesome Dove series Lonesome Dove series,REFUTES
The Twilight Zone is a series.,"The Twilight Zone is an American television anthology series created by Rod Serling . Rod Serling Rod Serling television television anthology series anthology series The original series , shot entirely in black and white , ran for five seasons from 1959 to 1964 . black and white black and white The first revival ran on CBS and in syndication in the 1980s , while the second ran on UPN from 2002 to 2003 . CBS CBS UPN UPN TV Guide ranked the original TV series # 5 in their 2013 list of the 60 greatest dramas of all time . TV Guide TV Guide",SUPPORTS
Beautiful is written by Sally Field.,,NEI
Leonardo da Vinci was not a scientist.,,NEI
Demi Moore helped to fund an American daytime television medical drama.,,NEI
John McCain did not choose Sarah Palin as his running partner.,"As the Republican Party nominee for Vice President of the United States in the 2008 election alongside presidential nominee , Arizona Senator John McCain , she was the first Alaskan on the national ticket of a major political party and the first Republican woman selected as a vice presidential candidate . Republican Republican Party (United States) Republican Party Republican Party (United States) Vice President of the United States Vice President of the United States 2008 election United States Presidential election, 2008 Senator United States Senate John McCain John McCain Democratic Party nominees Barack Obama , a U.S. Senator from Illinois , and his running mate Joe Biden , a long-time U.S. Senator from Delaware , defeated Republican Party nominees John McCain , a long-time and current U.S. Senator from Arizona , and his running mate Sarah Palin , a Governor of Alaska . Barack Obama Barack Obama Illinois Illinois Joe Biden Joe Biden John McCain John McCain Arizona Arizona Sarah Palin Sarah Palin Democratic Party Democratic Party (United States) U.S. Senator from Illinois List of United States Senators from Illinois U.S. Senator from Delaware List of United States Senators from Delaware Republican Party Republican Party of the United States U.S. Senator from Arizona List of United States Senators from Arizona Governor of Alaska List of Governors of Alaska Democratic Democratic Party (United States)",REFUTES
Poppy (singer) is a Canadian singer.,,NEI
Nigeria is part of The Next Eleven countries alongside Egypt and South Korea according to Jim O'Neil.,"The Next Eleven -LRB- known also by the numeronym N-11 -RRB- are the eleven countries -- Bangladesh , Egypt , Indonesia , Iran , Mexico , Nigeria , Pakistan , the Philippines , Turkey , South Korea and Vietnam -- identified by Goldman Sachs investment bank and economist Jim O'Neill in a research paper as having a high potential of becoming , along with the BRICS countries , among the world 's largest economies in the 21st century . numeronym numeronym Bangladesh Bangladesh Egypt Egypt Indonesia Indonesia Iran Iran Mexico Mexico Nigeria Nigeria Pakistan Pakistan Philippines Philippines Turkey Turkey South Korea South Korea Vietnam Vietnam Goldman Sachs Goldman Sachs investment bank investment bank Jim O'Neill Jim O'Neill (economist) research paper Academic paper BRICS BRICS",SUPPORTS
Steve Buscemi is in at least one movie.,"Buscemi has starred and supported in successful Hollywood and indie films , including Parting Glances , New York Stories , Mystery Train , Reservoir Dogs , Desperado , Con Air , Armageddon , The Grey Zone , Ghost World , Big Fish , and The Sopranos . New York New York (state) indie independent film Parting Glances Parting Glances New York Stories New York Stories Mystery Train Mystery Train (film) Reservoir Dogs Reservoir Dogs Desperado Desperado (film) Con Air Con Air Armageddon Armageddon (1998 film) The Grey Zone The Grey Zone Ghost World Ghost World (film) Big Fish Big Fish The Sopranos The Sopranos",SUPPORTS
G-Dragon was the first Korean solo artist to a type of tour.,"Recognized as one of the most influential leaders in music and fashion in his country and labelled as an `` K-pop icon '' , G-Dragon was named by Forbes the most influential person under 30 in Asia 's entertainment and sports . K-pop K-pop Forbes Forbes",SUPPORTS
Usain Bolt failed to qualify for the 200 meter dash the only time he ever tried out for it.,,REFUTES
"Arrested Development filmed partially in Culver City, with the remainder of scenes filmed in Burbank.","Set in Newport Beach , California , Arrested Development was filmed primarily in Culver City and Marina del Rey . Culver City Culver City, California Marina del Rey Marina del Rey, California",REFUTES
"David Beckham played football in Canterbury, England.",,NEI
Denmark never had an absolute monarchy.,"Denmark became a member of the European Economic Community -LRB- now the EU -RRB- in 1973 , maintaining certain opt-outs ; it retains its own currency , the krone . European Economic Community European Economic Community EU European Union certain opt-outs Opt-outs in the European Union krone Danish krone",REFUTES
Cars are a popular culture category.,,NEI
Molly Bernard finished college in April.,,NEI
"Carrie Fisher died on December 27th, 2016.","Carrie Frances Fisher -LRB- October 21 , 1956 -- December 27 , 2016 -RRB- was an American actress , writer and humorist who first became known for playing Princess Leia in the Star Wars film series . Princess Leia Princess Leia Star Wars Star Wars",SUPPORTS
The Academy Awards are an award ritual.,,NEI
The Wild Thornberrys is a motion picture.,The Wild Thornberrys is an American animated television series that aired on Nickelodeon from 1998 to 2004 . Nickelodeon Nickelodeon,REFUTES
Jennifer Lawrence is an actress.,"Jennifer Shrader Lawrence -LRB- born August 15 , 1990 -RRB- is an American actress .",SUPPORTS
Michelangelo wasn't a painter.,"Michelangelo di Lodovico Buonarroti Simoni -LRB- -LSB- mikeˈlandʒelo di lodoˈviːko ˌbwɔnarˈrɔːti siˈmoːni -RSB- ; 6 March 1475 -- 18 February 1564 -RRB- was a Florentine sculptor , painter , architect , and poet of the High Renaissance who exerted an unparalleled influence on the development of Western art . High Renaissance High Renaissance Florentine Florence Western art Western art He sculpted two of his best-known works , the Pietà and David , before the age of thirty . David David (Michelangelo) Pietà Pietà (Michelangelo) Michelangelo was unique as the first Western artist whose biography was published while he was alive . biography biography",REFUTES
Shahid Kapoor starred in an Indian romantic drama.,,NEI
Thirteen Reasons Why is only a film.,Thirteen Reasons Why is a 2007 young adult novel written by Jay Asher . Jay Asher Jay Asher young adult novel young adult fiction,REFUTES
That '70s Show aired its first episode on August 23rd.,"That '70s Show is an American television period sitcom that originally aired on Fox from August 23 , 1998 , to May 18 , 2006 . sitcom sitcom Fox Fox Broadcasting Company period Period piece",SUPPORTS
Soundgarden struggled to achieve commercial success until the year 2000.,"In 1997 , the band broke up due to internal strife over its creative direction .",REFUTES
The Ozarks are a region.,"The Ozarks , also referred to as the Ozark Mountains , Ozarks Mountain Country , and the Ozark Plateau , is a physiographic and geologic highland region of the central United States , primarily in Arkansas , Missouri , and Oklahoma . Arkansas Arkansas Missouri Missouri Oklahoma Oklahoma physiographic physiography geologic geology United States United States Geologically , the area is a broad dome around the Saint Francois Mountains . dome dome (geology) Saint Francois Mountains Saint Francois Mountains The Ozarks cover a significant portion of southern Missouri , extending as far northeast as the southwestern suburbs of St. Louis . Missouri Missouri St. Louis Greater St. Louis For example , the ecoregion called Ozark Mountain Forests includes the Ouachita Mountains , although the Arkansas River Valley and the Ouachitas , both south of the Boston Mountains , are not usually considered part of the Ozarks . Arkansas Arkansas Ouachita Mountains Ouachita Mountains ecoregion ecoregion Ozark Mountain Forests Ozark Mountain Forests Arkansas River Valley Arkansas River Valley Boston Mountains Boston Mountains",SUPPORTS
Heidi Klum is an ambassador.,"She has also appeared on TV shows including Sex and the City , How I Met Your Mother , Desperate Housewives and Parks and Recreation . Sex and the City Sex and the City How I Met Your Mother How I Met Your Mother Desperate Housewives Desperate Housewives Parks and Recreation Parks and Recreation",SUPPORTS
Arya Stark is the littler daughter of Lord Eddard Stark.,,NEI
Matt Lautner won the X Factor.,,NEI
"The September 11 attacks happened in New York, New York.","It was the deadliest incident for firefighters and law enforcement officers in the history of the United States , with 343 and 72 killed respectively . United States United States deadliest incident for firefighters List of the deadliest firefighter disasters in the United States law enforcement officers List of American police officers killed in the line of duty history of the United States history of the United States law enforcement Law enforcement agency Suspicion for the attack quickly fell on al-Qaeda . al-Qaeda al-Qaeda",REFUTES
John Denver is an actress.,"Henry John Deutschendorf Jr. -LRB- December 31 , 1943 -- October 12 , 1997 -RRB- , known professionally as John Denver , an American musician , singer-songwriter , record producer , activist , actor , and humanitarian , whose greatest commercial success was as a solo singer .",REFUTES
Hawaii has an incredibly long coastline compared to its land area.,,NEI
The Promise premiered at a music festival.,,NEI
Kris Wu is a Chinese-born Canadian.,"Wu Yifan -LRB- , pronounced -LSB- - cmnu2-i4fan4 -RSB- , ; born November 6 , 1990 -RRB- , professionally known as Kris Wu or Kris , is a Chinese-born Canadian actor , singer , and model .",SUPPORTS
Elizabeth II is the oldest monarch in the world who is current in power.,,NEI
Mr. Sunshine finished on ABC.,"ABC cancelled the series on May 13 , 2011 due to low ratings . ABC American Broadcasting Company",SUPPORTS
Bridget Moynahan went to college in Alabama.,,NEI
As You Like it was a movie released in 2006.,"As You Like It is a 2006 film written and directed by Kenneth Branagh , and based on the Shakespearean play of the same name . Kenneth Branagh Kenneth Branagh As You Like It As You Like It Shakespearean William Shakespeare play of the same name As You Like It",SUPPORTS
Wyatt Earp took part in printmaking.,,NEI
The Citadelle Laferrière is called by at least one other nickname.,,SUPPORTS
"In 1978, Journey put out an album.",,NEI
Al Gore was not the subject of an Academy-Award winning documentary film.,,REFUTES
Arjun Kapoor boycotted the seventh season of Fear Factor: Khatron Ke Khiladi.,,NEI
Casey Ryback is outside of Under Siege.,"He appears in the 1992 film Under Siege and its sequel , Under Siege 2 : Dark Territory , in 1995 . Under Siege Under Siege 1992 1992 in film sequel sequel 1995 1995 in film Casey Ryback is a fictional character and action hero from the Under Siege films of the 1990s . Under Siege Under Siege action hero action hero",REFUTES
Fred Trump's father's name was Jeremy Trump.,"The development company was incorporated as E. Trump & Son in 1927 , and grew to build and manage single-family houses in Queens , barracks and garden apartments for U.S. Navy personnel near major shipyards along the East Coast , and more than 27,000 apartments in New York City . Queens Queens New York New York (state) U.S. Navy United States Navy East Coast East Coast of the United States New York City New York City",REFUTES
Portugal is a continent.,It is the westernmost country of mainland Europe . Europe Europe mainland Europe mainland Europe,REFUTES
Dance is included in the History of art.,,NEI
Tezaab ran in theaters for less than 5 weeks.,Tezaab was critically acclaimed and garnered four Filmfare Awards from twelve nominations . Filmfare Awards Filmfare Awards,REFUTES
"On May 25th, 1973, Daz Dillinger was born.","Delmar Drew Arnaud -LRB- born May 25 , 1973 -RRB- , better known by his stage name Daz Dillinger -LRB- formerly Dat Nigga Daz -RRB- , is an American rapper and record producer from Long Beach , California . record producer record producer stage name stage name",SUPPORTS
Lumen Pierce is a dog on Showtime.,"Lumen Ann Pierce is a fictional character portrayed by Julia Stiles in the Showtime television series Dexter , season 5 . Dexter Dexter (TV series) Julia Stiles Julia Stiles fictional character fictional character Showtime Showtime (TV network) season 5 Dexter (season 5)",REFUTES
A populous municipality hosted the 1998 Major League Baseball All-Star Game.,"The game was held on July 7 , 1998 , at Coors Field in Denver , Colorado , the home of the Colorado Rockies of the National League . Coors Field Coors Field Denver Denver Colorado Colorado National League National League Colorado Rockies Colorado Rockies",SUPPORTS
Mary-Louise Parker appeared in Angels in America and other shows.,"Parker has appeared in films and series including RED , RED 2 , Fried Green Tomatoes , Boys on the Side , The West Wing , and Angels in America , for which she received a Golden Globe and an Emmy Award for Best Supporting Actress . RED Red (2010 film) RED 2 RED 2 (film) Fried Green Tomatoes Fried Green Tomatoes (film) Boys on the Side Boys on the Side The West Wing The West Wing Angels in America Angels in America (miniseries) Golden Globe Golden Globe Award for Best Supporting Actress – Series, Miniseries or Television Film Emmy Award Primetime Emmy Award for Outstanding Supporting Actress in a Miniseries or a Movie The West Wing is an American serial political drama television series created by Aaron Sorkin that was originally broadcast on NBC from September 22 , 1999 , to May 14 , 2006 . Aaron Sorkin Aaron Sorkin NBC NBC serial serial (radio and television) political drama political drama West Wing West Wing",SUPPORTS
India is between Pakistan and Bangladesh.,"It shares land borders with Pakistan to the west ; China , Nepal , and Bhutan to the northeast ; and Myanmar -LRB- Burma -RRB- and Bangladesh to the east . Pakistan Pakistan China China Nepal Nepal Bhutan Bhutan Bangladesh Bangladesh",SUPPORTS
Doug Jones was in a movie in 1998.,,NEI
Doctor Strange appears in the 2016 film Doctor Strange only once.,,NEI
The Vampire Diaries was developed by an American landmark.,,NEI
Diana is an album by an Armenian singer.,,NEI
Kick-Ass is a drama film.,,NEI
Sikhism has disciples.,,NEI
Martin Scorsese directed Cape Fear over a period of 5 days.,,NEI
Joseph Fiennes is a person.,,SUPPORTS
Point Place is located in the United States.,"Point Place is the fictional town in Wisconsin in which the television sitcom That '70s Show takes place . sitcom sitcom town town Wisconsin Wisconsin That '70s Show That '70s Show Wisconsin -LRB- -LSB- wᵻˈskɒnsᵻn -RSB- -RRB- is a U.S. state located in the north-central United States , in the Midwest and Great Lakes regions . U.S. state U.S. state United States United States Midwest Midwestern United States Great Lakes Great Lakes region (North America)",SUPPORTS
Jackie Evancho issued an EP and seven books.,,NEI
Bali is between two countries.,"It is located at the westernmost end of the Lesser Sunda Islands , between Java to the west and Lombok to the east . Lesser Sunda Islands Lesser Sunda Islands Java Java Lombok Lombok Java -LRB- Indonesian : Jawa ; Javanese : ꦗꦮ ; Sundanese : -RRB- is an island of Indonesia . Javanese Javanese language Sundanese Sundanese language Indonesian Indonesian language island island Indonesia Indonesia Lombok is an island in West Nusa Tenggara province , Indonesia . West Nusa Tenggara West Nusa Tenggara island island Indonesia Indonesia",REFUTES
Hungary is bordered by a wall.,,NEI
Joseph Barbera was exclusively Italian.,"Joseph Roland `` Joe '' Barbera -LRB- -LSB- bɑrˈbɛrə -RSB- or -LSB- ˈbɑrbərə -RSB- ; -LSB- barˈbɛːra -RSB- ; March 24 , 1911 -- December 18 , 2006 -RRB- was an American animator , director , producer , storyboard artist , and cartoon artist , whose film and television cartoon characters entertained millions of fans worldwide for much of the 20th century . animator animator director Film director producer Film producer storyboard artist storyboard artist cartoon artist cartoonist",REFUTES
The Leftovers removed Margaret Qualley.,"The series stars an ensemble cast featuring Justin Theroux , Amy Brenneman , Christopher Eccleston , Liv Tyler , Chris Zylka , Margaret Qualley , Carrie Coon , Ann Dowd , and Regina King . Justin Theroux Justin Theroux Amy Brenneman Amy Brenneman Christopher Eccleston Christopher Eccleston Liv Tyler Liv Tyler Chris Zylka Chris Zylka Margaret Qualley Margaret Qualley Carrie Coon Carrie Coon Ann Dowd Ann Dowd Regina King Regina King",REFUTES
Patricia Lea ``Patty'' Jenkins has only Russian citezenship.,"Patricia Lea `` Patty '' Jenkins -LRB- born July 23 , 1971 -RRB- is an American film director and screenwriter . American Americans",REFUTES
Lost Highway (film) was released in June 1997.,,NEI
One More Light had songs performed by Julia Michaels.,,NEI
Sense and Sensibility is by a Japanese novelist.,"Sense and Sensibility is a novel by Jane Austen , published in 1811 . Jane Austen Jane Austen Jane Austen -LRB- -LSB- ˈdʒeɪn_ˈɒstɪn -RSB- 16 December 1775 -- 18 July 1817 -RRB- was an English novelist known primarily for her six major novels , which interpret , critique and comment upon the British landed gentry at the end of the 18th century . landed gentry landed gentry",REFUTES
Jerry Goldsmith collaborated with Otto Preminger.,,SUPPORTS
Snowden is a person.,"Snowden is a 2016 American-German biographical political thriller film directed by Oliver Stone and written by Stone and Kieran Fitzgerald , based on the books The Snowden Files by Luke Harding and Time of the Octopus by Anatoly Kucherena . Oliver Stone Oliver Stone The Snowden Files The Snowden Files Luke Harding Luke Harding Anatoly Kucherena Anatoly Kucherena biographical Biographical film political thriller political thriller",REFUTES
Gil Sharone began working with a Russian rock band.,"Gil Sharone is an American drummer and member of the band Stolen Babies , Marilyn Manson , Team Sleep , and formerly The Dillinger Escape Plan . Stolen Babies Stolen Babies Dillinger Escape Plan Dillinger Escape Plan Marilyn Manson Marilyn Manson (band) Team Sleep Team Sleep drummer drummer The Dillinger Escape Plan The Dillinger Escape Plan He was also a fill in for punk rock band +44 . punk rock punk rock",REFUTES
Adam Driver is a church goer.,,NEI
Ryan Phillippe died in the film 54.,,NEI
James Nesbitt played a role created for him by Peter Morgan.,,NEI
Farrah Fawcett was in the cast of Love is a Funny Thing.,,SUPPORTS
Mike Judge produces.,"Michael Craig `` Mike '' Judge -LRB- born October 17 , 1962 -RRB- is an American actor , animator , writer , producer , director , and musician .",SUPPORTS
The English language is commonly spoken.,"It is the most widely learned second language and an official language of the United Nations , of the European Union , and of many other world and regional international organisations . United Nations United Nations European Union European Union official language official language second language second language official language of the United Nations Official languages of the United Nations the European Union Languages of the European Union It is the most widely spoken Germanic language , accounting for at least 70 % of speakers of this Indo-European branch . Germanic Germanic languages",SUPPORTS
Roman Atwood is a content creator.,"He is best known for his vlogs , where he posts updates about his life on a daily basis . He also has another YouTube channel called `` RomanAtwood '' , where he posts pranks .",SUPPORTS
Donald Glover's brother is Childish Gambino.,,NEI
Leslie Howard was an actor in films.,"Leslie Howard -LRB- born Leslie Howard Steiner , 3 April 18931 June 1943 -RRB- was an English stage and film actor , director and producer . Howard was one of the biggest box-office draws and movie idols of the 1930s but is probably best remembered for playing Ashley Wilkes in Gone with the Wind -LRB- 1939 -RRB- . Gone with the Wind Gone with the Wind (film) Ashley Wilkes Ashley Wilkes Gone with the Wind is a 1939 American epic historical romance film adapted from Margaret Mitchell 's 1936 novel Gone with the Wind . Gone with the Wind Gone with the Wind (novel) Margaret Mitchell Margaret Mitchell epic Epic film historical Historical film romance film romance film Howard had movie roles in many other notable films , including : Berkeley Square -LRB- 1933 -RRB- , Of Human Bondage -LRB- 1934 -RRB- , The Scarlet Pimpernel -LRB- 1934 -RRB- , The Petrified Forest -LRB- 1936 -RRB- , Pygmalion -LRB- 1938 -RRB- , Intermezzo -LRB- 1939 -RRB- , `` Pimpernel '' Smith -LRB- 1941 -RRB- and The First of the Few -LRB- 1942 -RRB- , receiving two nominations for the Academy Award for Best Actor . Berkeley Square Berkeley Square (film) Of Human Bondage Of Human Bondage (1934 film) The Scarlet Pimpernel The Scarlet Pimpernel (1934 film) The Petrified Forest The Petrified Forest Pygmalion Pygmalion (1938 film) Intermezzo Intermezzo (1939 film) The First of the Few The First of the Few Academy Award for Best Actor Academy Award for Best Actor",SUPPORTS
Evil is commonly associated with expediency.,,NEI
Broadchurch has at least two reviews.,,NEI
Leslie Uggams appeared in Wonder Woman (2017).,,NEI
FX aired It's Always Sunny in Philadelphia for the first time.,"It 's Always Sunny in Philadelphia is an American television black comedy sitcom that premiered on FX on August 4 , 2005 . FX FX (TV channel) black comedy black comedy sitcom sitcom",SUPPORTS
"Gopalkrishna Gandhi was born on April 22, 1946.","Gopalkrishna Devdas Gandhi -LRB- born April 22 , 1946 -RRB- is a retired IAS officer and diplomat , who was the 22nd Governor of West Bengal serving from 2004 to 2009 . 22nd Governor of West Bengal Governor of West Bengal Devdas Gandhi Devdas Gandhi IAS Indian Administrative Service Governor of West Bengal Governor of West Bengal",SUPPORTS
Paul Pierce earned All-America first team honors.,Pierce was a high school McDonald 's All-American and earned All-America first team honors in his junior year at Kansas . Kansas University of Kansas All-American NCAA Men's Basketball All-Americans All-America NCAA Men's Basketball All-Americans,SUPPORTS
Katherine Heigl appeared in a cave.,,NEI
The Titanic had a wreck.,,SUPPORTS
Bob Marley began in 1963.,"Starting out in 1963 with the group the Wailers , he forged a distinctive songwriting and vocal style that would later resonate with audiences worldwide . the Wailers Bob Marley and the Wailers",SUPPORTS
One of James Taylor's albums did not sell 12 million US copies.,Every album that he released from 1977 to 2007 sold over a million copies .,REFUTES
Gift of the Night Fury stars the voice of an actor whose birthday was on a leap year.,,NEI
Shia LaBeouf has yet to work in a project with Carrie-Anne Moss.,"Despite mixed reviews , Transformers was a box office success and one of the highest-grossing films of 2007 . Transformers Transformers (film) Disturbia is a 2007 American horror thriller film directed by D. J. Caruso , written by Christopher Landon and Carl Ellsworth and stars Shia LaBeouf , David Morse , Sarah Roemer and Carrie-Anne Moss . D. J. Caruso D. J. Caruso Christopher Landon Christopher B. Landon Carl Ellsworth Carl Ellsworth Shia LaBeouf Shia LaBeouf David Morse David Morse (actor) Sarah Roemer Sarah Roemer Carrie-Anne Moss Carrie-Anne Moss horror Horror film thriller thriller film",REFUTES
Lust for Life is based on a 1930's book.,"Lust for Life -LRB- 1956 -RRB- is a MGM -LRB- Metrocolor -RRB- biographical film about the life of the Dutch painter Vincent van Gogh , based on the 1934 novel of the same name by Irving Stone and adapted by Norman Corwin . Irving Stone Irving Stone Norman Corwin Norman Corwin MGM MGM Metrocolor Metrocolor biographical film biographical film Dutch Netherlands Vincent van Gogh Vincent van Gogh novel of the same name Lust for Life (novel)",SUPPORTS
Overwatch is played in Paris.,,NEI
Here Comes the Sun was recorded by The Kinks in 1969.,"Reflecting the continued influence of Indian classical music on Harrison 's writing , the composition includes a series of unusual time changes . Indian classical music Indian classical music",REFUTES
Perth is the largest city in the state Eastern Australia.,Perth is the capital and largest city of the Australian state of Western Australia . Perth Division of Perth capital List of Australian capital cities Australian state Australian states and territories Western Australia Western Australia Australia Australia,REFUTES
Underworld is a tourist trap.,"Underworld is a series of action horror films directed by Len Wiseman , Patrick Tatopoulos , Måns Mårlind , Björn Stein and Anna Foerster . Len Wiseman Len Wiseman Underworld Underworld (2003 film) Patrick Tatopoulos Patrick Tatopoulos Måns Mårlind Måns Mårlind Anna Foerster Anna Foerster action action film horror films horror films",REFUTES
Angelina Jolie was in Salt.,Her biggest commercial success came with the fantasy picture Maleficent -LRB- 2014 -RRB- . Maleficent Maleficent (film),SUPPORTS
Chad Hayes (writer) finished college in 1961.,,NEI
Snoop Dogg is from the East Coast.,"Cordozar Calvin Broadus , Jr. -LRB- born October 20 , 1971 -RRB- , known professionally as Snoop Dogg -LRB- sometimes shortened to Snoop and formerly called Snoop Doggy Dogg and Snoop Lion -RRB- , is an American rapper and actor from Long Beach , California .",REFUTES
Naga Chaitanya autographed a book for his fan.,,NEI
A temperate seasonal climate influences Berlin.,"Due to its location in the European Plain , Berlin is influenced by a temperate seasonal climate . European Plain European Plain temperate Temperate climate",SUPPORTS
Snowden was not filmed in Europe.,"Filming began on February 16 , 2015 in Munich , Germany . Munich Munich Germany Germany",REFUTES
"Windsor, Ontario is outside North America.","Windsor -LRB- -LSB- ˈwɪnzər -RSB- -RRB- is a city in Ontario and the southernmost city in Canada . Ontario Ontario Canada Canada Canada -LRB- -LSB- ˈkænədə -RSB- -LSB- kanadɑ -RSB- -RRB- is a country in the northern part of North America . Canada Province of Canada It is located on the southern shore of the Detroit River , directly across the river from Detroit , Michigan . Detroit River Detroit River Detroit Detroit Michigan Michigan The Detroit River flows for 24 nmi from Lake St. Clair to Lake Erie as a strait in the Great Lakes system and forms part of the border between Canada and the United States . Detroit Detroit Lake St. Clair Lake St. Clair Lake Erie Lake Erie strait strait Great Lakes Great Lakes border Canada–United States border Canada Canada United States United States Ontario -LRB- -LSB- ɒnˈtɛərioʊ -RSB- -LSB- ɔ̃taʁjo -RSB- -RRB- , one of the 13 provinces and territories of Canada , is located in east-central Canada . Canada Canada provinces and territories of Canada provinces and territories of Canada",REFUTES
How I Met Your Mother had 208 guest stars.,,NEI
Modern liberalism in the United States is strongly against health care.,"Modern liberalism took shape during the twentieth century , with roots in Theodore Roosevelt 's New Nationalism , Woodrow Wilson 's New Freedom , Franklin D. Roosevelt 's New Deal , Harry S. Truman 's Fair Deal , John F. Kennedy 's New Frontier , and Lyndon B. Johnson 's Great Society . liberalism liberalism Theodore Roosevelt Theodore Roosevelt New Nationalism New Nationalism (Theodore Roosevelt) Woodrow Wilson Woodrow Wilson New Freedom The New Freedom Franklin D. Roosevelt Franklin D. Roosevelt New Deal New Deal Harry S. Truman Harry S. Truman Fair Deal Fair Deal John F. Kennedy John F. Kennedy New Frontier New Frontier Lyndon B. Johnson Lyndon B. Johnson Great Society Great Society",REFUTES
George Clooney works in the film industry as an actor and director.,"In 2009 , Clooney was included in Time annual Time 100 as one of the `` Most Influential People in the World '' . Time Time (magazine) Time 100 Time 100 The Monuments Men is a 2014 American-German war film directed by George Clooney , and written and produced by Clooney and Grant Heslov . George Clooney George Clooney Grant Heslov Grant Heslov war film war film The film stars an ensemble cast including Clooney , Matt Damon , Bill Murray , John Goodman , Jean Dujardin , Bob Balaban , Hugh Bonneville , and Cate Blanchett . Matt Damon Matt Damon Bill Murray Bill Murray John Goodman John Goodman Jean Dujardin Jean Dujardin Bob Balaban Bob Balaban Hugh Bonneville Hugh Bonneville Cate Blanchett Cate Blanchett The Ides of March is a 2011 American political drama film directed by George Clooney from a screenplay written by Clooney , along with Grant Heslov and Beau Willimon . George Clooney George Clooney Grant Heslov Grant Heslov Beau Willimon Beau Willimon political Political cinema drama film drama film It stars Ryan Gosling , George Clooney , Evan Rachel Wood , Philip Seymour Hoffman , Marisa Tomei , Paul Giamatti , and Jeffrey Wright . George Clooney George Clooney Ryan Gosling Ryan Gosling Evan Rachel Wood Evan Rachel Wood Philip Seymour Hoffman Philip Seymour Hoffman Paul Giamatti Paul Giamatti Marisa Tomei Marisa Tomei Jeffrey Wright Jeffrey Wright",SUPPORTS
Zendaya is not an actress.,"Zendaya Maree Stoermer Coleman -LRB- born September 1 , 1996 -RRB- , known mononymously as Zendaya -LRB- -LSB- zɛnˈdeɪ.ə -RSB- -RRB- , is an American actress , singer , and dancer . mononymously Mononymous person From 2010 to 2013 , she starred in the Disney Channel sitcom Shake It Up as Rocky Blue . Disney Channel Disney Channel Shake It Up Shake It Up (U.S. TV series) Rocky Blue Rocky Blue She has starred in two films and played one of the lead roles in the film Frenemies as Halley Brandon . Frenemies Frenemies (film) She voiced Fern in the Pixie Hollow Games . Pixie Hollow Games Pixie Hollow Games Pixie Hollow Games is a half-hour television special broadcast on November 19 , 2011 , on Disney Channel . Disney Channel Disney Channel",REFUTES
Jeff Bezos donates money to causes.,,NEI
Millie Bobby Brown was in a series.,Millie Bobby Brown -LRB- born 19 February 2004 -RRB- is an English actress and model known for her breakout role as Jane `` Eleven '' Ives in the Netflix science fiction drama series Stranger Things . English England Netflix Netflix Stranger Things Stranger Things,SUPPORTS
There is no record of Brigitte Macron ever being married.,"Brigitte Marie-Claude Macron -LRB- -LSB- bri.ʒit ma.ʁi klodə ma.kʁɔ -RSB- ; née Trogneux , -LSB- tʁɔ.ɲø -RSB- , previously Auzière , -LSB- o.zjɛːʁ -RSB- ; born 13 April 1953 -RRB- is a high-school teacher and the wife of Emmanuel Macron , the President of the French Republic . Emmanuel Macron Emmanuel Macron President President of France French Republic France",REFUTES
Murder on the Orient Express starred an actor.,"The film stars Branagh , Tom Bateman , Lucy Boynton , Olivia Colman , Penélope Cruz , Willem Dafoe , Judi Dench , Johnny Depp , Josh Gad , Manuel Garcia-Rulfo , Derek Jacobi , Marwan Kenzari , Leslie Odom Jr. , Michelle Pfeiffer , Sergei Polunin , and Daisy Ridley . Penélope Cruz Penélope Cruz Willem Dafoe Willem Dafoe Judi Dench Judi Dench Johnny Depp Johnny Depp Josh Gad Josh Gad Derek Jacobi Derek Jacobi Michelle Pfeiffer Michelle Pfeiffer Daisy Ridley Daisy Ridley Tom Bateman Tom Bateman (actor) Lucy Boynton Lucy Boynton Olivia Colman Olivia Colman Manuel Garcia-Rulfo Manuel Garcia-Rulfo Marwan Kenzari Marwan Kenzari Sergei Polunin Sergei Polunin John Christopher Depp II -LRB- born June 9 , 1963 -RRB- is an American actor , producer , and musician .",SUPPORTS
The President of Iraq is elected by the Council of Representatives.,"The President is elected by the Council of Representatives by a two-thirds majority , and is limited to two four-year terms . limited Term limit",SUPPORTS
Dennis Hopper was a Gemini.,"Dennis Lee Hopper -LRB- May 17 , 1936 -- May 29 , 2010 -RRB- was an American actor , filmmaker , photographer and artist . actor actor filmmaker filmmaker photographer photographer artist artist",SUPPORTS
Daddy Yankee made studio albums.,"Barrio Fino -LRB- -LSB- barjo ` fino -RSB- ; English : Fine Hood -RRB- is the third studio album by Puerto Rican rapper Daddy Yankee , released on July 13 , 2004 in Puerto Rico and the United States by VI Music and El Cartel Records and internationally by Machete Music and Polydor Records . Daddy Yankee Daddy Yankee English English language VI VI Music El Cartel El Cartel Records Machete Machete Music Polydor Polydor Records studio album studio album VI Music VI Music El Cartel Records El Cartel Records Machete Music Machete Music Polydor Records Polydor Records United States Billboard 200 In 2004 , Daddy Yankee released his internationally acclaimed single `` Gasolina '' , which is credited with introducing Reggaeton to audiences worldwide , and making the music genre a global phenomenon . Gasolina Gasolina Reggaeton Reggaeton",SUPPORTS
Ridley Scott and Sigourney Weaver co-wrote the 2017 American science fiction horror film Alien: Covenant.,,NEI
Vedanta refers to many Hindu sub-traditions.,"Vedanta -LRB- IAST , , Sanskrit : वेदांत -RRB- or Uttara Mīmāṃsā is one of the six orthodox -LRB- āstika -RRB- schools of Hindu philosophy . IAST IAST Hindu philosophy Hindu philosophy Rather it is an umbrella term for many sub-traditions , ranging from dualism to non-dualism , all of which developed on the basis of a common textual connection called the Prasthanatrayi . dualism dualism non-dualism Advaita Prasthanatrayi Prasthanatrayi Advaita Vedanta -LRB- IAST , ; अद्वैत वेदान्त , literally , not-two -RRB- is a school of Hindu philosophy and religious practice , and one of the classic Indian paths to spiritual realization . IAST IAST not-two monism school Sādhanā Hindu philosophy Hindu philosophy religious practice Hinduism#Practices Vedanta Vedanta Prasthanatrayi -LRB- प्रस्थानत्रयी , IAST : -RRB- , literally , three sources , refers to the three canonical texts of Hindu philosophy , especially of the Vedanta schools . IAST IAST Hindu philosophy Hindu philosophy Vedanta Vedanta",SUPPORTS
"Ballet Shoes premiered on January 26, 2007.",It was produced by Granada Productions -LRB- formerly Granada Television -RRB- and premiered on BBC One on 26 December 2007 . BBC One BBC One Granada Productions Granada Productions Granada Television ITV Granada,REFUTES
The Hundred-Foot Journey (film) is without actors.,"The film stars Helen Mirren , Om Puri , Manish Dayal and Charlotte Le Bon and tells the story of a feud between two adjacent restaurants in a French town : one operated by a recently relocated Indian family and the other , a lofty Michelin-starred restaurant . Helen Mirren Helen Mirren Om Puri Om Puri Manish Dayal Manish Dayal Charlotte Le Bon Charlotte Le Bon Michelin-starred Michelin Guide",REFUTES
The 2011 FIFA U-20 World Cup was a tournament.,"The 2011 FIFA U-20 World Cup was the 18th FIFA U-20 World Cup . FIFA U-20 World Cup FIFA U-20 World Cup Colombia hosted the tournament between 29 July and 20 August 2011 , with matches being played in eight cities . Colombia Colombia",SUPPORTS
Calvin Harris was born on January 18th.,"Adam Richard Wiles -LRB- born 17 January 1984 -RRB- , known professionally as Calvin Harris , is a Scottish record producer , DJ , singer and songwriter . record Guinness World Records",REFUTES
John Constantine has his own television series.,,SUPPORTS
24 is a thriller movie.,24 is a 2016 Indian Tamil-language science fiction thriller film written and directed by Vikram Kumar . Vikram Kumar Vikram Kumar Tamil Tamil language science fiction science fiction thriller Thriller (genre) Vikram Vikram (actor),SUPPORTS
Theodore Roosevelt expanded the borders.,,NEI
Minos barely fathered Ariadne.,,NEI
Kane eliminated 44 people in professional CoD.,,NEI
Heartbreak Ridge was produced only by John Wayne.,"Heartbreak Ridge is a 1986 American Technicolor war film directed and produced by Clint Eastwood , who also starred in the film . Clint Eastwood Clint Eastwood Technicolor Technicolor war film war film",REFUTES
Land Rover makes cars.,"Land Rover is a car brand that specialises in four-wheel-drive vehicles , owned by British multinational car manufacturer Jaguar Land Rover , which has been owned by India 's Tata Motors since 2008 . Jaguar Land Rover Jaguar Land Rover Jaguar Jaguar Cars four-wheel-drive four-wheel-drive multinational multinational corporation car manufacturer automaker Tata Motors Tata Motors Land Rover sold 194,000 vehicles worldwide in 2009 . The Land Rover Discovery is a mid-size luxury SUV , from the British car maker Land Rover . Land Rover Land Rover SUV sport utility vehicle",SUPPORTS
Mad Men is a premium cable series.,"The series premiered on July 19 , 2007 , on the cable network AMC . AMC AMC (TV channel) cable network cable network AMC -LRB- stylized as aMC -RRB- is an American basic cable and satellite television channel that is owned by AMC Networks . AMC Networks AMC Networks basic cable cable television satellite television satellite television channel television channel",REFUTES
"The animal population of Peru includes only dogs, cats, and elephants.",,NEI
Romelu Lukaku is Australian.,,NEI
The Jacksons refused to air on Wednesday evening.,,REFUTES
Ulysses S. Grant commanded the Union Army.,"As Commanding General -LRB- 1864 -- 69 -RRB- , Grant worked closely with President Abraham Lincoln to lead the Union Army to victory over the Confederacy in the American Civil War . Abraham Lincoln Abraham Lincoln Union Army Union Army American Civil War American Civil War Commanding General Commanding General of the United States Army Confederacy Confederate States of America After his victories in the Chattanooga Campaign , Lincoln promoted him to lieutenant general and Commanding General of the Army in March 1864 . General of the Army General of the Army (United States) Commanding General Commanding General of the United States Army Chattanooga Campaign Chattanooga Campaign",SUPPORTS
Diego Costa is a professional golfer.,,NEI
Alexander Hamilton attended a college that is now called Columbia University.,"At the start of the war in 1775 , he joined a militia company .",SUPPORTS
Randy Orton is a professional acrobat.,,NEI
Heartbreak Ridge was produced by Clint Eastwood.,"Heartbreak Ridge is a 1986 American Technicolor war film directed and produced by Clint Eastwood , who also starred in the film . Clint Eastwood Clint Eastwood Technicolor Technicolor war film war film",SUPPORTS
Snoop Dogg released Rubber Soul under Death Row Records.,,NEI
Plato's student was Socrates.,"In addition to being a foundational figure for Western science , philosophy , and mathematics , Plato has also often been cited as one of the founders of Western religion and spirituality . science science Western religion Western religion spirituality spirituality",REFUTES
Rafael Nadal did not tie with Novak Dyokovic.,"In 2010 , he became the seventh male player in history and youngest of four in the Open Era to achieve the Career Grand Slam at age 24 . 2010 2010 ATP World Tour Finals – Singles Open Era Open Era Career Grand Slam List of Grand Slam men's singles champions#Winners of the Career Grand Slam",REFUTES
Mike Love only worked with other musicians.,"The same year , the song , `` Kokomo '' , co-written by Love , reached number one in the United States and was nominated for a Grammy . Kokomo Kokomo (song) Grammy Grammy Award",REFUTES
Seinfeld has been praised.,"It has been ranked among the best television shows of all time in publications such as Entertainment Weekly , Rolling Stone , and TV Guide . Entertainment Weekly Entertainment Weekly Rolling Stone Rolling Stone TV Guide TV Guide E! named the series the `` number 1 reason the '90s ruled '' , and quotes from numerous episodes have become catchphrases in popular culture .",SUPPORTS
Paul Thomas Anderson was employed with Philip Seymour Hoffman.,,NEI
Sarah Silverman was a writer for Saturday Night Live.,"She also appeared in other television programs , such as Mr. Show and V.I.P. , and starred in films , including Who 's the Caboose ? Mr. Show Mr. Show with Bob and David",SUPPORTS
Portugal does not have a government.,"A founding member of NATO and the Community of Portuguese Language Countries , it is also a member of numerous other international organizations , including the United Nations , the European Union , the eurozone , and the OECD . European Union European Union Portuguese Portuguese language NATO NATO Community of Portuguese Language Countries Community of Portuguese Language Countries United Nations United Nations eurozone eurozone OECD OECD It has the 18th highest Social Progress in the world , putting it ahead of other Western European countries like France , Spain and Italy . Spain Spain Social Progress Social Progress Index France France Italy Italy",REFUTES
FC Barcelona was ranked second in the IFFHS Club World Ranking for 2015.,"In 2010 , three players who came through the club 's youth academy -LRB- Lionel Messi , Andrés Iniesta and Xavi -RRB- were chosen as the three best players in the world in the FIFA Ballon d'Or awards , an unprecedented feat for players from the same football school . Ballon d'Or Ballon d'Or (1956–2009) Lionel Messi Lionel Messi Andrés Iniesta Andrés Iniesta Xavi Xavi FIFA Ballon d'Or 2010 FIFA Ballon d'Or",REFUTES
Jane Fonda produced Klute.,"Her other major competitive awards include an Emmy Award for the 1984 TV film The Dollmaker , two BAFTA Awards for Julia and The China Syndrome and four Golden Globe Awards . Julia Julia (1977 film) The China Syndrome The China Syndrome Emmy Award Emmy Award The Dollmaker The Dollmaker BAFTA Awards BAFTA Awards Golden Globe Awards Golden Globe Awards Klute is a 1971 American neo-noir crime-thriller film directed and produced by Alan J. Pakula , written by Andy and Dave Lewis , and starring Jane Fonda , Donald Sutherland , Charles Cioffi , and Roy Scheider . Jane Fonda Jane Fonda Donald Sutherland Donald Sutherland Charles Cioffi Charles Cioffi Roy Scheider Roy Scheider Alan J. Pakula Alan J. Pakula neo-noir neo-noir crime crime film thriller film thriller film",REFUTES
Hulk(comics) is a fictional firefighter.,,NEI
Purple is only by Backstreet Boys.,"Purple is the second studio album by the American rock band Stone Temple Pilots , released on June 7 , 1994 by Atlantic Records . Stone Temple Pilots Stone Temple Pilots Atlantic Atlantic Records rock rock music Atlantic Records Atlantic Records",REFUTES
Bungie is located outside of Washington.,"Bungie , Inc. is an American video game developer located in Bellevue , Washington , United States . Bellevue Bellevue, Washington Washington Washington (state) video game developer video game developer United States United States",REFUTES
Greece is a Jewish state.,"Today , several nations officially identify themselves as Christian states and/or have state churches , including Costa Rica , Denmark , England , Greece , Iceland , Liechtenstein , Monaco , Tonga , Tuvalu , Vatican City , and Zambia . Costa Rica Costa Rica Denmark Denmark England England Greece Greece Iceland Iceland Liechtenstein Liechtenstein Monaco Monaco Tonga Tonga Tuvalu Tuvalu Vatican City Vatican City Zambia Zambia",REFUTES
Dr. Dre's income in 2014 has only been estimated at below $1 million.,"In 2014 , Dr. Dre was ranked as the second richest figure in the American hip hop scene by Forbes with a net worth of $ 550 million ; he is at the top of the 2015 Forbes list , with an estimated pre-tax take of $ 620 million in 2014 . Forbes Forbes magazine",REFUTES
Dileep never starred in Punjabi House.,He won the Filmfare Award for Best Actor for his role as Madhavan in Meesa Madhavan . Meesa Madhavan Meesa Madhavan Filmfare Award Filmfare Awards South Best Actor Filmfare Award for Best Actor – Malayalam,REFUTES
The Hangover Part III includes Dave Chapelle.,,NEI
The People vs. Larry Flynt stars a visual artist and singer named Courtney Love.,"The People vs. Larry Flynt is a 1996 American biographical drama film directed by Miloš Forman and starring Woody Harrelson , Courtney Love , and Edward Norton . Miloš Forman Miloš Forman Woody Harrelson Woody Harrelson Courtney Love Courtney Love Edward Norton Edward Norton biographical Biographical film drama film drama film Larry Flynt Larry Flynt Courtney Michelle Love -LRB- born Courtney Michelle Harrison ; born July 9 , 1964 -RRB- is an American singer , actress , writer , and visual artist .",SUPPORTS
"Liverpool F.C.'s anthem is ""Wonderwall"".",,REFUTES
Avatar premiered in London.,"Following the film 's success , Cameron signed with 20th Century Fox to produce three sequels , making Avatar the first of a planned tetralogy . 20th Century Fox 20th Century Fox",SUPPORTS
Nikola Tesla was a Serbian-American citizen.,"Nikola Tesla -LRB- Никола Тесла 10 July 1856 -- 7 January 1943 -RRB- was a Serbian-American inventor , electrical engineer , mechanical engineer , physicist , and futurist who is best known for his contributions to the design of the modern alternating current -LRB- AC -RRB- electricity supply system . Serbian-American Serbian-American electrical engineer electrical engineer mechanical engineer mechanical engineering physicist physicist futurist futurist alternating current alternating current electricity supply electricity supply Serbian Americans -LRB- Амерички Срби / Američki Srbi -RRB- are United States citizens of Serb ethnic ancestry . Serbian Serbian language United States United States Serb ethnic ancestry Serbs",SUPPORTS
The Narrows is an 2006 film.,"The Narrows is an American 2008 independent film starring Kevin Zegers , Sophia Bush , Vincent D'Onofrio , Eddie Cahill and Monica Keena . Kevin Zegers Kevin Zegers Sophia Bush Sophia Bush Eddie Cahill Eddie Cahill Monica Keena Monica Keena Vincent D'Onofrio Vincent D'Onofrio",REFUTES
Uzbekistan is a member of the Organization for Security and Co-operation in Europe (OSCE).,,SUPPORTS
Canada's languages possess equal standing of their state.,,NEI
Lily James withdrew from the cast of Baby Driver before filming began.,"Baby Driver is a 2017 British -- American action comedy film written and directed by Edgar Wright , and starring Ansel Elgort , Kevin Spacey , Lily James , Jon Bernthal , Eiza González , Jon Hamm and Jamie Foxx . Edgar Wright Edgar Wright Ansel Elgort Ansel Elgort Kevin Spacey Kevin Spacey Lily James Lily James Jon Bernthal Jon Bernthal Eiza González Eiza González Jon Hamm Jon Hamm Jamie Foxx Jamie Foxx action action film comedy film comedy film",REFUTES
Long Road Out of Eden only had September on it.,The album debuted at # 1 in the U.S. and won the band two Grammy awards for `` How Long '' and the instrumental `` I Dreamed There Was No War '' . How Long How Long (J. D. Souther song) The album became the band 's sixth # 1 album and was the highest selling album of the year .,REFUTES
Rain Man is incapable of winning an Oscar.,,REFUTES
G-Dragon was denied membership for Big Bang.,"After six years as a trainee under the record label YG Entertainment , G-Dragon rose to fame in the mid-2000s as one of two rappers in the South Korean hip hop boy band Big Bang . YG Entertainment YG Entertainment Big Bang Big Bang (South Korean band) hip hop Hip hop music The EP became the highest-selling album by a Korean soloist since his own Heartbreaker . Heartbreaker Heartbreaker (G-Dragon album) EP Extended play",REFUTES
2001: A Space Odyssey was distributed by Metro-Goldwyn-Mayer.,Kubrick had shot his previous two films in England and decided to settle there permanently during filming .,SUPPORTS
Lance Armstrong had HIV.,,NEI
Franklin D. Roosevelt was not born in 1882.,"Franklin Delano Roosevelt -LRB- -LSB- ˈroʊzəvəlt -RSB- , his own pronunciation , or -LSB- - en ˈroʊzəvɛlt -RSB- January 30 , 1882 -- April 12 , 1945 -RRB- , commonly known as FDR , was an American statesman and political leader who served as the 32nd President of the United States from 1933 until his death in 1945 . 32nd President of the United States List of Presidents of the United States",REFUTES
James Taylor sold 12 million copies of an album.,Every album that he released from 1977 to 2007 sold over a million copies . Greatest Hits is the first compilation album by American singer-songwriter James Taylor . James Taylor James Taylor,SUPPORTS
Kick-Ass is only a comic book.,"Kick-Ass is a 2010 British-American superhero black comedy film based on the comic book of the same name by Mark Millar and John Romita , Jr. . Kick-Ass Kick-Ass (comic book) Mark Millar Mark Millar superhero superhero film black comedy film black comedy film comic book of the same name Kick-Ass (comic book) The film was directed by Matthew Vaughn , who produced with Brad Pitt and co-wrote the screenplay with Jane Goldman . Matthew Vaughn Matthew Vaughn Brad Pitt Brad Pitt Jane Goldman Jane Goldman It is the first installment of the Kick-Ass film series . Kick-Ass Kick-Ass (comic book)",REFUTES
The Jim Crow laws mandated gerrymandering.,,NEI
Indonesia's wilderness has life.,"Agriculture mainly produces rice , palm oil , tea , coffee , cacao , medicinal plants , spices and rubber . oil oil Agriculture Agriculture in Indonesia rice rice palm oil palm oil tea tea coffee coffee cacao cacao bean medicinal plants medicinal plants rubber Natural rubber",SUPPORTS
Just My Luck (2006 film) stars a tree.,,NEI
San Bernardino is a county located within Southern California.,"The region is traditionally described as eight counties , based on demographics and economic ties : Imperial , Los Angeles , Orange , Riverside , San Bernardino , San Diego , Santa Barbara , and Ventura . Imperial Imperial County, California Los Angeles Los Angeles County Orange Orange County, California Riverside Riverside County, California San Bernardino San Bernardino County San Diego San Diego County, California Santa Barbara Santa Barbara County Ventura Ventura, California counties List of counties in California Southern California 's southern border is part of the Mexico -- United States border . California California San Bernardino County , officially the County of San Bernardino , is a county located in the southern portion of the U.S. state of California . County County (United States) San Bernardino San Bernardino, California county County (United States) U.S. state U.S. state California California The Colorado Desert and the Colorado River are located on Southern California 's eastern border with Arizona , and the Mojave Desert is located north on California 's Nevada border . California California Nevada Nevada Colorado Desert Colorado Desert Colorado River Colorado River Arizona Arizona Mojave Desert Mojave Desert There is a high concentration of sprawling tract housing communities around Riverside and along the Interstate 10 , 15 , and 215 freeways . Riverside Riverside, California tract housing tract housing",SUPPORTS
Hulk's coloration has not varied.,"One of the most iconic characters in popular culture , the character has appeared on a variety of merchandise , such as clothing and collectable items , inspired real-world structures -LRB- such as theme park attractions -RRB- , and been referenced in a number of media .",REFUTES
John Lennon was a person.,"John Winston Ono Lennon , -LRB- born John Winston Lennon ; 9 October 19408 December 1980 -RRB- was an English guitarist , singer , and songwriter who co-founded the Beatles , the most commercially successful and musically influential band in the history of popular music . the Beatles the Beatles",SUPPORTS
One bed-in was at Fairmont The Queen Elizabeth in egg.,,NEI
Attack on Titan is based on another work.,,NEI
David Schwimmer did not appear in Duane Hopwood.,Schwimmer made his feature film directorial debut with the 2007 comedy Run Fatboy Run . Run Fatboy Run Run Fatboy Run,REFUTES
Sarah Silverman was involved with a film directed by an American film producer and director Seth MacFarlane.,,NEI
Franklin D. Roosevelt implemented a strategy on two fronts.,,SUPPORTS
Lily Collins' first role on television was at the age of six.,Her first screen role was at the age of two in the BBC series Growing Pains . BBC BBC Growing Pains Growing Pains (BBC) Growing Pains was a short-running British television series aired by the BBC on BBC1 . BBC1 BBC One BBC BBC,REFUTES
Martina Navratilova is German.,"Martina Navratilova -LRB- Martina Navrátilová -LSB- ˈmarcɪna ˈnavraːcɪlovaː -RSB- ; born Martina Šubertová -LSB- ˈmarcɪna ˈʃubɛrtovaː -RSB- ; October 18 , 1956 -RRB- is a Czech and American retired tennis player and coach . tennis tennis Czech Czech republic",REFUTES
"Bonnie Hunt was a lead in Monsters, Inc.",,NEI
Troy Baker's indie band has yet to release any music.,,REFUTES
"Dhool featured, in a lead role, an Indian film actor who has won seven Filmfare Awards.","The film featured Jyothika , Vikram and Reemma Sen in the lead roles , while Vivek , Sayaji Shinde , Telangana Sakunthala and Pasupathy among others play supporting roles . Jyothika Jyothika Vikram Vikram (actor) Reemma Sen Reemma Sen Vivek Vivek (actor) Sayaji Shinde Sayaji Shinde Pasupathy Pasupathy Kennedy John Victor , known professionally as Vikram or Chiyaan Vikram , is an Indian film actor who predominantly appears in Tamil language films and has won seven Filmfare Awards as well as one National Film Award and Tamil Nadu State Film Award amongst other recognitions and was awarded an Honorary Doctorate by the People 's University of Milan in May 2011 . Tamil Nadu Tamil Nadu Tamil language Tamil cinema Filmfare Awards Filmfare Awards South National Film Award National Film Award (India) Tamil Nadu State Film Award Tamil Nadu State Film Awards Honorary Doctorate Honorary Doctorate",SUPPORTS
"Thailand's total area is approximately 1,000,000 square kilometers.","With a total area of approximately 513000 km2 , Thailand is the world 's 50th-largest country . 50th-largest country List of countries and dependencies by area",REFUTES
Samuel Witwer is a model.,,NEI
Taylor Swift was successful outside of the native country of Taylor Swift.,,NEI
Romelu Lukaku coaches for the Belgium national team.,,NEI
Shia LaBeouf was in the Disney Channel series That's So Raven.,,NEI
John F. Kennedy is a fourth-generation scion of the Kennedy family.,,NEI
Stone Temple Pilots are a band.,"Stone Temple Pilots -LRB- sometimes abbreviated as STP -RRB- are an American rock band from San Diego , California , that originally consisted of Scott Weiland -LRB- lead vocals -RRB- , brothers Dean -LRB- guitar -RRB- and Robert DeLeo -LRB- bass , backing vocals -RRB- , and Eric Kretz -LRB- drums -RRB- . Scott Weiland Scott Weiland Eric Kretz Eric Kretz Robert DeLeo Robert DeLeo rock Rock music San Diego San Diego California California Dean Dean DeLeo",SUPPORTS
IO Theater is a place where people train.,"iO , or iO Chicago , -LRB- formerly known as `` ImprovOlympic '' -RRB- is an improv theater and training center in central Chicago , with a branch in Los Angeles called iO West . Chicago Chicago Los Angeles Los Angeles iO West iO West",SUPPORTS
Helena Bonham Carter was in Dark Alice.,,NEI
The Woman in Red is a mystery film.,,NEI
Ivanka Trump is the daughter of a president.,"She is the daughter of the president and his first wife , former model Ivana Trump . Ivana Trump Ivana Trump",SUPPORTS
The action comedy film Baby Driver was filmed on digital video.,,NEI
Philadelphia is home to the first U.S. post office.,,NEI
The Man in the High Castle is a speculative novel.,,NEI
Syd Barrett was a guitarist for Pink Floyd.,"Best known as a founder member of the band Pink Floyd , Barrett was the lead singer , guitarist and principal songwriter in its early years and is credited with naming the band . Pink Floyd Pink Floyd Barrett Barrett (album) Barrett was excluded from Pink Floyd in April 1968 after David Gilmour took over as their new guitarist , and was briefly hospitalised amid speculation of mental illness . Pink Floyd Pink Floyd David Gilmour David Gilmour mental illness Mental disorder Barrett Barrett (album) Guitarist and vocalist David Gilmour joined in December 1967 ; Barrett left in April 1968 due to deteriorating mental health . Gilmour David Gilmour Barrett Syd Barrett David Gilmour David Gilmour mental health mental health The album was recorded over the course of a year with five different producers -LRB- Peter Jenner , Malcolm Jones , David Gilmour , Roger Waters and Barrett himself -RRB- . David Gilmour David Gilmour Peter Jenner Peter Jenner Roger Waters Roger Waters Barrett Barrett (album) Barrett is the second and final studio album of new material released by former Pink Floyd frontman Syd Barrett . Syd Barrett Syd Barrett (album) Pink Floyd Pink Floyd",SUPPORTS
Maria Halle Berry is Halle Berry's birthname,"Halle Maria Berry -LRB- born Maria Halle Berry ; August 14 , 1966 -RRB- is an American actress .",SUPPORTS
Drama school offers a Ph.D.,,NEI
The Great Debaters stars Forest Whitaker as Darth Maul.,,NEI
The Beach Boys had a sound that was unique.,"The group , led by their principal songwriter and producer Brian , pioneered novel approaches to popular music form and production , combining their affinities for jazz-based vocal groups , 1950s rock and roll , and black R&B to create their unique sound . rock Rock music Brian Brian Wilson popular popular music music form musical form production record producer jazz jazz rock and roll rock and roll R&B R&B",SUPPORTS
Emily Blunt is Thai.,Emily Olivia Leah Blunt -LRB- born 23 February 1983 -RRB- is a British film and stage actress .,REFUTES
Ivanka Trump began serving.,,NEI
Adienne Bailon writes and performs her own slam-poetry.,,NEI
Tyrion Lannister appears in 2 or more novels by George R. R. Martin.,"The character will also appear in the forthcoming volume The Winds of Winter . The Winds of Winter The Winds of Winter Tyrion was one of a few prominent characters that were not included in 2005 's A Feast for Crows , but returned in the next novel A Dance with Dragons -LRB- 2011 -RRB- . A Feast for Crows A Feast for Crows A Dance with Dragons A Dance with Dragons In the story , Tyrion uses his status as a Lannister to mitigate the impact of the marginalization and derision he has received all of his life -- even from his own family . The popularity of the character led Martin and Bantam Books to publish The Wit & Wisdom of Tyrion Lannister , an illustrated collection of Tyrion quotes from the novels , in 2013 . Bantam Books Bantam Books The Wit & Wisdom of Tyrion Lannister The Wit & Wisdom of Tyrion Lannister",SUPPORTS
Emily Ratajkowski was in The Spoils Before Dying.,,SUPPORTS
Francis Ford Coppola is not a producer.,"Francis Ford Coppola -LRB- -LSB- pronˈkoʊpələ -RSB- born April 7 , 1939 -RRB- , also credited as Francis Coppola , is a semi-retired American film director , producer , and screenwriter . film director film director producer Film producer screenwriter screenwriter While a number of Coppola 's ventures in the 1980s and 1990s were critically lauded , he has never quite achieved the same commercial success with films as in the 1970s . 1980s 1980s in film 1990s 1990s in film 1970s 1970s in film",REFUTES
Winona Rider has only ever played one role.,"She later appeared in the coming of age drama Mermaids -LRB- 1990 -RRB- , earning a Golden Globe nomination , and in the same year appeared alongside Johnny Depp in Burton 's dark fairy-tale Edward Scissorhands -LRB- 1990 -RRB- , and shortly thereafter with Keanu Reeves in Francis Ford Coppola 's gothic romance Bram Stoker 's Dracula -LRB- 1992 -RRB- . coming of age coming of age Mermaids Mermaids (1990 film) Golden Globe 74th Golden Globe Awards Johnny Depp Johnny Depp Edward Scissorhands Edward Scissorhands Keanu Reeves Keanu Reeves Francis Ford Coppola Francis Ford Coppola In 2000 , Ryder received a star on the Hollywood Walk of Fame , honoring her legacy in the film industry . Hollywood Walk of Fame Hollywood Walk of Fame Ryder 's personal life has attracted significant media attention .",REFUTES
Jack Black can't act.,"He is known for his roles in High Fidelity -LRB- 2000 -RRB- , Shallow Hal -LRB- 2001 -RRB- , School of Rock -LRB- 2003 -RRB- , King Kong -LRB- 2005 -RRB- , The Holiday -LRB- 2006 -RRB- , Nacho Libre -LRB- 2006 -RRB- , Kung Fu Panda -LRB- 2008 -RRB- , Tropic Thunder -LRB- 2008 -RRB- , Gulliver 's Travels -LRB- 2010 -RRB- , Kung Fu Panda 2 -LRB- 2011 -RRB- , Bernie -LRB- 2011 -RRB- , Goosebumps -LRB- 2015 -RRB- , and Kung Fu Panda 3 -LRB- 2016 -RRB- . High Fidelity High Fidelity (film) Shallow Hal Shallow Hal School of Rock School of Rock King Kong King Kong (2005 film) The Holiday The Holiday Nacho Libre Nacho Libre Kung Fu Panda Kung Fu Panda Tropic Thunder Tropic Thunder Kung Fu Panda 2 Kung Fu Panda 2 Bernie Bernie (2011 film) Goosebumps Goosebumps (film) Kung Fu Panda 3 Kung Fu Panda 3 He has been nominated for two Golden Globe Awards . Golden Globe Awards Golden Globe Awards",REFUTES
Marcus Allen was a Super Bowl MVP in the 1980s.,,NEI
One-Punch Man tells the story of an overpowered superhero.,"One-Punch Man tells the story of Saitama , an extremely overpowered superhero , who has grown bored by the absence of challenge in his fight against evil and seeks to find a worthy opponent . One One (manga artist) superhero superhero Saitama List of One-Punch Man characters#Saitama",SUPPORTS
Tanzania is outside Africa.,"Tanzania -LSB- ˌtænzəˈniːə -RSB- , officially the United Republic of Tanzania -LRB- Jamhuri ya Muungano wa Tanzania -RRB- , is a country in Eastern Africa within the African Great Lakes region . Eastern Africa Eastern Africa African Great Lakes African Great Lakes Parts of the country are in Southern Africa . Southern Africa Southern Africa Mount Kilimanjaro , Africa 's highest mountain , is in northeastern Tanzania . Mount Kilimanjaro Mount Kilimanjaro",REFUTES
"The Outcasts was released on April 14, 2017.",,SUPPORTS
A Song of Ice and Fire is by someone.,A Song of Ice and Fire is a series of epic fantasy novels by the American novelist and screenwriter George R. R. Martin . George R. R. Martin George R. R. Martin epic fantasy epic fantasy,SUPPORTS
Titanium was written in part by Hardwell.,,NEI
Gayathri Raguram worked in finance.,,NEI
Walt Whitman was born in a town on an island.,"Whitman 's major work , Leaves of Grass , was first published in 1855 with his own money . Leaves of Grass Leaves of Grass The Town of Huntington is one of ten towns in Suffolk County , New York , United States . Town Administrative divisions of New York#Town County List of counties in New York Suffolk Suffolk County, New York towns Administrative divisions of New York#Town",SUPPORTS
Clint Eastwood won at least two raffles.,,NEI
Shahid Kapoor starred in a movie.,"After appearing in another series of box office flops , he starred in the action film R. .",SUPPORTS
Nosedive is an episode of a romance series.,"`` Nosedive '' is the first episode of the third series of British science fiction anthology series Black Mirror . Black Mirror Black Mirror British List of British television programmes science fiction Science fiction on television anthology series anthology series Black Mirror is a British science fiction television anthology series created by Charlie Brooker and centred around dark and satirical themes that examine modern society , particularly with regard to the unanticipated consequences of new technologies . Charlie Brooker Charlie Brooker science fiction science fiction anthology series anthology series",REFUTES
"The 2013 NBA draft was held starting at 2 p. m. on June 27, 2013.",,NEI
Homeland's main character has a mood disorder.,"The series is broadcast in the U.S. on the cable channel Showtime , and is produced by Fox 21 Television Studios -LRB- formerly Fox 21 -RRB- . Fox 21 Television Studios Fox 21 Television Studios Showtime Showtime (TV network) cable channel cable channel",SUPPORTS
Seppuku is homicide by disembowelment.,"Seppuku -LRB- 切腹 , `` cutting -LSB- the -RSB- abdomen/belly '' , formal on reading of original Kanji -RRB- , sometimes metathesized as harakiri -LRB- 腹切り , `` abdomen/belly cutting '' -RRB- which is a native Japanese kun reading , is a form of Japanese ritual suicide by disembowelment . on reading Kanji#Readings Kanji Kanji metathesized Metathesis (linguistics) kun reading Kanji#Readings suicide suicide disembowelment disembowelment",REFUTES
Ted Kennedy was in a boating accident.,,NEI
In Secret was based on a book published in the 17th century.,"Based on Émile Zola 's 1867 classic novel Thérèse Raquin , the film stars Elizabeth Olsen , Tom Felton , Oscar Isaac and Jessica Lange . Thérèse Raquin Thérèse Raquin Émile Zola Émile Zola Elizabeth Olsen Elizabeth Olsen Tom Felton Tom Felton Oscar Isaac Oscar Isaac Jessica Lange Jessica Lange classic Classic book",REFUTES
The Greenland shark is also known as the grey shark.,"The Greenland shark -LRB- Somniosus microcephalus -RRB- , also known as the gurry shark , or grey shark , or by the Inuit name eqalussuaq , is a large shark of the family Somniosidae -LRB- `` sleeper sharks '' -RRB- , closely related to the Pacific and southern sleeper sharks . Somniosidae Somniosidae Somniosus Somniosus Inuit Inuit languages shark shark Pacific Pacific sleeper shark",SUPPORTS
Gregor Clegane was introduced in 1999's A Game of Thrones.,Ser Gregor Clegane is a huge knight and the elder brother of Sandor Clegane . Sandor Clegane Sandor Clegane knight knight,REFUTES
Patriot Act allows law enforcement officers to search a business without owner's consent and knowledge.,,SUPPORTS
The Council on Foreign Relations is a for-profit.,"The Council on Foreign Relations -LRB- CFR -RRB- , founded in 1921 , is a United States nonprofit think tank specializing in U.S. foreign policy and international affairs . think tank think tank United States United States nonprofit nonprofit foreign policy foreign policy international affairs International relations",REFUTES
Ava DuVernay has avoided film marketing her entire life.,"Ava Marie DuVernay -LRB- -LSB- ˈeɪvə_ˌdjuːvərˈneɪ -RSB- born August 24 , 1972 -RRB- is an American director , screenwriter , film marketer , and film distributor . American United States film marketer film marketing film distributor film distributor",REFUTES
Linda Schuyler is a Jamaican only.,"Linda Schuyler , -LRB- née Bawcutt ; born in 1948 in London , England -RRB- is a Canadian television producer involved in the creation and production of the Degrassi series and Instant Star series of teen programs . London London England England née née",REFUTES
Anil Kapoor has been a producer since the 2000s.,"His career has spanned almost 40 years as an actor , and as a producer since 2005 . producer Film producer",SUPPORTS
Emma Stone is a widow.,,NEI
This Sporting Life was Richard Harris's first role.,,NEI
Lost Highway (film) is a film.,Lost Highway is a 1997 French-American film written and directed by David Lynch . David Lynch David Lynch,SUPPORTS
Chris Carter has a television career.,"Chris Carter -LRB- born October 13 , 1956 -RRB- is an American television and film producer , director and writer . After beginning his television career working on television films for Walt Disney Studios , Carter rose to fame in the early 1990s after creating the science fiction-supernatural television series The X-Files for the Fox network . The X-Files The X-Files (film) Walt Disney Studios Walt Disney Studios (production) science fiction science fiction supernatural supernatural fiction Fox network Fox Broadcasting Company",SUPPORTS
Portal 2 was released for Xbox.,"It is the sequel to Portal -LRB- 2007 -RRB- and was released on April 19 , 2011 , for Microsoft Windows , OS X , Linux , PlayStation 3 , and Xbox 360 . Portal Portal (video game) Microsoft Windows Microsoft Windows OS X OS X Linux Linux PlayStation 3 PlayStation 3 Xbox 360 Xbox 360",SUPPORTS
Iceland has a diverse economy.,It maintains a Nordic social welfare system that provides universal health care and tertiary education for its citizens . Nordic Nordic countries Nordic social welfare system Nordic model universal health care universal health care,SUPPORTS
Dhool was directed by snails.,"Dhool -LRB- Super -RRB- is a 2003 Indian Tamil-language action masala film directed by Dharani . Dharani Dharani (director) Tamil-language Tamil language Dharani -LRB- born V. C. Ramani -RRB- is an Indian film director , who primarily directs action-masala films . film director film director action action film masala films masala (film genre)",REFUTES
Lightning rod cost hundreds of dollars.,,NEI
Short Term 12 is a romantic American film.,,NEI
"Curse, Inc. has only ever been used by the game Kirby Air Ride.","Curse has several primary functions , the most notable of which include an add-on and modification service called Curse Client for such games as World of Warcraft , Rift , The Elder Scrolls V : Skyrim , Terraria , Kerbal Space Program , and Minecraft , a collection of over 1000 gaming wikis known as Gamepedia , and a Voice over IP -LRB- VoIP -RRB- service called Curse Voice . VoIP VoIP World of Warcraft World of Warcraft Rift Rift (video game) Terraria Terraria Kerbal Space Program Kerbal Space Program Minecraft Minecraft",REFUTES
Susan Sarandon received nominations for plays.,,SUPPORTS
Minions was written by Stephen King.,"Produced by Illumination Entertainment for Universal Pictures , it was directed by Pierre Coffin and Kyle Balda , written by Brian Lynch , and produced by Chris Meledandri and Janet Healy . Pierre Coffin Pierre Coffin Kyle Balda Kyle Balda Chris Meledandri Chris Meledandri Brian Lynch Brian Lynch (writer) Illumination Entertainment Illumination Entertainment Universal Pictures Universal Studios",REFUTES
"Charles, Prince of Wales was born on January 1, 2013.","Charles , Prince of Wales -LRB- Charles Philip Arthur George ; born 14 November 1948 -RRB- is the eldest child and heir apparent of Queen Elizabeth II . Prince of Wales Prince of Wales Elizabeth II Elizabeth II heir apparent heir apparent Elizabeth Queen Elizabeth The Queen Mother Known alternatively in South West England as Duke of Cornwall and in Scotland as Duke of Rothesay , he is the longest-serving heir apparent in British history , having held the position since 1952 . heir apparent heir apparent South West England South West England Duke of Cornwall Duke of Cornwall Scotland Scotland Duke of Rothesay Duke of Rothesay In 1996 , the couple divorced , following well-publicised extramarital affairs . Charles 's interests encompass a range of humanitarian and social issues : he founded The Prince 's Trust in 1976 , sponsors The Prince 's Charities , and is patron of numerous other charitable and arts organisations . As an environmentalist , he has received numerous awards and recognition from environmental groups around the world . environmentalist environmentalist numerous awards and recognition List of awards received by Charles, Prince of Wales",REFUTES
My Everything debuted at a number in a country.,"It debuted at number one in Australia and Canada as well , and peaked in the top ten of twenty countries worldwide .",SUPPORTS
Anne Bancroft won one Academy Award in 2005.,,NEI
Mark Burg is an American.,"Mark Burg -LRB- born December 9 , 1959 -RRB- is an American film producer , manager and actor , perhaps best known for his work on the Saw film series and on the CBS sitcom Two and a Half Men . manager manager actor actor film producer film producer Saw Saw (franchise) CBS CBS sitcom sitcom Two and a Half Men Two and a Half Men",SUPPORTS
Nelson Mandela is American.,,NEI
Laurence Olivier is a singer.,,NEI
Arrow has been renewed for a seventh season.,,NEI
Jared Padalecki played a love interest in Gilmore Girls.,,NEI
This Sporting Life won Richard Harris a Best Actor Award.,Rachel Roberts won her second BAFTA award for This Sporting Life and an Oscar nomination for best actress . This Sporting Life This Sporting Life (novel) Rachel Roberts Rachel Roberts (actress) Oscar Academy Awards BAFTA award BAFTA Award for Best Actress in a Leading Role#Winners and nominees of the BAFTA Award for Best British Actress Oscar nomination for best actress Academy Award for Best Actress,SUPPORTS
Michael McCary was born December of 1971 in the Bronx.,,NEI
Burundi is a squid.,"Burundi -LRB- -LSB- bəˈrʊndi -RSB- or -LSB- bəˈrʌndi -RSB- -RRB- , officially the Republic of Burundi -LRB- Republika y' Uburundi , -LSB- buˈɾundi -RSB- République du Burundi , -LSB- buʁundi -RSB- or -LSB- byʁyndi -RSB- -RRB- , is a landlocked country in the African Great Lakes region of East Africa , bordered by Rwanda to the north , Tanzania to the east and south , and the Democratic Republic of the Congo to the west . landlocked country landlocked country African Great Lakes African Great Lakes East Africa East Africa Rwanda Rwanda Tanzania Tanzania Democratic Republic of the Congo Democratic Republic of the Congo Both Germans and Belgians ruled Burundi and Rwanda as a European colony known as Ruanda-Urundi . Ruanda-Urundi Ruanda-Urundi Rwanda Rwanda",REFUTES
Kaitlin Olson had major roles in all the companies she has been part of.,"She began her career in the Groundlings , an improvisational group in Los Angeles , California , and had minor roles in several television series before being cast as Deandra `` Sweet Dee '' Reynolds on the FX black comedy series It 's Always Sunny in Philadelphia in 2005 . Groundlings Groundlings FX FX Network black comedy black comedy",REFUTES
Jing Tian is a Chinese citizen.,"Jing Tian -LRB- born July 21 , 1988 -RRB- is a Chinese actress .",SUPPORTS
Horrible Bosses was created in 2001.,"Horrible Bosses is a 2011 American black comedy film directed by Seth Gordon , written by Michael Markowitz , John Francis Daley and Jonathan Goldstein , based on a story by Markowitz . Seth Gordon Seth Gordon Michael Markowitz Michael Markowitz John Francis Daley John Francis Daley Jonathan Goldstein Jonathan Goldstein (screenwriter) black comedy black comedy The film premiered in Los Angeles on June 30 , 2011 , and was released on July 8 , 2011 . Los Angeles Los Angeles The plot received a more mixed response ; some reviewers felt that its dark , humorous premise was explored well , while others felt the jokes were racist , homophobic and misogynistic . racist racism homophobic homophobia misogynistic misogyny The film exceeded financial expectations , accruing over $ 28 million in the first three days , making it the number two film in the United States during its opening weekend , and going on to become the highest-grossing black comedy film of all-time in unadjusted dollars , breaking the record previously set by The War of the Roses in 1990 . black comedy black comedy The War of the Roses The War of the Roses (film)",REFUTES
Treasure was made after the Moonshine Jungle Tour.,"`` Treasure '' is a song recorded by Bruno Mars for his second studio album , titled Unorthodox Jukebox -LRB- 2012 -RRB- . Bruno Mars Bruno Mars Unorthodox Jukebox Unorthodox Jukebox",REFUTES
Francois de Belleforest translated the works of Sebastian Munster for Goethe.,,NEI
Annie Parisse is German.,"Anne Marie Cancelmi -LRB- born July 31 , 1975 -RRB- , known professionally as Annie Parisse , is an American actress .",REFUTES
The Falling refused to cast Florence Pugh.,It stars Maisie Williams and Florence Pugh as best friends at an all-girls school . Maisie Williams Maisie Williams Florence Pugh Florence Pugh,REFUTES
Deadpool was initially depicted as a superhero.,"Initially Deadpool was depicted as a supervillain when he made his first appearance in The New Mutants and later in issues of X-Force , but later evolved into his more recognizable antiheroic persona . The New Mutants The New Mutants X-Force X-Force Deadpool Deadpool (film)",REFUTES
Marcus Allen's younger sister is a former professional quarterback.,,NEI
Marcus Rashford was an English professional basketball player.,,NEI
New Horizons was sent to record data on Mars.,"Engineered by the Johns Hopkins University Applied Physics Laboratory -LRB- APL -RRB- and the Southwest Research Institute -LRB- SwRI -RRB- , with a team led by S. Alan Stern , the spacecraft was launched in 2006 with the primary mission to perform a flyby study of the Pluto system in 2015 , and a secondary mission to fly by and study one or more other Kuiper belt objects -LRB- KBOs -RRB- in the decade to follow . Pluto Pluto APL Applied Physics Laboratory SwRI Southwest Research Institute Johns Hopkins University Johns Hopkins University Applied Physics Laboratory Applied Physics Laboratory Southwest Research Institute Southwest Research Institute S. Alan Stern Alan Stern flyby Planetary flyby Kuiper belt Kuiper belt",REFUTES
Black Sails was filmed on New Providence Island.,,NEI
"The population of New Orleans is 343,829.","The population of the city was 343,829 as of the 2010 U.S. Census . 2010 U.S. Census 2010 United States Census",SUPPORTS
Extracorporeal shockwave therapy (ESWT) is used in geriatric physical therapy.,,NEI
Lisa Lopes collaborated with Leona Lewis.,,NEI
Sylvester Stallone's first name is Jason.,"Michael Sylvester Gardenzio Stallone -LRB- -LSB- stəˈloʊn -RSB- -LSB- stalˈloːne -RSB- ; born July 6 , 1946 -RRB- is an American actor , filmmaker , and screenwriter .",REFUTES
Patrick Dempsey is in one of the Transformers movies.,"He has since then starred in a number of other films , including Enchanted -LRB- 2007 -RRB- , Made of Honor -LRB- 2008 -RRB- , Valentine 's Day -LRB- 2010 -RRB- , Flypaper -LRB- 2011 -RRB- , Freedom Writers -LRB- 2007 -RRB- , Transformers : Dark of the Moon -LRB- 2011 -RRB- and Bridget Jones 's Baby -LRB- 2016 -RRB- . 2007 2007 Rolex Sports Car Series season 2010 2010 Continental Tire Sports Car Challenge season Enchanted Enchanted (2007 film) Made of Honor Made of Honor Flypaper Flypaper (2011 film) Freedom Writers Freedom Writers",SUPPORTS
Solange Knowles has an album called Solo Star.,"At age 16 , Knowles released her first studio album Solo Star -LRB- 2002 -RRB- . Solo Star Solo Star",SUPPORTS
The Belko Experiment was directed by James Gunn.,The Belko Experiment is a 2016 American horror film directed by Greg McLean and written by James Gunn . Greg McLean Greg McLean James Gunn James Gunn horror film horror film,REFUTES
Taiwan is not the 22nd-largest economy in the world.,"Today only a few smaller nations recognize the ROC as the sole legal representative of China , but many other states maintain unofficial ties through representative offices and institutions that function as de facto embassies and consulates . China China de facto de facto representative offices Taipei Economic and Cultural Representative Office",REFUTES
The Olympic Games does not have both Summer and Winter Olympic Games.,"The Olympic Games are held every four years , with the Summer and Winter Games alternating by occurring every four years but two years apart . four years Olympiad Summer Summer Olympic Games Winter Games Winter Olympic Games",REFUTES
John Cena is a professional dancer.,,NEI
William Jennings Bryan is from a family of five.,,NEI
The Houston Rockets have bought two NBA championships.,The Rockets have won two NBA championships and four Western Conference titles . Western Western Conference (NBA) Western Conference Western Conference (NBA),REFUTES
"Dallol, Ethiopia has been called a ghost town.",The Central Statistical Agency has not published an estimate for this settlement 's 2005 population ; it has been described as a ghost town . ghost town ghost town Central Statistical Agency Central Statistical Agency (Ethiopia),SUPPORTS
Thanos is a character that appeared in Microsoft endorsed products only.,,NEI
Song Sung Blue was written by Neil Diamond.,"`` Song Sung Blue '' is a 1972 hit song written and recorded by Neil Diamond , inspired by the second movement of Mozart 's Piano Concerto # 21 . Neil Diamond Neil Diamond 1972 1972 in music",SUPPORTS
Nicole Scherzinger had zero singles sold.,,REFUTES
Assassin's Creed is on consoles.,"The series has been well received by the public and critics , and has sold over 100 million copies , becoming Ubisoft 's best selling franchise and one of the highest selling video game franchises of all time . Ubisoft Ubisoft highest selling video game franchises of all time List of best-selling video game franchises Additionally from the video-games the series has been expanded into a film , comics and novels ; all of which take place within the same continuity as the main video-games series . film Assassin's Creed (film) novels Assassin's Creed (book series) The PlayStation 3 -LRB- PS3 -RRB- is a home video game console developed by Sony Interactive Entertainment . Sony Interactive Entertainment Sony Interactive Entertainment PlayStation PlayStation (console) home video game console home video game console PlayStation 4 -LRB- PS4 -RRB- is a line of home video game consoles developed by Sony Interactive Entertainment . Sony Interactive Entertainment Sony Interactive Entertainment Sony Sony PlayStation PlayStation The Wii U -LRB- -LSB- ˌwiː_ˈjuː -RSB- -RRB- is a home video game console developed by Nintendo , and the successor to the Wii . Nintendo Nintendo Wii Wii home video game console home video game console",SUPPORTS
Kangana Ranaut did not relocate to Delhi when she was sixteen.,"She received praise for portraying emotionally intense characters in the dramas Woh Lamhe -LRB- 2006 -RRB- , Life in a. . Woh Lamhe Woh Lamhe",REFUTES
Helena Bonham Carter is unable to act in movies.,"She is known for her roles in low-budget arthouse and independent films to large-scale Hollywood productions . arthouse arthouse independent films independent films Hollywood Hollywood She was nominated for the Academy Award for Best Actress for her role as Kate Croy in The Wings of the Dove -LRB- 1997 -RRB- . Academy Award for Best Actress Academy Award for Best Actress The Wings of the Dove The Wings of the Dove (1997 film) For her role as Queen Elizabeth in The King 's Speech -LRB- 2010 -RRB- , she was nominated for the Academy Award for Best Supporting Actress and won the BAFTA Award for Best Actress in a Supporting Role . Queen Elizabeth Queen Elizabeth The Queen Mother Academy Award for Best Supporting Actress Academy Award for Best Supporting Actress BAFTA Award for Best Actress in a Supporting Role BAFTA Award for Best Actress in a Supporting Role She has frequently collaborated with director Tim Burton ; in Planet of the Apes -LRB- 2001 -RRB- , Big Fish -LRB- 2003 -RRB- , Corpse Bride -LRB- 2005 -RRB- , Charlie and the Chocolate Factory -LRB- 2005 -RRB- , Mrs. Lovett in Sweeney Todd : The Demon Barber of Fleet Street -LRB- 2007 -RRB- , Dark Shadows -LRB- 2012 -RRB- , and playing the Red Queen in Alice in Wonderland -LRB- 2010 -RRB- and its sequel Alice Through the Looking Glass -LRB- 2016 -RRB- . Tim Burton Tim Burton Planet of the Apes Planet of the Apes (2001 film) Big Fish Big Fish Corpse Bride Corpse Bride Charlie and the Chocolate Factory Charlie and the Chocolate Factory (film) Mrs. Lovett Mrs. Lovett Dark Shadows Dark Shadows (film) Red Queen Red Queen (Through the Looking-Glass) Alice in Wonderland Alice in Wonderland (2010 film) Alice Through the Looking Glass Alice Through the Looking Glass (2016 film) Her other television films include A Pattern of Roses -LRB- 1983 -RRB- , Fatal Deception : Mrs. Lee Harvey Oswald -LRB- 1993 -RRB- , Live from Baghdad -LRB- 2002 -RRB- , Toast -LRB- 2010 -RRB- , and Burton & Taylor -LRB- 2013 -RRB- . television films television films A Pattern of Roses A Pattern of Roses Live from Baghdad Live from Baghdad (film) Toast Toast (film) Burton & Taylor Burton & Taylor",REFUTES
Pacific Rim is a film.,"Pacific Rim is a 2013 American science fiction monster film directed by Guillermo del Toro , and starring Charlie Hunnam , Idris Elba , Rinko Kikuchi , Charlie Day , Burn Gorman , Robert Kazinsky , Max Martini and Ron Perlman . Guillermo del Toro Guillermo del Toro Charlie Hunnam Charlie Hunnam Idris Elba Idris Elba Rinko Kikuchi Rinko Kikuchi Charlie Day Charlie Day Max Martini Max Martini Ron Perlman Ron Perlman science fiction science fiction film monster monster movie Burn Gorman Burn Gorman Robert Kazinsky Robert Kazinsky Focusing on the war 's later days , the story follows Raleigh Becket , a washed-up Jaeger pilot called out of retirement and teamed with rookie pilot Mako Mori as part of a last-ditch effort to defeat the Kaiju . Kaiju Kaiju A sequel titled Pacific Rim : Uprising , directed by Steven S. DeKnight and produced by Del Toro , and with Kikuchi , Day , and Gorman reprising their roles , is scheduled for release on February 23 , 2018 . Steven S. DeKnight Steven S. DeKnight",SUPPORTS
A cat was in Sunburn.,,NEI
The Heiress (1947 play) was written by American playwrights.,The Heiress is a 1947 play by American playwrights Ruth and Augustus Goetz adapted from the 1880 Henry James novel Washington Square . Augustus Goetz Augustus Goetz Ruth Ruth Goetz Henry James Henry James Washington Square Washington Square (novel),SUPPORTS
Gianluigi Buffon has won football titles with Juventus F.C.,"Despite rumours of his departure , Buffon remained with Juventus , contributing to the club 's Serie B title and promotion back to Serie A in 2007 . Juventus Juventus F.C. Serie A Serie A Serie B Serie B In total , he has won eight Serie A titles , three Coppa Italia titles , and five Supercoppa Italiana titles with Juventus . Juventus Juventus F.C. Serie A Serie A Coppa Italia Coppa Italia Supercoppa Italiana Supercoppa Italiana With the Italy national team , Buffon has been called up for an international record of five FIFA World Cup tournaments -LRB- 1998 , 2002 , 2006 , 2010 , 2014 -RRB- since making his debut in 1997 , featuring in four of them as Italy 's starting goalkeeper -LRB- he was an unused substitute in 1998 -RRB- . Italy Italy national football team FIFA World Cup FIFA World Cup goalkeeper Goalkeeper (association football) Italy national team Italy national football team 1998 1998 FIFA World Cup 2002 2002 FIFA World Cup 2006 2006 FIFA World Cup 2010 2010 FIFA World Cup 2014 2014 FIFA World Cup He was the starting goalkeeper of the Italian team that won the 2006 FIFA World Cup , which saw him keep a record five clean sheets , and concede only two goals , neither of which were in open play . FIFA World Cup FIFA World Cup goalkeeper Goalkeeper (association football) 2006 2006 FIFA World Cup 2006 FIFA World Cup 2006 FIFA World Cup",SUPPORTS
Loki is the mother of Helblindi and Byleistr.,"Loki is the son of Fárbauti and Laufey , and the brother of Helblindi and Býleistr . Fárbauti Fárbauti Laufey Laufey Helblindi Helblindi Býleistr Býleistr",REFUTES
Gendry is a character created by J.K. Rowling.,"Gendry is a fictional character in the A Song of Ice and Fire series of fantasy novels by American author George R. R. Martin , and its television adaptation Game of Thrones . A Song of Ice and Fire A Song of Ice and Fire Game of Thrones Game of Thrones George R. R. Martin George R. R. Martin fictional character fictional character fantasy fantasy Gendry is an apprentice blacksmith in King 's Landing and an unacknowledged bastard of King Robert Baratheon . Robert Baratheon Robert Baratheon blacksmith blacksmith A Game of Thrones is the first novel in A Song of Ice and Fire , a series of fantasy novels by American author George R. R. Martin . George R. R. Martin George R. R. Martin A Song of Ice and Fire A Song of Ice and Fire fantasy fantasy Game of Thrones Game of Thrones Gendry is portrayed by Joe Dempsie in the HBO television adaptation . Joe Dempsie Joe Dempsie HBO HBO A Feast for Crows is the fourth of seven planned novels in the epic fantasy series A Song of Ice and Fire by American author George R. R. Martin . George R. R. Martin George R. R. Martin A Song of Ice and Fire A Song of Ice and Fire epic fantasy epic fantasy",REFUTES
Carter Jenkins stars in Famous in Love.,"The series stars Bella Thorne , Charlie DePew , Georgie Flores , Carter Jenkins , Niki Koss , Keith Powers , Pepi Sonuga , and Perrey Reeves . Bella Thorne Bella Thorne Carter Jenkins Carter Jenkins Keith Powers Keith Powers Perrey Reeves Perrey Reeves",SUPPORTS
"Alec Baldwin appeared in two films directed by Martin Scorsese, The Aviator and The Departed.","He has since played both leading and supporting roles in films such as the horror comedy fantasy film Beetlejuice -LRB- 1988 -RRB- , as Jack Ryan in the action thriller The Hunt for Red October -LRB- 1990 -RRB- , the romantic comedy The Marrying Man -LRB- 1991 -RRB- , the superhero film The Shadow -LRB- 1994 -RRB- , and two films directed by Martin Scorsese : the Howard Hughes biopic The Aviator -LRB- 2004 -RRB- and the neo-noir crime drama The Departed -LRB- 2006 -RRB- . Beetlejuice Beetlejuice Jack Ryan Jack Ryan (character) The Hunt for Red October The Hunt for Red October (film) The Marrying Man The Marrying Man The Shadow The Shadow (1994 film) Martin Scorsese Martin Scorsese Howard Hughes Howard Hughes The Aviator The Aviator (2004 film) The Departed The Departed The Aviator is a 2004 American epic biographical drama film directed by Martin Scorsese , written by John Logan . Martin Scorsese Martin Scorsese John Logan John Logan (writer) epic epic film biographical biographical film drama film drama film The Departed is a 2006 American crime drama film directed by Martin Scorsese and written by William Monahan . Martin Scorsese Martin Scorsese William Monahan William Monahan crime crime film drama film drama film",SUPPORTS
Connaught Tunnel is only outside of Canada.,"For the Connaught tunnel in East London , England , see Eastern Counties and Thames Junction Railway Eastern Counties and Thames Junction Railway Eastern Counties and Thames Junction Railway tunnel tunnel Connaught Connacht",REFUTES
Tetris was banned by Alexey Pajitnov.,,NEI
Paul Thomas Anderson penned a tragedy that involved psychology.,,NEI
Evan Chandler accused Michael Jackson of sexually abusing his daughter.,"In the summer of 1993 , Evan Chandler accused Michael Jackson of sexually abusing his 13-year-old son , Jordan . Evan Chandler Evan Chandler Michael Jackson Michael Jackson sexually abusing sexual abuse",REFUTES
William Jennings Bryan is from California.,"William Jennings Bryan -LRB- March 19 , 1860 -- July 26 , 1925 -RRB- was an American orator and politician from Nebraska , and a dominant force in the populist wing of the Democratic Party , standing three times as the Party 's nominee for President of the United States -LRB- 1896 , 1900 , and 1908 -RRB- . Nebraska Nebraska Democratic Democratic Party (United States) Democratic Party History of the United States Democratic Party 1896 United States presidential election, 1896 1900 United States presidential election, 1900 1908 United States presidential election, 1908",REFUTES
New Girl is a show.,"New Girl is an American sitcom television series that premiered on Fox on September 20 , 2011 . American Dave Finkel Fox Fox Broadcasting Company sitcom sitcom The sixth season premiered on September 20 , 2016 . The show has been nominated for several awards , including five Golden Globe Awards and five Primetime Emmy Awards . On May 14 , 2017 , FOX renewed the series for a seventh , and final season consisting of eight episodes . The Primetime Emmy Award is an American award bestowed by the Academy of Television Arts & Sciences -LRB- ATAS -RRB- in recognition of excellence in American primetime television programming . primetime prime time television television Academy of Television Arts & Sciences Academy of Television Arts & Sciences American Television in the United States Emmy Award Emmy Award",SUPPORTS
"Jennifer Aniston was born on February 11, 1969.","Jennifer Joanna Aniston -LRB- born February 11 , 1969 -RRB- is an American actress , producer , and businesswoman .",SUPPORTS
Tanya Roberts finished college in 1955.,"Victoria Leigh Blum -LRB- born October 15 , 1955 -RRB- , known by the stage name Tanya Roberts , is an American actress and producer . producer television producer stage name stage name",REFUTES
South Korean record executive Park Jin-young was a judge on K-pop Star 2.,"Yang Hyun-suk , Park Jin-young , and BoA returned as judges . BoA BoA Park Jin-young Park Jin-young Yang Hyun-suk Yang Hyun-Seok Park Jin-young -LRB- born December 13 , 1971 -RRB- , better known by his stage name J. Y. Park or JYP , is a South Korean singer-songwriter , record producer , reality television judge and record executive .",SUPPORTS
Mary-Louise Parker received an Emmy Award for Best Actress.,,NEI
John Cusack has worked on a film with a person.,,NEI
Saamy is an American film.,Saamy is a 2003 Indian Tamil action film written and directed by Hari . Hari Hari (director) Tamil Tamil language action film action film,REFUTES
Iran had conflicts with the Russian Empire.,,NEI
Nick Jonas released his debut album in Mexico.,,NEI
No Escape had pre-screenings throughout Peru.,,REFUTES
Karan Johar is a person who directs films for a living.,"Karan Johar -LRB- born 25 May 1972 -RRB- , often informally referred to as KJo , is an Indian film director , producer , screenwriter , costume designer , actor and television personality who is primarily known for his work in Hindi films . His counter-terrorism drama My Name Is Khan -LRB- 2010 -RRB- earned him his second Filmfare Award for Best Director . Best Director Filmfare Award for Best Director My Name Is Khan My Name Is Khan Kuch Kuch Hota Hai -LRB- English : Something Happens -RRB- also known as KKHH , is an Indian Hindi coming-of-age romantic comedy drama film , released in India and the United Kingdom on 16 October 1998 . Hindi Hindi language coming-of-age coming-of-age romantic comedy romantic comedy drama film drama film These , along with the several successful films he has produced under the Dharma Productions banner , have established him as one of the leading director-producers in Hindi cinema . produced List of Dharma Productions films Dharma Productions Dharma Productions Hindi cinema Bollywood My Name Is Khan is a 2010 Indian drama film directed by Karan Johar and produced by Hiroo Yash Johar and Gauri Khan and stars Shah Rukh Khan and Kajol in lead roles . Karan Johar Karan Johar Gauri Khan Gauri Khan Shah Rukh Khan Shah Rukh Khan Kajol Kajol 2010 Bollywood films of 2010",SUPPORTS
Richard Gere has no experience acting.,"Richard Tiffany Gere -LRB- -LSB- ˈɡɪər -RSB- ; born August 31 , 1949 -RRB- is an American actor and humanitarian activist . American People of the United States He began acting in the 1970s , playing a supporting role in Looking for Mr. Goodbar and a starring role in Days of Heaven . Looking for Mr. Goodbar Looking for Mr. Goodbar (film) Days of Heaven Days of Heaven He came to prominence in 1980 for his role in the film American Gigolo , which established him as a leading man and a sex symbol . American People of the United States American Gigolo American Gigolo leading man leading man sex symbol sex symbol He went on to star in several hit films , including An Officer and a Gentleman , Pretty Woman , Primal Fear , Runaway Bride , Arbitrage and Chicago , for which he won a Golden Globe Award for Best Actor and a Screen Actors Guild Award for part of the Best Cast . An Officer and a Gentleman An Officer and a Gentleman Pretty Woman Pretty Woman Primal Fear Primal Fear (film) Runaway Bride Runaway Bride (film) Arbitrage Arbitrage (film) Chicago Chicago (2002 film) Golden Globe Golden Globe Screen Actors Guild Screen Actors Guild",REFUTES
Steve Harvey is a singer.,,NEI
Colin Powell was the first African American to serve on the Joint Chiefs of Staff.,"Powell was the first , and so far the only , African American to serve on the Joint Chiefs of Staff . Joint Chiefs of Staff Joint Chiefs of Staff",SUPPORTS
"Dallol, Ethiopia does not have a published estimate for the settlement's 2003 population.",,NEI
Yamaha Corporation produces hardware.,,NEI
Uzbekistan is the first member of the Organization for Security and Co-operation in Europe (OSCE).,,NEI
Ontario contains The St. Clair River.,,NEI
Bam Margera is a professional snowboarder.,"Brandon Cole `` Bam '' Margera -LRB- -LSB- mɑrˈdʒɛərə -RSB- or ; born September 28 , 1979 -RRB- is an American professional skateboarder , stunt performer , and television personality . skateboarder skateboarder stunt performer stunt performer",REFUTES
Puerto Rico has a population of 3 thousand.,"Originally populated by the indigenous Taíno people , the island was claimed in 1493 by Christopher Columbus for the Crown of Castile , and it later endured invasion attempts from the French , Dutch , and British . indigenous Indigenous peoples of the Americas Taíno Taíno Christopher Columbus Christopher Columbus Crown of Castile Crown of Castile Its official languages are Spanish and English , though Spanish predominates . Spanish Spanish language English English language Puerto Rico -LRB- Spanish for `` Rich Port '' -RRB- , officially the Commonwealth of Puerto Rico -LRB- Estado Libre Asociado de Puerto Rico , `` Free Associated State of Puerto Rico '' -RRB- and briefly called Porto Rico , is an unincorporated territory of the United States located in the northeast Caribbean Sea . Spanish Spanish language Commonwealth Commonwealth (U.S. insular area) United States United States unincorporated territory Unincorporated territories of the United States Caribbean Sea Caribbean Sea",REFUTES
Portia de Rossi appeared on a grave.,,NEI
Lauren Graham received two award nominations.,"She is best recognized for her role as Lorelai Gilmore on the television series Gilmore Girls -LRB- 2000 -- 07 -RRB- , for which she received two Screen Actors Guild Award nominations , one Golden Globe nomination , and five Satellite Award nominations . Lorelai Gilmore Lorelai Gilmore Gilmore Girls Gilmore Girls Screen Actors Guild Award Screen Actors Guild Award Golden Globe Golden Globe Satellite Award Satellite Award",SUPPORTS
Big Brother 18 (UK) is unnarrated.,"Big Brother 2017 , also known as Big Brother 18 , is the upcoming eighteenth series of the British reality television series Big Brother , hosted by Emma Willis and narrated by Marcus Bentley . Big Brother Big Brother (UK TV series) British Television in the United Kingdom reality television reality television Emma Willis Emma Willis Marcus Bentley Marcus Bentley",REFUTES
The Comeback premiered exclusively on CNN.,"The series premiered on HBO on June 5 , 2005 and aired for a single , 13-episode season before being canceled . HBO HBO canceled cancellation (television)",REFUTES
Gift of the Night Fury stars the voice of an actor whose son's name is Jay.,,NEI
Farrah Fawcett was given an Emmy Award nomination for her role as real-life murderer Diane Downs in the 1989 film Small Sacrifices.,"For the latter , she received her third Emmy nomination .",SUPPORTS
Yamaha Corporation is a book.,"-LRB- -LSB- jəˈmɑːhə -RSB- or -LSB- ˈjɑːməhə -RSB- -LSB- jamaha -RSB- -RRB- is a Japanese multinational corporation and conglomerate based in Japan with a very wide range of products and services , predominantly musical instruments , electronics , motorcycles and power sports equipment . Japan Japan multinational corporation multinational corporation conglomerate Conglomerate (company) musical instruments musical instruments electronics electronics motorcycles motorcycles sports sports",REFUTES
The Nashville Songwriters Association International is an organization without the intention of distributing excess revenue to members or leaders.,,NEI
Funny or Die makes comics.,,NEI
Only Lovers Left Alive refused to cast Tilda Swinton.,"Only Lovers Left Alive is a 2013 internationally co-produced vampire film written and directed by Jim Jarmusch , and starring Tilda Swinton , Tom Hiddleston , Mia Wasikowska , Anton Yelchin , Jeffrey Wright , Slimane Dazi , and John Hurt . Jim Jarmusch Jim Jarmusch Tilda Swinton Tilda Swinton Tom Hiddleston Tom Hiddleston Mia Wasikowska Mia Wasikowska Anton Yelchin Anton Yelchin Jeffrey Wright Jeffrey Wright (actor) Slimane Dazi Slimane Dazi John Hurt John Hurt vampire Vampire films",REFUTES
Seth Rogen is a car.,"Seth Aaron Rogen -LRB- -LSB- ˈroʊɡən -RSB- born April 15 , 1982 -RRB- is a Canadian-American actor , filmmaker , and comedian . He began his career performing stand-up comedy during his teenage years , winning the Vancouver Amateur Comedy Contest in 1998 . Vancouver Vancouver stand-up comedy stand-up comedy Rogen later got a part on sitcom Undeclared , which also hired him as a staff writer . sitcom sitcom Undeclared Undeclared Rogen was cast in a major supporting role and credited as a co-producer in Apatow 's directorial debut , The 40-Year-Old Virgin . The 40-Year-Old Virgin The 40-Year-Old Virgin Rogen co-starred as Steve Wozniak in Universal 's Steve Jobs biopic in 2015 . Steve Wozniak Steve Wozniak Steve Jobs Steve Jobs (film)",REFUTES
J.Lo (album) was recorded by Jennifer Lopez.,"J.Lo is the second studio album and most successful album to date by American entertainer Jennifer Lopez . Jennifer Lopez Jennifer Lopez studio album studio album Lopez began recording the album under the working title ` The Passionate Journey '' ' , writing lyrics that focused on her own personal experiences . The album was certified quadruple platinum in the United States , and became the sixth best-selling album of the year worldwide . quadruple platinum RIAA certification",SUPPORTS
Beyoncé Knowles was listed by Forbes as the most powerful female in entertainment in May 2015.,,NEI
A book by Larry Buttrose was the basis of Lion.,"Lion is a 2016 biographical film directed by Garth Davis -LRB- in his feature debut -RRB- and written by Luke Davies , based on the non-fiction book A Long Way Home by Saroo Brierley with Larry Buttrose . Garth Davis Garth Davis Luke Davies Luke Davies Saroo Brierley Saroo Brierley Larry Buttrose Larry Buttrose biographical film biographical film feature debut List of directorial debuts",SUPPORTS
"At the age of 18, Maria Sharapova was the world No. 1.",She won the year-ending WTA Finals in her debut in 2004 . 2004 2004 US Open – Mixed Doubles WTA Women's Tennis Association WTA Finals WTA Finals,SUPPORTS
"Pacific Rim was released July 12, 1913.",,REFUTES
Jack Paar was an author.,"Jack Harold Paar -LRB- May 1 , 1918 -- January 27 , 2004 -RRB- was an American author , radio and television comedian and talk show host , best known for his stint as host of The Tonight Show from 1957 to 1962 . American United States radio radio television television comedian comedian The Tonight Show The Tonight Show",SUPPORTS
LeBron James led Miami on a losing streak.,,NEI
Into the Woods received a nomination.,,SUPPORTS
Ric Grech was a member of the doo-wop group Blind Faith.,"Blind Faith was an English blues rock band , composed of Eric Clapton , Ginger Baker , Steve Winwood , and Ric Grech . Eric Clapton Eric Clapton Steve Winwood Steve Winwood Ginger Baker Ginger Baker Ric Grech Ric Grech English England blues rock blues rock Blind Faith Blind Faith (Blind Faith album)",REFUTES
Edge of Tomorrow was released as a tie-in for Tom Cruise's social media app.,Doug Liman directed the film based on a screenplay adapted from the 2004 Japanese light novel All You Need Is Kill by Hiroshi Sakurazaka . Doug Liman Doug Liman All You Need Is Kill All You Need Is Kill Hiroshi Sakurazaka Hiroshi Sakurazaka light novel light novel,REFUTES
Kurt Angle is a two-time King of the Mountain.,"He is the only professional wrestler in history to have won the WWE Championship , WWE 's World Heavyweight Championship , the WCW Championship , the TNA World Heavyweight Championship , and the IWGP Heavyweight Championship . professional wrestler Professional wrestling WWE WWE IWGP Heavyweight Championship IWGP Heavyweight Championship (IGF)",SUPPORTS
"Chandni stars an actress born on August 13, 1943.",,NEI
The Wolf of Wall Street is a movie.,"The Wolf of Wall Street is a 2013 American biographical black comedy crime film directed by Martin Scorsese . Martin Scorsese Martin Scorsese The Wolf of Wall Street The Wolf of Wall Street (book) biographical Biographical film black comedy black comedy crime film crime film Wall Street Wall Street Leonardo DiCaprio -LRB- who also co-produced the film -RRB- stars as Belfort , with Jonah Hill as his business partner and friend Donnie Azoff , Margot Robbie as his second wife Naomi Lapaglia and Kyle Chandler as Patrick Denham , the FBI agent who tries to bring him down . Leonardo DiCaprio Leonardo DiCaprio Jonah Hill Jonah Hill Margot Robbie Margot Robbie Kyle Chandler Kyle Chandler FBI Federal Bureau of Investigation The film also caused controversy due to revelations that it was financed by illegally obtained funds from 1Malaysia Development Berhad -LRB- 1MDB -RRB- . 1Malaysia Development Berhad 1Malaysia Development Berhad The film received mostly positive reviews from critics , with praise for Scorsese 's direction , the comedic performance of DiCaprio and the fast-paced and consistent humor . The film was nominated for several awards including five nominations at the 86th Academy Awards ceremony : Best Picture , Best Director for Scorsese , Best Writing -LRB- Adapted Screenplay -RRB- for Winter and Best Actor and Best Supporting Actor nominations for DiCaprio and Hill , respectively . nominated for several awards List of accolades received by The Wolf of Wall Street (2013 film) 86th Academy Awards ceremony 86th Academy Awards Best Picture Academy Award for Best Picture Best Director Academy Award for Best Director Best Actor Academy Award for Best Actor Best Supporting Actor Academy Award for Best Supporting Actor",SUPPORTS
Tony Goldwyn's middle name is Tony.,"Anthony Howard Goldwyn -LRB- born May 20 , 1960 -RRB- is an American actor , producer , director and political activist .",REFUTES
Diego Costa fails to play as a striker.,"Diego da Silva Costa -LRB- -LSB- ˈdjeɣo ða ˈsilβa ˈkosta -RSB- , -LSB- ˈdʒjeɡu dɐ ˈsiwvɐ ˈkɔstɐ -RSB- ; born 7 October 1988 -RRB- , is a professional footballer who plays as a striker for English club Chelsea and the Spain national team . Chelsea Chelsea F.C. Spain Spain national football team footballer Association football striker Forward (association football)#Striker Spain national team Spain national football team He has been described by pundits as a talented striker whose main attributes are his physicality , goalscoring and ability to keep possession . striker Forward (association football)#Striker",REFUTES
Jon Huntsman Jr. was not appointed Deputy Assistant Secretary of Commerce.,He also served as CEO of his family-owned Huntsman Corporation and chairman of the Huntsman Cancer Foundation . CEO CEO Huntsman Corporation Huntsman Corporation Huntsman Cancer Foundation Huntsman Cancer Foundation,REFUTES
Daddy Yankee produces records.,"Ramón Luis Ayala Rodríguez -LRB- born February 3 , 1977 -RRB- , known by his stage name Daddy Yankee , is a Puerto Rican singer , songwriter , rapper , actor and record producer .",SUPPORTS
Ronaldo Maczinski was born on September 11.,"Ronaldo Maczinski -LRB- born 11 September 1980 -RRB- , known as Ronaldo , is a Brazilian footballer who plays as a forward ; he had a lengthy career in Portuguese football . footballer association football forward Forward (association football)",SUPPORTS
Jennifer Garner attended marriage school.,,NEI
Benin's seat of government is in the middle of a revolution.,"The capital of Benin is Porto-Novo , but the seat of government is in Cotonou , the country 's largest city and economic capital . Porto-Novo Porto-Novo Cotonou Cotonou seat of government seat of government",REFUTES
Vladimir Putin was born in Warsaw.,"Putin was a KGB Foreign Intelligence Officer for 16 years , rising to the rank of Lieutenant Colonel before retiring in 1991 to enter politics in Saint Petersburg . KGB KGB Saint Petersburg Saint Petersburg Lieutenant Colonel Podpolkovnik",REFUTES
Leonardo da Vinci spent six years of his early life in the service of Ludovico il Moro.,,NEI
Tokyo only ranked second in the Global Economic Power Index.,The Michelin Guide has awarded Tokyo by far the most Michelin stars of any city in the world . Tokyo Special wards of Tokyo Michelin Guide Michelin Guide,REFUTES
New England is a regional division.,,SUPPORTS
Chris Brown refused to collaborate with Bow Wow.,"In addition to his solo commercial success , Brown has been featured on several singles such as `` No Air '' , a duet with singer Jordin Sparks , `` Shortie like Mine '' with the rapper Bow Wow and `` Shawty Get Loose '' alongside Lil Mama and T-Pain . Bow Wow Bow Wow (rapper) No Air No Air Jordin Sparks Jordin Sparks Shortie like Mine Shortie like Mine Shawty Get Loose Shawty Get Loose Lil Mama Lil Mama T-Pain T-Pain",REFUTES
Natalie Wood acted.,"Natalie Wood -LRB- born Natalia Nikolaevna Zakharenko ; July 20 , 1938 -- November 28 or 29 , 1981 -RRB- was an American film and television actress . She was known for her screen roles in Miracle on 34th Street , Splendor in the Grass , Rebel Without a Cause , The Searchers , and West Side Story . Miracle on 34th Street Miracle on 34th Street Splendor in the Grass Splendor in the Grass Rebel Without a Cause Rebel Without a Cause The Searchers The Searchers (film) West Side Story West Side Story (film) She starred in the musical films West Side Story -LRB- 1961 -RRB- and Gypsy -LRB- 1962 -RRB- , and received Academy Award for Best Actress nominations for her performances in Splendor in the Grass -LRB- 1961 -RRB- and Love with the Proper Stranger -LRB- 1963 -RRB- . Splendor in the Grass Splendor in the Grass West Side Story West Side Story (film) Gypsy Gypsy (1962 film) Academy Award for Best Actress Academy Award for Best Actress Love with the Proper Stranger Love with the Proper Stranger Her career continued with films such as Bob & Carol & Ted & Alice -LRB- 1969 -RRB- . Bob & Carol & Ted & Alice Bob & Carol & Ted & Alice The film stars James Dean , Sal Mineo and Natalie Wood . James Dean James Dean Natalie Wood Natalie Wood Sal Mineo Sal Mineo",SUPPORTS
"Las Vegas means ""the rivers"" in Italian.","Las Vegas -LRB- -LSB- lɑːs_ˈveɪɡəs -RSB- , Spanish for `` The Meadows '' -RRB- , officially the City of Las Vegas and often known simply as Vegas , is the 28th-most populated city in the United States , the most populated city in the state of Nevada , and the county seat of Clark County . City City County List of counties in Nevada Clark Clark County, Nevada Spanish Spanish language 28th-most populated city List of United States cities by population United States United States state U.S. state Nevada Nevada county seat county seat Clark County Clark County, Nevada",REFUTES
O. J. Simpson was invited to the White House in 1983.,,NEI
Richard Branson's Virgin picture grew rapidly during the 1980s.,"For his work in retail , music and transport -LRB- with interests in land , air , sea and space travel -RRB- , his taste for adventure , and for his humanitarian work , he became one of the most prominent figures in British culture . British culture British culture",REFUTES
Harold Ramis was born in May 1944.,"Harold Allen Ramis -LRB- November 21 , 1944 -- February 24 , 2014 -RRB- was an American actor , director , writer , and comedian .",REFUTES
Gregory Peck always declined to work with William Wyler.,,NEI
The Black Eyed Peas had four songs.,"This album The E.N.D later produced a third Hot 100 number-one placement with `` Imma Be '' , making the group one of few to ever place three number one singles on the chart from the same album , before being followed with `` Rock That Body '' and `` Meet Me Halfway '' , which peaked in the Top 10 of the Hot 100 . The E.N.D The E.N.D Imma Be Imma Be Rock That Body Rock That Body Meet Me Halfway Meet Me Halfway",SUPPORTS
Christie Brinkley has been named one of the most attractive women ever.,,SUPPORTS
Toy Story 3 is an American 3D computer-animated comedy drama radio drama.,"Toy Story 3 is a 2010 American 3D computer-animated comedy-drama film , the third installment in the Toy Story series , and the sequel to Toy Story 2 -LRB- 1999 -RRB- . 3D 3D film computer-animated Computer animation comedy-drama comedy-drama Toy Story Toy Story (franchise) Toy Story 2 Toy Story 2",REFUTES
Quinoa does not have edible seeds.,It is a herbaceous annual plant grown as a grain crop primarily for its edible seeds . annual plant annual plant grain grain crop crop,SUPPORTS
London is a global city that has been very influential.,London and Paris are of broadly similar size in terms of total economic output which can result in third party sources varying as to which is the fifth-largest city GDP in the world . Paris Paris,SUPPORTS
Glen Campbell has donated to charity.,,NEI
Victor Hugo wrote about issues.,"His legacy has been honoured in many ways , including his portrait being placed on French currency . French French nationality law",SUPPORTS
Helen Gardner had knowledge of art history.,Helen Gardner -LRB- 1878 -- 1946 -RRB- was an American art historian and educator . American United States Her Art Through the Ages remains a standard text for American art history classes . Art Through the Ages Gardner's Art Through the Ages American United States The next year she started to teach an art history course at the School of the Art Institute .,SUPPORTS
Les Miserables features Hugh Jackman.,"His work in Les Misérables earned him his first Academy Award nomination for Best Actor and his first Golden Globe Award for Best Actor -- Motion Picture Musical or Comedy in 2013 . Les Misérables Les Misérables (2012 film) Academy Award Academy Award Best Actor Academy Award for Best Actor He is known for his long-running role as Wolverine in the X-Men film series , as well as for his lead roles in films such as the romantic-comedy fantasy Kate & Leopold -LRB- 2001 -RRB- , the action-horror film Van Helsing -LRB- 2004 -RRB- , the magic-themed drama The Prestige -LRB- 2006 -RRB- , the epic fantasy drama The Fountain -LRB- 2006 -RRB- , the epic historical romantic drama Australia -LRB- 2008 -RRB- , the film version of Les Misérables -LRB- 2012 -RRB- , and the thriller Prisoners -LRB- 2013 -RRB- . Wolverine Wolverine (character) Kate & Leopold Kate & Leopold Van Helsing Van Helsing (film) The Prestige The Prestige (film) The Fountain The Fountain Australia Australia (2008 film) Les Misérables Les Misérables (2012 film) Prisoners Prisoners (2013 film)",SUPPORTS
Stand-up comedy is only a style in which a comedian rarely speaks directly to the audience.,"Stand-up comedy is a comic style in which a comedian performs in front of a live audience , usually speaking directly to them . comic Comedy comedian comedian",REFUTES
Semitic languages are spoken in South Africa.,"Semitic languages are spoken by more than 330 million people across much of Western Asia , North Africa and the Horn of Africa , as well as in often large expatriate communities in North America and Europe , with smaller communities in the Caucasus and Central Asia . Western Asia Western Asia North Africa North Africa Horn of Africa Horn of Africa expatriate communities expatriate North America North America Europe Europe Caucasus Caucasus Central Asia Central Asia",REFUTES
The Catalyst came off the fourth album by Linkin Park.,"Released on August 2 , 2010 , it is the first single from their fourth studio album , A Thousand Suns , which was released on September 8 , 2010 . A Thousand Suns A Thousand Suns A Thousand Suns is the fourth studio album by American rock band Linkin Park . Linkin Park Linkin Park rock rock music",SUPPORTS
Alexandra Burke refused to be on The X Factor.,"Burke rose to fame after winning the fifth series of British television series The X Factor in 2008 , becoming one of the most successful winners of the series . fifth series The X Factor (UK series 5) The X Factor The X Factor (UK TV series) In 2009 , Burke released her debut album , Overcome , which debuted at number one on the UK Albums Chart and spawned four number-one singles on the UK Singles Chart and the Irish Singles Chart -- `` Hallelujah '' , `` Bad Boys '' , `` All Night Long '' and `` Start Without You '' -- and the album became one of the most successful albums of that year in the UK . Hallelujah Hallelujah (Alexandra Burke song) Overcome Overcome (Alexandra Burke album) UK Albums Chart UK Albums Chart UK Singles Chart UK Singles Chart Irish Singles Chart Irish Singles Chart Bad Boys Bad Boys (Alexandra Burke song) All Night Long All Night Long (Alexandra Burke song) Start Without You Start Without You",REFUTES
The Beach Boys are a caucus.,,NEI
Glenn Close has been banned from the American Theater Hall of Fame.,,NEI
Miami Beach is located between the two larger districts.,,NEI
Steven Spielberg is not a producer.,"Steven Allan Spielberg , , -LRB- born December 18 , 1946 -RRB- is an American director , producer , and screenwriter . He is considered one of the founding pioneers of the New Hollywood era , as well as being viewed as one of the most popular directors and producers in film history . New Hollywood era New Hollywood His other films include Jurassic Park -LRB- 1993 -RRB- , A.I. Artificial Intelligence -LRB- 2001 -RRB- , and War of the Worlds -LRB- 2005 -RRB- . Jurassic Park Jurassic Park (film) A.I. Artificial Intelligence A.I. Artificial Intelligence War of the Worlds War of the Worlds (2005 film) E.T. the Extra-Terrestrial is a 1982 American science fiction fantasy film co-produced and directed by Steven Spielberg , and written by Melissa Mathison . Steven Spielberg Steven Spielberg Melissa Mathison Melissa Mathison science fiction Science fiction film fantasy film fantasy film Spielberg won the Academy Award for Best Director for Schindler 's List and Saving Private Ryan , as well as receiving five other nominations . Saving Private Ryan Saving Private Ryan Academy Award for Best Director Academy Award for Best Director",REFUTES
George W. Bush's brother ran for governor.,The September 11 terrorist attacks occurred eight months into Bush 's first term as president . September 11 terrorist attacks September 11 attacks,SUPPORTS
Rebecca Hall played an older woman.,,NEI
Jerry Maguire was produced by a producer of the animated show The Simpsons.,"Produced in part by long time Simpsons producer James L. Brooks , it was inspired by sports agent Leigh Steinberg , who acted as Technical Consultant on the crew . James L. Brooks James L. Brooks Simpsons Simpsons Leigh Steinberg Leigh Steinberg",SUPPORTS
David Carradine appeared in less than 100 films.,His final nomination came in the category of Best Supporting Actor for portraying the titular character in Quentin Tarantino 's Kill Bill : Volume 2 -LRB- 2004 -RRB- . Kill Bill Kill Bill Best Supporting Actor Golden Globe Award for Best Supporting Actor – Motion Picture Quentin Tarantino Quentin Tarantino,REFUTES
Sociology is the study of politics.,,NEI
Kenny Rogers released an album.,,SUPPORTS
Jim Crow laws were enacted by white Republicans.,"Enacted by white Democratic-dominated state legislatures in the late nineteenth century after the Reconstruction period , these laws continued to be enforced until 1965 . Reconstruction period Reconstruction era of the United States",REFUTES
Toronto has an area of 700.2 square kilometers.,"The diverse population of Toronto reflects its current and historical role as an important destination for immigrants to Canada , with nearly 50 % of residents belonging to a visible minority population group , and over 200 distinct ethnic origins represented among its inhabitants . diverse Multicultural immigrants to Canada Immigration to Canada visible minority visible minority",REFUTES
Elsa Pataky was born on a boat.,,NEI
Tom Felton acted in films.,"He made his screen debut in the role of Peagreen Clock in The Borrowers -LRB- 1997 -RRB- and he portrayed Louis T. Leonowens in Anna and the King -LRB- 1999 -RRB- . Peagreen Clock The Borrowers Louis T. Leonowens Louis T. Leonowens Anna and the King Anna and the King Anna and the King is a 1999 biographical drama film loosely based on the 1944 novel Anna and the King of Siam -LRB- and its 1946 film adaptation -RRB- , which give a fictionalised account of the diaries of Anna Leonowens . Anna and the King of Siam Anna and the King of Siam (book) biographical Biographical film drama film drama film 1946 film adaptation Anna and the King of Siam (film) fictionalised account Anna Leonowens#Royal governess Anna Leonowens Anna Leonowens He rose to prominence for his role as Draco Malfoy in the film adaptions of the best-selling Harry Potter fantasy novels by J.K. Rowling . Draco Malfoy Draco Malfoy Harry Potter Harry Potter J.K. Rowling J.K. Rowling Felton 's 2016 films include the epic biblical drama Risen , alongside Joseph Fiennes , and the period biopic A United Kingdom , alongside David Oyelowo and Rosamund Pike . Joseph Fiennes Joseph Fiennes A United Kingdom A United Kingdom David Oyelowo David Oyelowo Rosamund Pike Rosamund Pike He portrays Julian Albert / Doctor Alchemy on The Flash . Julian Albert / Doctor Alchemy Doctor Alchemy The Flash The Flash (2014 TV series)",SUPPORTS
The Getaway is an excluded Red Hot Chili Peppers album.,,NEI
Gary Ridgway is a serial killer.,"Gary Leon Ridgway -LRB- born February 18 , 1949 -RRB- is an American serial killer known as the Green River Killer . American List of serial killers in the United States serial killer serial killer Green River Green River (Duwamish River) As part of his plea bargain , an additional conviction was added , bringing the total number of convictions to 49 , making him the most prolific American serial killer in history according to confirmed murders . American List of serial killers in the United States serial killer serial killer plea bargain plea bargain conviction conviction",SUPPORTS
John Glenn was trained to pilot a spacecraft.,"He received the NASA Distinguished Service Medal , the Congressional Space Medal of Honor in 1978 , was inducted into the U.S. Astronaut Hall of Fame in 1990 , and was the last surviving member of the Mercury Seven . Congressional Space Medal of Honor Congressional Space Medal of Honor NASA Distinguished Service Medal NASA Distinguished Service Medal NASA NASA Mercury Seven Mercury Seven U.S. Astronaut Hall of Fame U.S. Astronaut Hall of Fame They piloted the manned spaceflights of the Mercury program from May 1961 to May 1963 . Mercury Project Mercury John Herschel Glenn Jr. -LRB- July 18 , 1921 -- December 8 , 2016 -RRB- was a United States Marine Corps aviator , engineer , astronaut , and United States Senator from Ohio . Ohio Ohio astronaut astronaut United States Marine Corps aviator United States Marine Corps Aviation engineer engineer United States Senator United States Senate Marine Corps United States Marine Corps An astronaut or cosmonaut is a person trained by a human spaceflight program to command , pilot , or serve as a crew member of a spacecraft . human spaceflight program List of human spaceflight programs spacecraft spacecraft After Glenn resigned from NASA in 1964 and retired from the Marine Corps the following year , he planned to run for a U.S. Senate seat from Ohio . Ohio Ohio NASA NASA Marine Corps United States Marine Corps U.S. Senate seat from Ohio List of United States Senators from Ohio",SUPPORTS
The 2000 Football League Cup Final's teams included Leicester City and Tranmere Rovers.,"The 2000 Football League Cup Final was played between Leicester City , in their third final appearance in four years , and First Division side Tranmere Rovers at the Wembley Stadium on 27 February 2000 . Leicester City Leicester City F.C. Tranmere Rovers Tranmere Rovers F.C. Wembley Stadium Wembley Stadium (1923) First Division Football League Division One",SUPPORTS
Tiger Woods hosted The Open Championship.,,NEI
Black Sabbath is from the Renaissance.,,NEI
Duleep Singh was also known by another name.,"Maharaja Duleep Singh , GCSI -LRB- 6 September 1838 -- 22 October 1893 -RRB- , also known as Dalip Singh and later in life nicknamed the Black Prince of Perthshire , was the last Maharaja of the Sikh Empire . Maharaja Maharaja Sikh Empire Sikh Empire GCSI Order of the Star of India Perthshire Perthshire",SUPPORTS
Live Your Life was released in Britain.,,NEI
Gift of the Night Fury stars the voice of an actor whose legal middle name is James.,"Gerard James Butler -LRB- born 13 November 1969 -RRB- is a Scottish actor who has appeared on film , stage , and television .",SUPPORTS
Octavia Spencer worked on an animated film called Zootopia in 2016.,"Recently , Spencer has received acclaim for her work in the films Get on Up , Black or White , Smashed , Snowpiercer , The Divergent Series : Insurgent , and Zootopia . Get on Up Get on Up (film) Black or White Black or White (film) Smashed Smashed (film) Snowpiercer Snowpiercer Zootopia Zootopia Zootopia -LRB- known as Zootropolis in some territories -RRB- is a 2016 American 3D computer-animated buddy comedy-adventure film produced by Walt Disney Animation Studios and released by Walt Disney Pictures . Walt Disney Pictures Walt Disney Pictures Walt Disney Animation Studios Walt Disney Animation Studios 3D 3-D film computer-animated Computer-animated film buddy Buddy film comedy Comedy film adventure film adventure film",SUPPORTS
Catherine Zeta-Jones starred in Twilight.,,NEI
Sarcoidosis occurs 40 percent more often in women than men.,,NEI
Laurie Hernandez is from America.,"Lauren Zoe `` Laurie '' Hernandez -LRB- born June 9 , 2000 -RRB- is an American artistic gymnast . artistic gymnast artistic gymnast",SUPPORTS
Graceland belonged to Elvis Presley.,"He won three Grammys , also receiving the Grammy Lifetime Achievement Award at age 36 , and has been inducted into multiple music halls of fame . Grammys Grammy Award Grammy Lifetime Achievement Award Grammy Lifetime Achievement Award multiple music halls of fame List of halls of fame inducting Elvis Presley Graceland is a mansion on a 13.8 acre estate in Memphis , Tennessee that was owned by Elvis Presley . mansion mansion Elvis Presley Elvis Presley",SUPPORTS
Jamie Foxx has only won a Grammy Award.,"He won an Academy Award for Best Actor , BAFTA Award for Best Actor in a Leading Role , and Golden Globe Award for Best Actor in a Musical or Comedy , for his portrayal of Ray Charles in the 2004 biographical film Ray . Academy Award for Best Actor Academy Award for Best Actor BAFTA Award BAFTA Award Golden Globe Award Golden Globe Award Ray Charles Ray Charles Ray Ray (film)",REFUTES
Vladimir Putin was born only in Krakow.,"Putin was a KGB Foreign Intelligence Officer for 16 years , rising to the rank of Lieutenant Colonel before retiring in 1991 to enter politics in Saint Petersburg . KGB KGB Saint Petersburg Saint Petersburg Lieutenant Colonel Podpolkovnik",REFUTES
Denis Leary is a person.,"Denis Colin Leary -LRB- born August 18 , 1957 -RRB- is an American actor , writer , producer , singer and comedian . From 2015 to 2016 , Leary wrote and starred in the comedy series , Sex & Drugs & Rock & Roll on FX . FX FX (TV channel)",SUPPORTS
Sunflower (1970 film) is in the drama genre.,Sunflower -LRB- I girasoli -RRB- is a 1970 Italian drama film directed by Vittorio De Sica . Vittorio De Sica Vittorio De Sica 1970 1970 in film Italian Cinema of Italy drama film drama film,SUPPORTS
Gucci is a brand of Italian goods.,"Gucci -LRB- -LSB- guːtʃi -RSB- -LSB- ˈɡuttʃi -RSB- -RRB- is an Italian luxury brand of fashion and leather goods , part of the Gucci Group , which is owned by the French holding company Kering . Kering Kering Italian Italian culture luxury Luxury goods fashion fashion leather leather holding company holding company",SUPPORTS
The Silence of the Lambs was an American film directed by Jonathan Demme.,"The Silence of the Lambs is a 1991 American horror-thriller film directed by Jonathan Demme and starring Jodie Foster , Anthony Hopkins , and Scott Glenn . Jonathan Demme Jonathan Demme The Silence of the Lambs The Silence of the Lambs (novel) Jodie Foster Jodie Foster Anthony Hopkins Anthony Hopkins Scott Glenn Scott Glenn horror horror film thriller film thriller film",SUPPORTS
Floyd Mayweather Jr. is a wrestling promoter.,,NEI
Pablo Fenjves ghostwrote for a human.,"Orenthal James `` O. J. '' Simpson -LRB- born July 9 , 1947 -RRB- , nicknamed The Juice , is a former American football running back , broadcaster , actor , and convicted armed robber and kidnapper . American football American football running back running back armed robber armed robber kidnapper kidnapping Fenjves had a personal connection to the Simpson case : Fenjves lived a few doors down from the Brentwood murder scene , and had testified against Simpson regarding the time at which he heard Nicole Simpson 's dog barking . His current film projects include an original action script , Undertow , which is being produced by Michael De Luca ; and an original comedy , Mother , to which Halle Berry is attached . Michael De Luca Michael De Luca Halle Berry Halle Berry Bernard Jeffrey `` Bernie '' McCullough -LRB- October 5 , 1957 -- August 9 , 2008 -RRB- better known by his stage name Bernie Mac , was an American comedian , actor and voice artist . American United States Pablo F. Fenjves -LRB- born 16 August 1953 -RRB- is an American screenwriter and ghostwriter based in Los Angeles , California . screenwriter screenwriter ghostwriter ghostwriter",SUPPORTS
Gopi Sunder received an award for his work on the 2010 film Anwar.,,NEI
Debbie Reynolds was not an actress.,"Mary Frances `` Debbie '' Reynolds -LRB- April 1 , 1932 -- December 28 , 2016 -RRB- was an American actress , singer , businesswoman , film historian , humanitarian , and mother of the actress and writer Carrie Fisher . Carrie Fisher Carrie Fisher",REFUTES
Harry Potter was written by an person.,"Harry Potter is a series of fantasy novels written by British author J. K. Rowling . J. K. Rowling J. K. Rowling fantasy novels fantasy literature Harry Potter Harry Potter (character) fantasy fantasy Joanne Rowling , -LRB- -LSB- ˈrəʊlɪŋ -RSB- born 31 July 1965 -RRB- , pen names J. K. Rowling and Robert Galbraith , is a British novelist , screenwriter and film producer best known as the author of the Harry Potter fantasy series . Harry Potter Harry Potter novelist novelist screenwriter screenwriter film producer film producer",SUPPORTS
Zootopia was directed by Darren Howard.,"The film was directed by Byron Howard and Rich Moore , co-directed by Jared Bush , and stars the voices of Ginnifer Goodwin , Jason Bateman , Idris Elba , Jenny Slate , Nate Torrence , Bonnie Hunt , Don Lake , Tommy Chong , J. K. Simmons , Octavia Spencer , Alan Tudyk , and Shakira . Byron Howard Byron Howard Rich Moore Rich Moore Jared Bush Jared Bush Ginnifer Goodwin Ginnifer Goodwin Jason Bateman Jason Bateman Idris Elba Idris Elba Jenny Slate Jenny Slate Nate Torrence Nate Torrence Bonnie Hunt Bonnie Hunt Don Lake Don Lake Tommy Chong Tommy Chong J. K. Simmons J. K. Simmons Octavia Spencer Octavia Spencer Alan Tudyk Alan Tudyk Shakira Shakira",REFUTES
Martin Scorsese joined The Film Foundation.,,NEI
The Breakfast Club did not premiere in Los Angeles.,It received critical acclaim and earned $ 51.5 million on a $ 1 million budget .,REFUTES
The main character of Memento uses pictures to track information he cannot remember.,,NEI
Friends with Benefits features actors.,"Friends with Benefits is a 2011 American romantic comedy film directed by Will Gluck , and starring Justin Timberlake and Mila Kunis in the lead roles . Will Gluck Will Gluck Justin Timberlake Justin Timberlake Mila Kunis Mila Kunis romantic comedy film romantic comedy film Justin Randall Timberlake -LRB- born January 31 , 1981 -RRB- is an American singer-songwriter , actor and record producer . The film features Patricia Clarkson , Jenna Elfman , Bryan Greenberg , Nolan Gould , Richard Jenkins , and Woody Harrelson in supporting roles . Patricia Clarkson Patricia Clarkson Jenna Elfman Jenna Elfman Bryan Greenberg Bryan Greenberg Richard Jenkins Richard Jenkins Woody Harrelson Woody Harrelson Nolan Gould Nolan Gould Bryan Greenberg -LRB- born May 24 , 1978 -RRB- is an American actor and singer , known for his starring role as Ben Epstein in the HBO original series How to Make It in America as well as a recurring role as Jake Jagielski in the WB series One Tree Hill and as Nick Garrett on the short-lived ABC drama October Road . HBO HBO How to Make It in America How to Make It in America Jake Jagielski List of One Tree Hill characters#Jake Jagielski WB The WB One Tree Hill One Tree Hill (TV series) ABC American Broadcasting Company October Road October Road",SUPPORTS
Harry Styles and his bandmates released an album.,"On 23 June 2016 it was reported by Billboard that Styles had signed a three-album solo recording deal with Columbia Records , the same label behind One Direction . Columbia Columbia Records One Direction One Direction Billboard billboard (magazine) Columbia Records Columbia Records",SUPPORTS
The Outcasts was made available in limited theaters.,,SUPPORTS
Gabon is located in Africa.,"Gabon -LRB- -LSB- ɡəˈbɒn -RSB- -LSB- ɡabɔ̃ -RSB- -RRB- , officially the Gabonese Republic -LRB- République gabonaise -RRB- , is a sovereign state on the west coast of Central Africa . sovereign state sovereign state Central Africa Central Africa Its capital and largest city is Libreville . Libreville Libreville Libreville is the capital and largest city of Gabon , in western central Africa . Gabon Gabon",SUPPORTS
Denmark was exclusively an importer of agricultural produce.,,NEI
Friday the 13th features a villain.,"The franchise mainly focuses on the fictional character Jason Voorhees , who drowned as a boy at Camp Crystal Lake due to the negligence of the camp staff . franchise media franchise Jason Voorhees Jason Voorhees Kane Hodder is the best known of the stuntmen to portray Jason Voorhees , having played the character in four consecutive films . Kane Hodder Kane Hodder character character (arts) stuntmen stunt performer Jason is featured in all of the films , as either the killer or the motivation for the killings .",SUPPORTS
Scarlett Johansson is considered one of Hollywood's modern wrestling icons.,,NEI
Vanilla Sky stars an American comedian.,"The soundtrack was also critically acclaimed . Jason Michael Lee -LRB- born April 25 , 1970 -RRB- is an American actor , producer , comedian and skateboarder . American American nationality law",SUPPORTS
Ronald Reagan gave a speech at the University of Massachusetts.,,NEI
Tiger Woods reached number three ranking in the world in 1997.,,NEI
"Brock Lesnar signed with Hero's, a Japanese mixed martial arts promotion.",,NEI
Ramzan Kadyrov did not establish the Ramzan Kadyrov & Adlan Varayev Cup.,"It is reported that Kadyrov has promised to `` eliminate '' the gay population of deeply conservative , Muslim Chechnya before the Islamic holy month of Ramadan starts , at the end of May 2017 .",REFUTES
Casey Ryback is a melodramatic villain.,Casey Ryback is a fictional character and action hero from the Under Siege films of the 1990s . Under Siege Under Siege action hero action hero,REFUTES
Arkham Asylum's patients only include Clayface.,,REFUTES
Will Ferrell received an Emmy Award nomination in 2005.,"Ferrell received a star on the Hollywood Walk of Fame on March 26 , 2015 . Hollywood Walk of Fame Hollywood Walk of Fame",SUPPORTS
Aneurin Barnard died in 1985.,,NEI
Huntington's disease is caused by inheritance in 90% of cases.,,NEI
International Relations only includes the entertainment industry.,"International relations -LRB- IR -RRB- or international affairs , depending on academic institution , is either a field of political science , an interdisciplinary academic field similar to global studies , or an entirely independent academic discipline in which students take a variety of internationally focused courses in social science and humanities disciplines . political science political science interdisciplinary interdisciplinarity global studies global studies discipline Discipline (academia) social science social science humanities humanities academic academic In both cases , the field studies relationships between political entities -LRB- polities -RRB- such as states , sovereign states , empires , inter-governmental organizations -LRB- IGOs -RRB- , international non-governmental organizations -LRB- INs -RRB- , non-governmental organizations -LRB- NGOs -RRB- , and multinational corporations -LRB- MNCs -RRB- , and the wider world-systems produced by this interaction . polities polity states state (polity) inter-governmental organizations international organization International relations is an academic and a public policy field , and so can be positive and normative , because it analyzes and formulates the foreign policy of a given State . academic academic public policy public policy positive Positive statement normative Normative statement foreign policy foreign policy",REFUTES
Julius Caesar crossed many politicians.,,NEI
Nikolaj Coster-Waldau is an actor.,"Nikolaj Coster-Waldau -LRB- -LSB- neɡ̊olaɪ̯ kʰʌsd̥ɐ ˈʋald̥ɑʊ̯ -RSB- ; born 27 July 1970 -RRB- is a Danish actor , producer and screenwriter . Coster-Waldau 's breakthrough performance in Denmark was his role in the film Nightwatch -LRB- 1994 -RRB- . Nightwatch Nightwatch (1994 film) Since then he has appeared in numerous films in his native Scandinavia and Europe in general , including Headhunters -LRB- 2011 -RRB- and A Thousand Times Good Night -LRB- 2013 -RRB- . Headhunters Headhunters (film) A Thousand Times Good Night A Thousand Times Good Night He became widely known to a broad audience for his current role as Ser Jaime Lannister , in the HBO series Game of Thrones . Jaime Lannister Jaime Lannister HBO HBO Game of Thrones Game of Thrones In 2017 , he became one of the highest paid actors on television and earned # 2 million per episode of Game of Thrones . Game of Thrones Game of Thrones highest paid actors on television List of highest paid American television stars",SUPPORTS
Thirteen was written by Nikki Reed.,"Thirteen is a 2003 American semi-autobiographical drama film , directed by Catherine Hardwicke , and written by Hardwicke and Nikki Reed , based on events from Reed 's life at age 12 and 13 . Catherine Hardwicke Catherine Hardwicke Nikki Reed Nikki Reed American United States semi-autobiographical autobiographical novel drama drama film",SUPPORTS
"H. H. Holmes's date of birth was May 8th, 1861.","Herman Webster Mudgett -LRB- May 16 , 1861 -- May 7 , 1896 -RRB- , better known under the name of Dr. Henry Howard Holmes or more commonly H. H. Holmes , was one of the first documented serial killers in the modern sense of the term . serial killers serial killers",REFUTES
Richard Nixon's wife's name was Ryan.,,NEI
Bad and Boujee includes Lil Uzi Vert.,"The song features vocals from American rapper Lil Uzi Vert , and was produced by Metro Boomin , with co-production by G Koop . Lil Uzi Vert Lil Uzi Vert Metro Boomin Metro Boomin produced Hip hop production",SUPPORTS
Katie Stevens was rejected from appearing on American Idol at all.,"Katherine Mari `` Katie '' Stevens -LRB- born December 8 , 1992 -RRB- is an American actress and singer best known for finishing in eighth place on the ninth season of American Idol and starring as Karma Ashcroft in the MTV series Faking It . singer singing ninth season American Idol (season 9) American Idol American Idol MTV MTV Faking It Faking It (2014 TV series)",REFUTES
Ariana Grande's second studio album was released in 2014.,"The title track debuted at number 10 on the Billboard Hot 100 , making Grande the first person in the history of that chart to have the lead single from each of her first three albums debut in the top 10 . The title track Dangerous Woman (song)",SUPPORTS
Burundi is one of the smallest countries in northern Africa.,"In addition to poverty , Burundians often have to deal with corruption , weak infrastructure , poor access to health and education services , and hunger .",SUPPORTS
Hypothyroidism can prevent poor ability to tolerate cold.,"It can cause a number of symptoms , such as poor ability to tolerate cold , a feeling of tiredness , constipation , depression , and weight gain . constipation constipation depression Depression (mood)",REFUTES
The Philippines is an archipelago in the Pacific Ocean.,"The Philippines -LRB- -LSB- ˈfɪlᵻpiːnz -RSB- Pilipinas -LSB- ˌpɪlɪˈpinɐs -RSB- -RRB- , officially the Republic of the Philippines -LRB- -LSB- Republika ng Pilipinas , links = no -RSB- -RRB- , is a sovereign island country in Southeast Asia situated in the western Pacific Ocean . sovereign sovereign state island country island country Southeast Asia Southeast Asia Asia Asia During this time , Manila became the western hub of the trans-Pacific trade connecting Asia with Acapulco in the Americas using Manila galleons . Manila Manila trade Spanish treasure fleet Asia Asia Acapulco Acapulco Americas Americas",SUPPORTS
Extracorporeal shockwave therapy (ESWT) is used in Virginia.,,NEI
Gone with the Wind is a novel.,"Gone with the Wind is a novel by American writer Margaret Mitchell , first published in 1936 . Margaret Mitchell Margaret Mitchell",SUPPORTS
Statue of Liberty is an icon of liberty.,A broken chain lies at her feet . Libertas -LRB- Latin for Liberty -RRB- is the Roman goddess and embodiment of liberty . Latin Latin language Roman goddess Roman mythology embodiment of liberty Liberty (goddess),SUPPORTS
Ink Master is an event.,,NEI
Sunrise devised an anime spearheaded by Mitsuo Fukuda.,,NEI
The United States Environmental Protection Agency's establishment was proposed only by Steve Harvey.,"President Richard Nixon proposed the establishment of EPA and it began operation on December 2 , 1970 , after Nixon signed an executive order . Richard Nixon Richard Nixon executive order executive order President President of the United States",REFUTES
"The Vampire Diaries concluded on March 14, 2017.",,NEI
Will Ferrell is considered a member of the Illuminati.,,NEI
Sister Act has an all-male cast.,"Featuring musical arrangements by Marc Shaiman , the film stars Whoopi Goldberg as a Reno lounge singer who has been put under protective custody in a San Francisco convent of Poor Clares and has to pretend to be a nun when a mob boss puts her on his hit list . Whoopi Goldberg Whoopi Goldberg Marc Shaiman Marc Shaiman musical Musical film Reno Reno, Nevada protective custody protective custody San Francisco San Francisco convent convent Poor Clares Poor Clares nun nun Caryn Elaine Johnson -LRB- born November 13 , 1955 -RRB- , known professionally as Whoopi Goldberg -LRB- -LSB- ˈwhʊpi -RSB- -RRB- , is an American actress , comedian , author and television host . television television Also in the cast are Maggie Smith , Kathy Najimy , Wendy Makkena , Mary Wickes , and Harvey Keitel . Maggie Smith Maggie Smith Harvey Keitel Harvey Keitel Kathy Najimy Kathy Najimy Wendy Makkena Wendy Makkena Mary Wickes Mary Wickes Dame Margaret Natalie Smith , -LRB- born 28 December 1934 -RRB- , known as Maggie Smith , is an English actress . Dame Dame Commander of the Order of the British Empire",REFUTES
Josh Homme had been involved with Iggy Pop.,,SUPPORTS
Star Wars: The Force Awakens is a store.,"Star Wars : The Force Awakens -LRB- also known as Star Wars : Episode VII -- The Force Awakens -RRB- is a 2015 American epic space opera film directed , co-produced , and co-written by J. J. Abrams . J. J. Abrams J. J. Abrams epic Epic film space opera film Space opera Star Wars Star Wars The direct sequel to 1983 's Return of the Jedi , The Force Awakens is the first installment of the Star Wars sequel trilogy , and stars Harrison Ford , Mark Hamill , Carrie Fisher , Adam Driver , Daisy Ridley , John Boyega , Oscar Isaac , Lupita Nyong ` o , Andy Serkis , Domhnall Gleeson , Anthony Daniels , Peter Mayhew , and Max von Sydow . Harrison Ford Harrison Ford Mark Hamill Mark Hamill Carrie Fisher Carrie Fisher Adam Driver Adam Driver Daisy Ridley Daisy Ridley John Boyega John Boyega Oscar Isaac Oscar Isaac Andy Serkis Andy Serkis Domhnall Gleeson Domhnall Gleeson Anthony Daniels Anthony Daniels Peter Mayhew Peter Mayhew Max von Sydow Max von Sydow Return of the Jedi Return of the Jedi Star Wars Star Wars sequel trilogy Star Wars sequel trilogy Produced by Lucasfilm Ltd. and Abrams ' production company Bad Robot Productions and distributed worldwide by Walt Disney Studios Motion Pictures , The Force Awakens marks a break in creative control from the original series as the first Star Wars film not produced by franchise creator George Lucas . George Lucas George Lucas Bad Robot Productions Bad Robot Productions Star Wars Star Wars Walt Disney Studios Motion Pictures Walt Disney Studios Motion Pictures Set 30 years after Return of the Jedi , it follows Rey , Finn and Poe Dameron 's search for Luke Skywalker and their fight alongside the Resistance , led by veterans of the Rebel Alliance , against Kylo Ren and the First Order , a successor organization to the Galactic Empire . Return of the Jedi Return of the Jedi Rey Rey (Star Wars) Finn Finn (Star Wars) Poe Dameron Poe Dameron Luke Skywalker Luke Skywalker Rebel Alliance Rebel Alliance Kylo Ren Kylo Ren First Order First Order (Star Wars) Galactic Empire Galactic Empire (Star Wars) Lucas served as creative consultant during the film 's early production . creative consultant creative consultant",REFUTES
Take a Bow was released by Motown Records.,"It was released as the album 's second single on November 29 , 1994 , by Maverick Records . Maverick Maverick Records single single (music) Maverick Records Maverick Records",REFUTES
Jon Pertwee was in a series produced for ITV and he acted.,,NEI
Mariah Carey was named on the 27th.,,NEI
Bill Gates is a murderer.,,NEI
Andrew Garfield is fully German.,"Andrew Russell Garfield -LRB- born 20 August 1983 -RRB- is a British-American actor . British-American British Americans Born in Los Angeles and raised in Epsom , Surrey , Garfield began his career on the UK stage and in television productions . Los Angeles Los Angeles Epsom Epsom",REFUTES
Amaze Entertainment was successful.,,NEI
Down syndrome was discovered by John Langdon Down.,,SUPPORTS
The Outcasts is a 1993 film.,"Originally titled The Outskirts , filming took place between July and August 2014 .",REFUTES
Keith Urban is a person who sings.,,NEI
Moses Malone won Most Valuable Player.,"The center was named the NBA Most Valuable Player -LRB- MVP -RRB- three times and was a 12-time NBA All-Star and an eight-time All-NBA selection . NBA Most Valuable Player NBA Most Valuable Player Award NBA All-Star NBA All-Star center Center (basketball) All-NBA All-NBA Malone was traded to Philadelphia the following season , when he repeated as MVP and led the 76ers to a championship in his first year . In his first of two stints with Philadelphia , he was an All-Star in each of his four seasons . Following another trade , Malone was an All-Star in his only two seasons with the Washington Bullets -LRB- known later as the Wizards -RRB- . Washington Bullets Washington Bullets Malone won his only NBA championship in 1983 , when he was both the league and Finals MVP with the Philadelphia 76ers . Philadelphia 76ers Philadelphia 76ers NBA championship NBA championship Finals MVP Bill Russell NBA Finals Most Valuable Player Award",SUPPORTS
Francois de Belleforest translated the works of Cicero for Goethe.,Johann Wolfgang von Goethe -LRB- -LSB- ˈgɜːrtə -RSB- -LSB- ˈjoːhan ˈvɔlfɡaŋ fɔn ˈɡøːtə -RSB- ; 28 August 1749 -- 22 March 1832 -RRB- was a German writer and statesman . statesman politician August August Schlegel,REFUTES
Scooby-Doo is a Hanna Barbera cartoon.,", was created for Hanna-Barbera Productions by writers Joe Ruby and Ken Spears in 1969 . Joe Ruby Joe Ruby Ken Spears Ken Spears Hanna-Barbera Productions Hanna-Barbera",SUPPORTS
Novak Djokovic was born in August.,"Novak Djokovic -LRB- Новак Ђоковић , Novak Đoković , -LSB- nôʋaːk d͡ʑôːkoʋit͡ɕ -RSB- ; born 22 May 1987 -RRB- , often referred to by the hypocorism Nole , is a Serbian professional tennis player who is currently ranked world No. 2 in men 's singles tennis by the Association of Tennis Professionals -LRB- ATP -RRB- . hypocorism hypocorism tennis tennis Association of Tennis Professionals Association of Tennis Professionals",REFUTES
Champion was released in 1959.,Champion is a 1949 American film noir drama sport film based on a short story by Ring Lardner . Ring Lardner Ring Lardner film noir film noir,REFUTES
"Marshall McLuhan's gravestone was embossed the term ""global village.""",,NEI
Paul Newman and A.E. Hotchner founded a food company.,"He was also a co-founder of Safe Water Network , a nonprofit that develops sustainable drinking water solutions for those in need . Safe Water Network Safe Water Network Newman 's Own is a food company founded by actor Paul Newman and author A.E. Hotchner in 1982 . Paul Newman Paul Newman A.E. Hotchner A.E. Hotchner",SUPPORTS
Bedazzled (2000 film) stars an immigrant.,,NEI
The Kitti's hog-nosed bat belongs to the order Chiroptera.,,NEI
Quebec is a region.,"It also shares maritime borders with Nunavut , Prince Edward Island , and Nova Scotia . Nunavut Nunavut Prince Edward Island Prince Edward Island Nova Scotia Nova Scotia The Nord-du-Québec region , occupying the northern half of the province , is sparsely populated and inhabited primarily by Aboriginal peoples . Québec Quebec City province Provinces and territories of Canada Nord-du-Québec Nord-du-Québec Aboriginal peoples Aboriginal peoples in Canada",SUPPORTS
Episodes of Game of Thrones (season 3) took approximately 50 to 60 minutes to film.,,NEI
Carrie Fisher worked with Hal Ashby.,,NEI
Marshall McLuhan closely followed media discourse.,,NEI
Dwayne Johnson won the U.S. Presidential election five times.,,NEI
Natalie Portman portrayed a dog.,,NEI
Edward Norton is an environmental activist.,He ran in the 2009 New York City Marathon to raise money for the Trust . New York City Marathon New York City Marathon,SUPPORTS
Hannibal was a key figure in the Second Punic War.,Hannibal occupied much of Italy for 15 years but was unable to march on Rome . Italy Italy,SUPPORTS
The Dark Knight (film) made under $1 billion.,,REFUTES
Selena Gomez's middle name is not Marie.,"Selena Marie Gomez -LRB- -LSB- səˈliːnə_məˈɹiː_ˈɡoʊmɛz -RSB- ; -LSB- seˈlena ˈɣomes -RSB- ; born July 22 , 1992 -RRB- is an American actress and singer .",REFUTES
Slovakia is a nation.,"Slovakia -LRB- listen -RRB- , is a landlocked country in Central Europe . landlocked country landlocked country Central Europe Central Europe A landlocked state or landlocked country is a sovereign state entirely enclosed by land , or whose only coastlines lie on closed seas . sovereign state sovereign state closed seas endorheic basin",SUPPORTS
Moana received critical acclaim for the song How Far I'll Go.,,SUPPORTS
Maggie Gyllenhaal was nominated for a BIFA Award in 2015.,,NEI
Red Hot Chili Peppers formed in 1407.,"Red Hot Chili Peppers , also sometimes shortened to The Chili Peppers or abbreviated as RHCP , are an American alternative rock/funk rock band formed in Los Angeles in 1983 . alternative rock alternative rock funk rock funk rock Los Angeles Los Angeles funk funk",REFUTES
Jimmy Carter was a politician.,"James Earl Carter Jr. -LRB- born October 1 , 1924 -RRB- is an American politician who served as the 39th President of the United States from 1977 to 1981 . politician politician 39th President of the United States List of Presidents of the United States A member of the Democratic Party , he served as the Governor of Georgia prior to his election as president . Democratic Democratic Party (United States) Democratic Party Democratic Party (United States) Governor List of Governors of Georgia Georgia Georgia (U.S. state) He served as governor from 1971 to 1975 . Despite being little-known outside of Georgia at the start of the campaign , Carter won the 1976 Democratic presidential nomination . Democratic Democratic Party (United States) Georgia Georgia (U.S. state) 1976 Democratic presidential nomination Democratic Party presidential primaries, 1976 In the general election , Carter defeated incumbent Republican President Gerald Ford in a relatively close election . Gerald Ford Gerald Ford general election United States presidential election, 1980 Republican Republican Party (United States)",SUPPORTS
Eddie Redmayne danced on stage.,,NEI
George Foreman is a two-time Olympic gold medalist.,,NEI
Miss Peregrine's Home for Peculiar Children is a motion picture.,,NEI
J. K. Rowling had a daughter named Jessica.,,NEI
Paul Walker married an American.,,NEI
Bahrain is a Berber author.,"Bahrain -LRB- -LSB- bɑːˈreɪn -RSB- البحرين -RRB- , officially the Kingdom of Bahrain , is a small Arab monarchy in the Arabian Gulf . Arab Arab Arabian Gulf Arabian Gulf It is an island country consisting of a small archipelago centered around Bahrain Island , situated between the Qatar peninsula and the north eastern coast of Saudi Arabia , to which it is connected by the 25 km King Fahd Causeway . King King island country island country archipelago archipelago Bahrain Island Bahrain Island Qatar Qatar Saudi Arabia Saudi Arabia King Fahd Causeway King Fahd Causeway Bahrain 's population is 1,234,571 -LRB- c. 2010 -RRB- , including 666,172 non-nationals . It is 780 km2 in size , making it the third smallest nation in Asia after the Maldives and Singapore . smallest nation List of sovereign states and dependencies by area Maldives Maldives Singapore Singapore Bahrain was one of the earliest areas to convert to Islam -LRB- 628 -RRB- . Islam Islam",REFUTES
Joe Biden was the ninth-youngest senator in US history.,He was a long-time member and former chairman of the Foreign Relations Committee . Foreign Relations Committee United States Senate Committee on Foreign Relations,REFUTES
"In January, Thomas DeSimone disappeared.","Thomas Anthony DeSimone -LRB- May 24 , 1950 -- disappeared January 14 , 1979 -RRB- , also known as Two-Gun Tommy or Tommy D , was a Sicilian-American gangster and associate of the Lucchese crime family in New York City . Lucchese crime family Lucchese crime family New York City New York City New York New York (state) Sicilian-American Sicilian-American gangster gangster",SUPPORTS
Jon Huntsman Jr. has not served in at least two different presidencies.,"He has served in the administrations of five U.S. Presidents and was a candidate for the 2012 Republican presidential nomination . Republican Republican Party (United States) U.S. Presidents President of the United States 2012 Republican presidential nomination Republican Party presidential primaries, 2012 In 2009 , he was appointed United States Ambassador to China by Barack Obama . United States Ambassador to China United States Ambassador to China Barack Obama Barack Obama China China He also served as CEO of his family-owned Huntsman Corporation and chairman of the Huntsman Cancer Foundation . CEO CEO Huntsman Corporation Huntsman Corporation Huntsman Cancer Foundation Huntsman Cancer Foundation Under his leadership , Utah was named the best managed state in America by the Pew Center on the States . Utah Utah Pew Center on the States The Pew Charitable Trusts Later as Deputy U.S. Trade Representative under George W. Bush , he launched global trade negotiations in Doha in 2001 and guided the accession of China into the World Trade Organization . China China Deputy U.S. Trade Representative United States Trade Representative George W. Bush George W. Bush Doha Doha World Trade Organization World Trade Organization",SUPPORTS
Beauty Shop lacks a songwriter.,,NEI
Mother Teresa's feast day is September 5.,,SUPPORTS
Vedanta excludes sub-traditions espousing dualism.,"Rather it is an umbrella term for many sub-traditions , ranging from dualism to non-dualism , all of which developed on the basis of a common textual connection called the Prasthanatrayi . dualism dualism non-dualism Advaita Prasthanatrayi Prasthanatrayi",REFUTES
Nelson Mandela was a communist.,"In 1962 , he was arrested for conspiring to overthrow the state and sentenced to life imprisonment in the Rivonia Trial . Rivonia Trial Rivonia Trial",SUPPORTS
Gorgeous Ladies of Wrestling is a wrestling promotion for women.,"Gorgeous Ladies of Wrestling , also known as GLOW or G.L.O.W. , is a women 's professional wrestling promotion begun in 1986 -LRB- the pilot was filmed in December 1985 -RRB- and continued in various forms after it left television . promotion professional wrestling promotion television television",SUPPORTS
The largest urban area of Australia is the city with the smallest population in Australia and Oceania.,"Australia 's capital is Canberra , and its largest urban area is Sydney . Canberra Canberra Sydney Sydney urban area List of cities in Australia by population Sydney is the state capital of New South Wales and the most populous city in Australia and Oceania . state capital List of Australian capital cities New South Wales New South Wales most populous city List of cities in Australia by population Australia Australia Oceania Oceania",REFUTES
Adam Driver was in Atonement.,,NEI
Ederson Moraes is from Recife.,,NEI
"Troy Baker's indie band released the song ""Burning Out.""",,SUPPORTS
There is a specific order to the recording of a mixtape.,"A mixtape -LRB- also mix-tape or mix tape -RRB- is a home-made compilation of music -LRB- typically copyrighted songs taken from other sources -RRB- recorded in a specific order , traditionally onto a cassette tape , though later replaced by CD or MP3 playlist formats . cassette tape cassette tape MP3 MP3 playlist playlist",SUPPORTS
Silk was not the major trade item on the Silk Road.,The Chinese took great interest in the safety of their trade products and extended the Great Wall of China to ensure the protection of the trade route . Great Wall of China Great Wall of China Chinese Chinese people,REFUTES
Dragon is derived from the Greek.,,SUPPORTS
Matt Damon was in a movie.,"Damon has received various accolades , including an Academy Award from five nominations , two Golden Globe Awards from eight nominations , and has been nominated for two British Academy Film Awards and six Emmy Awards . various accolades List of awards and nominations received by Matt Damon Academy Award Academy Award Golden Globe Awards Golden Globe Awards British Academy Film Awards British Academy Film Awards Emmy Awards Emmy Awards Academy Academy Award for Best Original Screenplay Golden Globe Golden Globe Award for Best Screenplay He continued to garner praise from critics for his roles as the eponymous character in Saving Private Ryan -LRB- 1998 -RRB- , the antihero in The Talented Mr. Ripley -LRB- 1999 -RRB- , a fallen angel in Dogma -LRB- 1999 -RRB- , an energy analyst in Syriana -LRB- 2005 -RRB- , and a corrupt Irish-American police officer in The Departed -LRB- 2006 -RRB- . Saving Private Ryan Saving Private Ryan antihero antihero The Talented Mr. Ripley The Talented Mr. Ripley (film) fallen angel fallen angel Dogma Dogma (film) Syriana Syriana Irish-American Irish-American The Departed The Departed Damon is also known for his starring roles as Jason Bourne in the Bourne franchise -LRB- 2002 -- 16 -RRB- and as a con man in the Ocean 's Trilogy -LRB- 2001 -- 07 -RRB- . Jason Bourne Jason Bourne For his supporting role as the rugby player Francois Pienaar in Invictus -LRB- 2009 -RRB- and his leading role as an astronaut stranded on Mars in The Martian -LRB- 2015 -RRB- , Damon received Oscar nominations for Best Supporting Actor and Best Actor , respectively . Francois Pienaar Francois Pienaar Invictus Invictus (film) astronaut astronaut Mars Mars The Martian The Martian (film) Best Supporting Actor Academy Award for Best Supporting Actor He also received an Oscar nomination for producing Manchester by the Sea -LRB- 2016 -RRB- . Oscar nomination Academy Award for Best Picture Manchester by the Sea Manchester by the Sea (film)",SUPPORTS
Bruce Springsteen was named MusiCares' person of the decade.,,NEI
"In 2015, Amazon became a more valuable retailer than Walmart.",,SUPPORTS
Selena Gomez's fourth solo album is called Revival.,Revival is the second studio album by American singer Selena Gomez . Selena Gomez Selena Gomez,REFUTES
Brigitte Macron is the wife of the President of the French Republic.,"Brigitte Marie-Claude Macron -LRB- -LSB- bri.ʒit ma.ʁi klodə ma.kʁɔ -RSB- ; née Trogneux , -LSB- tʁɔ.ɲø -RSB- , previously Auzière , -LSB- o.zjɛːʁ -RSB- ; born 13 April 1953 -RRB- is a high-school teacher and the wife of Emmanuel Macron , the President of the French Republic . Emmanuel Macron Emmanuel Macron President President of France French Republic France",SUPPORTS
Alexandra Burke is a voice actor.,Alexandra Imelda Cecelia Ewen Burke -LRB- born 25 August 1988 -RRB- is a British singer-songwriter and voice actor .,SUPPORTS
Islam is a region.,"الإسلام , -LSB- alʔisˈlaːm -RSB- -RRB- is an Abrahamic monotheistic religion which professes that there is only one and incomparable God -LRB- Allah -RRB- and that Muhammad is the last messenger of God . Abrahamic Abrahamic religions monotheistic monotheism religion religion one and incomparable God Tawhid Allah Allah Muhammad Muhammad last messenger Khatam an-Nabiyyin God God in Islam It is the world 's second-largest religion and the fastest-growing major religion in the world , with over 1.8 billion followers or 24.1 % of the global population , known as Muslims . religion religion fastest-growing major religion in the world Growth of religion",REFUTES
Cleopatra was queen of Egypt.,,NEI
Planet of the Apes is a sci-fi film.,Planet of the Apes is a 1968 American science fiction film directed by Franklin J. Schaffner . Franklin J. Schaffner Franklin J. Schaffner Planet of the Apes Planet of the Apes (2001 film) science fiction film science fiction film,SUPPORTS
Lion features Dev Patel in the opening scene.,,NEI
The Flash is unrelated to Barry Allen.,"It is based on the DC Comics character Barry Allen / Flash , a costumed superhero crime-fighter with the power to move at superhuman speeds . DC Comics DC Comics Barry Allen / Flash Flash (Barry Allen)",REFUTES
Stanley Tucci never won an Emmy.,.,REFUTES
Lockheed Martin F-22 Raptor is an advance aircraft for strategic fighting.,,NEI
Martina Navratilova is only American.,"Martina Navratilova -LRB- Martina Navrátilová -LSB- ˈmarcɪna ˈnavraːcɪlovaː -RSB- ; born Martina Šubertová -LSB- ˈmarcɪna ˈʃubɛrtovaː -RSB- ; October 18 , 1956 -RRB- is a Czech and American retired tennis player and coach . tennis tennis Czech Czech republic",REFUTES
Shraddha Kapoor was directed by M. Night Shyamalan.,,NEI
James Marsden starred in a film.,"He gained prominence with his portrayal of Scott Summers/Cyclops in the X-Men film series and starred in 2006 's Superman Returns . Scott Summers/Cyclops Cyclops (comics) Superman Returns Superman Returns He also returned to television guest-starring in Modern Family and playing Liz Lemon 's love interest , Criss Chros in 30 Rock in a supporting role . television television Modern Family Modern Family Liz Lemon Liz Lemon Criss Chros List of 30 Rock characters 30 Rock 30 Rock He 's had starring roles in family-friendly films such as Enchanted and Hop and leading man roles in 27 Dresses and The Best of Me . Enchanted Enchanted (2007 film) Hop Hop (film) 27 Dresses 27 Dresses The Best of Me The Best of Me (film)",SUPPORTS
The Twilight Saga has a star.,,NEI
Bruce Willis is a guitarist.,,NEI
Timothy Olyphant was an American citizen.,"Timothy David Olyphant -LRB- -LSB- ˈɔːlʌfɪnt -RSB- ; born May 20 , 1968 -RRB- is an American actor and producer .",SUPPORTS
Guardians of the Galaxy had Kevin Feige as a director.,"The film was directed by James Gunn , who wrote the screenplay with Nicole Perlman , and features an ensemble cast including Chris Pratt , Zoe Saldana , Dave Bautista , Vin Diesel , Bradley Cooper , Lee Pace , Michael Rooker , Karen Gillan , Djimon Hounsou , John C. Reilly , Glenn Close , and Benicio del Toro . James Gunn James Gunn Nicole Perlman Nicole Perlman Chris Pratt Chris Pratt Zoe Saldana Zoe Saldana Dave Bautista Dave Bautista Vin Diesel Vin Diesel Bradley Cooper Bradley Cooper Lee Pace Lee Pace Michael Rooker Michael Rooker Karen Gillan Karen Gillan Djimon Hounsou Djimon Hounsou John C. Reilly John C. Reilly Glenn Close Glenn Close Benicio del Toro Benicio del Toro ensemble cast ensemble cast",REFUTES
San Francisco is in Southern California.,"San Francisco -LRB- initials SF -RRB- -LRB- -LSB- sæn_frənˈsɪskoʊ -RSB- , Spanish for Saint Francis ; Spanish : -LSB- san franˈsisko -RSB- -RRB- , officially the City and County of San Francisco , is the cultural , commercial , and financial center of Northern California . California California Spanish Spanish language Saint Francis Francis of Assisi Northern California Northern California",REFUTES
Minions is the sixth highest-grossing film of all time.,"Minions is a 2015 American computer-animated comedy film , serving as a spin-off/prequel to the Despicable Me franchise . computer-animated Computer animation comedy film comedy film spin-off Spin-off (media) prequel prequel",REFUTES
Neal Schon has a former name called Blue.,,NEI
Daft Punk released their debut album in 1993.,"In March 2005 , the duo released their third album Human After All to mixed reviews . Human After All Human After All Homework is the debut studio album by the French electronic music duo Daft Punk , released on 20 January 1997 by Virgin Records and Soma Quality Recordings . Daft Punk Daft Punk Virgin Virgin Records Soma Soma Quality Recordings studio album studio album electronic music electronic music Virgin Records Virgin Records Soma Quality Recordings Soma Quality Recordings",REFUTES
Ted Bundy received three death sentences for the Florida homicides.,"Attorney Polly Nelson , a member of his last defense team , agreed : `` Ted '' , she wrote , `` was the very definition of heartless evil . '' Polly Nelson Polly Nelson",SUPPORTS
Big Show is signed to a professional wrestling promotion.,,NEI
The terrain of Kazakhstan includes taiga.,.,SUPPORTS
Carice van Houten's full name is not Carice Anouk van Houten.,Carice Anouk van Houten -LRB- -LSB- kaːˈris ɑˈnuk vɑn ˈɦʌu̯tə -LRB- n -RRB- -RSB- ; born 5 September 1976 -RRB- is a Dutch actress and singer . Dutch Netherlands actress actress,REFUTES
John Connally was a Governor of Texas.,"As a Democrat he served as Secretary of the Navy under President John F. Kennedy , as the 39th Governor of Texas , and as Secretary of the Treasury under President Richard Nixon . Richard Nixon Richard Nixon Governor of Texas Governor of Texas John F. Kennedy John F. Kennedy Texas Texas Democrat Democratic Party (United States) Secretary of the Navy Secretary of the Navy Secretary of the Treasury Secretary of the Treasury Kennedy John F. Kennedy President President of the United States",SUPPORTS
Robert Redford was in The Beverly Hillbillies.,,NEI
"Pranab Mukherjee was born on December 11th, 1935.","` Pranab Kumar Mukherjee -LRB- born 11 December 1935 -RRB- is the 13th and current President of India , he has been in office since July 2012 . 13th List of Presidents of India President of India President of India India India",SUPPORTS
The Offspring's third studio dog is Smash.,,NEI
The Beach Boys were co-founded by the president.,"The group 's original lineup consisted of brothers Brian , Dennis , and Carl Wilson ; their cousin Mike Love ; and their friend Al Jardine . Mike Love Mike Love Al Jardine Al Jardine Carl Wilson Carl Wilson original lineup The Beach Boys lineups Brian Brian Wilson Dennis Dennis Wilson",REFUTES
Nineteen Eighty-Four received number 13 on the Times' bestseller list.,,NEI
Paul Simon was inducted into the club.,,NEI
Yelp expanded throughout Europe in January 2017.,,NEI
Adolf Hitler's fashion was racially motivated.,,NEI
Nepal borders France.,"Nepal does not border Bangladesh , which is located within only 27 km -LRB- 17 mi -RRB- of its southeastern tip . Bangladesh Bangladesh Kathmandu is the nation 's capital and largest city . Kathmandu Kathmandu",REFUTES
Gone with the Wind is a novel and has been criticized.,,NEI
This Sporting Life was directed by a director who came into the world in 1923.,"He was also nominated for an Oscar for Best Actor in a Leading Role . Oscar Academy Awards Best Actor in a Leading Role Academy Award for Best Actor Lindsay Gordon Anderson -LRB- 17 April 1923 -- 30 August 1994 -RRB- was a British feature film , theatre and documentary director , film critic , and leading light of the Free Cinema movement and the British New Wave . feature film feature film theatre theatre documentary Documentary film director film director film critic film critic Free Cinema Free Cinema British New Wave British New Wave",SUPPORTS
Chris Brown appeared on live television.,,NEI
Enough Project facilitates campaigns.,"The Enough Project facilitates several campaigns and initiatives which work to bring attention to these crises , including The Sentry , Raise Hope for Congo , and the Satellite Sentinel Project . Satellite Sentinel Project Satellite Sentinel Project",SUPPORTS
Star Wars: The Force Awakens follows Kylo Ren and Han Solo.,,NEI
Amanda Peet was incapable of being in the movie Something's Got ta Give.,,REFUTES
Drop Dead Gorgeous follows the contestants in the Sarah Rose Cosmetics Mount Rose American Teen Princess Pageant.,"Shot in a mockumentary format , it follows the contestants in a beauty pageant called the Sarah Rose Cosmetics Mount Rose American Teen Princess Pageant , held in the small fictional town of Mount Rose , Minnesota , in which various contestants die in suspicious ways . mockumentary mockumentary beauty pageant beauty pageant Minnesota Minnesota",SUPPORTS
Paul Simon was inducted into the Rock and Roll Hall of Fame in 2007.,"In 1986 , Simon was awarded an Honorary Doctor of Music degree from Berklee College of Music , where he currently serves on the Board of Trustees . Berklee College of Music Berklee College of Music",REFUTES
GoldenEye is part of the Harry Potter series.,,NEI
Ellyse Perry played the forward in soccer at the age of 16.,,NEI
John Prendergast founded Enough Project.,Its co-founders are John Prendergast and Gayle Smith . Gayle Smith Gayle Smith John Prendergast John Prendergast (activist),SUPPORTS
Psychological solutions link to research and perspectives from philosophy.,"Many do scientific research on a wide range of topics related to mental processes and behavior , and typically work in university psychology departments or teach in other academic settings -LRB- e.g. , medical schools , hospitals -RRB- . behavior behavior",SUPPORTS
A Monster Calls is based on the horror novel of the same name.,"A Monster Calls is a 2016 dark fantasy drama film directed by J. A. Bayona and written by Patrick Ness , based on his novel of the same name . J. A. Bayona J. A. Bayona Patrick Ness Patrick Ness A Monster Calls A Monster Calls dark fantasy dark fantasy drama Drama (modern genre) novel of the same name A Monster Calls A Monster Calls is a low fantasy novel written for children by Patrick Ness , from an original idea by Siobhan Dowd , illustrated by Jim Kay , and published by Walker in 2011 . Patrick Ness Patrick Ness fantasy fantasy low fantasy low fantasy Siobhan Dowd Siobhan Dowd 2011 2011 in literature",REFUTES
Spider-Man has been portrayed by five British film actors.,,NEI
The Strain is a series.,"The Strain is an American horror drama television series that premiered on FX on July 13 , 2014 . horror horror fiction The Strain The Strain FX FX (TV channel) drama drama",SUPPORTS
George W. Bush's older brother is Jeb Bush.,"The September 11 terrorist attacks occurred eight months into Bush 's first term as president . September 11 terrorist attacks September 11 attacks His paternal grandfather , Prescott Bush , was a United States Senator from Connecticut . Prescott Bush Prescott Bush United States Senator United States Senator Connecticut Connecticut",REFUTES
One fictional character is the Wicked Witch of the West.,The Wicked Witch of the West is a fictional character and the most significant antagonist in L. Frank Baum 's children 's book The Wonderful Wizard of Oz -LRB- 1900 -RRB- . The Wonderful Wizard of Oz The Wonderful Wizard of Oz L. Frank Baum L. Frank Baum Wicked Wicked (musical) fictional character fictional character,SUPPORTS
Rob Lowe was a cast member of at least two political television series.,,NEI
Passengers is a song.,"Passengers is a 2016 American science fiction film directed by Morten Tyldum and written by Jon Spaihts . Morten Tyldum Morten Tyldum Jon Spaihts Jon Spaihts science fiction film science fiction film It stars Jennifer Lawrence , Chris Pratt , Michael Sheen , and Laurence Fishburne . Jennifer Lawrence Jennifer Lawrence Chris Pratt Chris Pratt Michael Sheen Michael Sheen Laurence Fishburne Laurence Fishburne The film was nominated for Best Original Score and Best Production Design at the 89th Academy Awards . Best Original Score Academy Award for Best Original Score Best Production Design Academy Award for Best Production Design 89th Academy Awards 89th Academy Awards",REFUTES
Deadpool (film) is a film.,"Deadpool is a 2016 American superhero film directed by Tim Miller and written by Rhett Reese and Paul Wernick , based on the Marvel Comics character of the same name . Tim Miller Tim Miller (director) Rhett Reese Rhett Reese Paul Wernick Paul Wernick Deadpool Deadpool superhero film superhero film Marvel Comics Marvel Comics of the same name Deadpool",SUPPORTS
The genre of pop punk was developed partly by Blink-182.,,SUPPORTS
Planet of the Apes (1968 film) had an actor that underwent rewrites.,,NEI
STS-96 launched on a quick set of plans.,,NEI
Canada has institutions and is very cultured.,,NEI
Notes on a Scandal lacks any music.,The soundtrack was composed by Philip Glass . Philip Glass Philip Glass,REFUTES
Mary-Louise Parker received a Golden Globe for Best Actress.,"In addition to her many films , Parker enjoyed great popularity for her lead role on Showtime 's television series Weeds portraying Nancy Botwin , for which she received the Golden Globe Award for Best Actress in 2006 . Showtime Showtime (TV network) Weeds Weeds (TV series) Nancy Botwin Nancy Botwin Golden Globe Award for Best Actress Golden Globe Award for Best Actress – Television Series Musical or Comedy Golden Globe Golden Globe Award for Best Supporting Actress – Series, Miniseries or Television Film Best Actress Tony Award for Best Performance by a Leading Actress in a Play",SUPPORTS
Jacinda Barrett is exclusively an American.,"Jacinda Barrett -LRB- born August 2 , 1972 -RRB- , an Australian-American actress and former model , first became known to audiences as a cast member on The Real World : London -LRB- 1995 -RRB- before appearing in films such as The Human Stain -LRB- 2003 -RRB- , Bridget Jones : The Edge of Reason -LRB- 2004 -RRB- , Ladder 49 -LRB- 2004 -RRB- , The Namesake -LRB- 2006 -RRB- , Poseidon -LRB- 2006 -RRB- , and The Last Kiss -LRB- 2006 -RRB- . Australian-American Australian-American model model (person) The Human Stain The Human Stain (film) Ladder 49 Ladder 49 The Namesake The Namesake (film) Poseidon Poseidon (film) The Last Kiss The Last Kiss (2006 film)",REFUTES
Room 93 is a creative work.,"Room 93 is the debut extended play -LRB- EP -RRB- by American singer and songwriter Halsey . Halsey Halsey (singer) extended play extended play An extended play -LRB- EP -RRB- is a musical recording that contains more tracks than a single , but is usually unqualified as an album or LP . musical recording Sound recording and reproduction single Single (music) album album LP LP record The sound of the EP is rooted on the electropop music genre . electropop electropop The project was re-released digitally on March 9 , 2015 , including a new version of `` Ghost '' , this later is also included on the singer 's debut full-length album Badlands . Badlands Badlands (Halsey album) Ghost Ghost (Halsey song) A digital remix version of the EP , featuring three remixes for the songs `` Hurricane '' , `` Ghost '' and `` Trouble '' was released on March 3 , 2015 . Ghost Ghost (Halsey song)",SUPPORTS
Approximately 200 million AK-47 belong to the Kalashnikov family.,,REFUTES
Saint Peter only appears the Bible in the Gospel according to Luke.,,REFUTES
The Great Gatsby looks at themes of social upheaval.,"Considered to be Fitzgerald 's magnum opus , The Great Gatsby explores themes of decadence , idealism , resistance to change , social upheaval , and excess , creating a portrait of the Jazz Age or the Roaring Twenties that has been described as a cautionary tale regarding the American Dream . magnum opus Masterpiece decadence decadence idealism idealism Jazz Age Jazz Age Roaring Twenties Roaring Twenties American Dream American Dream",SUPPORTS
Planet of the Apes did not come out in 1968.,,REFUTES
Michael Jordan is in the Baseball Hall of Fame.,,NEI
Kurt Angle was denied American citizenship.,"Kurt Steven Angle -LRB- born December 9 , 1968 -RRB- is an American professional wrestler , actor , and retired amateur wrestler . professional wrestler Professional wrestling amateur wrestler Amateur wrestling",REFUTES
Denmark is a Christian country.,"Today , several nations officially identify themselves as Christian states and/or have state churches , including Costa Rica , Denmark , England , Greece , Iceland , Liechtenstein , Monaco , Tonga , Tuvalu , Vatican City , and Zambia . Costa Rica Costa Rica Denmark Denmark England England Greece Greece Iceland Iceland Liechtenstein Liechtenstein Monaco Monaco Tonga Tonga Tuvalu Tuvalu Vatican City Vatican City Zambia Zambia",SUPPORTS
Warren Casey is a composer.,"Warren Casey -LRB- April 20 , 1935 -- November 8 , 1988 -RRB- was an American theatre composer , lyricist , writer , and actor . American United States theatre theatre composer composer lyricist lyricist writer writer actor actor He is best known for being the writer and composer , with Jim Jacobs , of the stage and film musical Grease . composer composer writer writer Jim Jacobs Jim Jacobs Grease Grease (musical) Grease is a 1971 musical by Jim Jacobs and Warren Casey with additional songs written by John Farrar -LRB- movie and post revivals -RRB- . Jim Jacobs Jim Jacobs Warren Casey Warren Casey John Farrar John Farrar musical Musical theatre",SUPPORTS
KFC was taken over by the R.J. Reynolds food and tobacco mirror.,,NEI
Divergent reviewers found it unoriginal.,"A sequel , Insurgent , was released on March 20 , 2015 in the United States . Insurgent The Divergent Series: Insurgent",SUPPORTS
Mike Myers had a small role in a 2009 fantasy film.,"He also directed the documentary film Supermensch : The Legend of Shep Gordon , and had a small role in Quentin Tarantino 's Inglourious Basterds in 2009 . Inglourious Basterds Inglourious Basterds Inglourious Basterds is a 2009 uchronic war film written and directed by Quentin Tarantino starring Brad Pitt , Christoph Waltz , Michael Fassbender , Eli Roth , Diane Kruger , Til Schweiger , and Mélanie Laurent . Quentin Tarantino Quentin Tarantino Brad Pitt Brad Pitt Christoph Waltz Christoph Waltz Michael Fassbender Michael Fassbender Eli Roth Eli Roth Diane Kruger Diane Kruger Til Schweiger Til Schweiger Mélanie Laurent Mélanie Laurent uchronic Uchronia war film war film",SUPPORTS
The Promise does not have an Irish director.,"The Promise is a 2016 American historical drama film directed by Terry George and starring Oscar Isaac , Charlotte Le Bon and Christian Bale , set in the final years of the Ottoman Empire . Terry George Terry George Oscar Isaac Oscar Isaac Charlotte Le Bon Charlotte Le Bon Christian Bale Christian Bale historical Historical period drama drama Drama (film and television) Ottoman Empire Ottoman Empire Terence `` Terry '' George -LRB- born 20 December 1952 -RRB- is an Irish screenwriter and director .",REFUTES
Look at My Dab only has one title.,`` Look at My Dab '' -LRB- also titled `` Bitch Dab '' -RRB- is a song by American hip hop group Migos . Migos Migos hip hop hip hop music,REFUTES
Tyrion Lannister wrote A Storm of Swords.,The character will also appear in the forthcoming volume The Winds of Winter . The Winds of Winter The Winds of Winter,REFUTES
Man of Steel (film) was directed by Zack Snyder.,"The film is directed by Zack Snyder , written by David S. Goyer , and stars Henry Cavill , Amy Adams , Michael Shannon , Kevin Costner , Diane Lane , Laurence Fishburne , Antje Traue , Ayelet Zurer , Christopher Meloni , and Russell Crowe . Zack Snyder Zack Snyder David S. Goyer David S. Goyer Henry Cavill Henry Cavill Amy Adams Amy Adams Michael Shannon Michael Shannon Kevin Costner Kevin Costner Diane Lane Diane Lane Laurence Fishburne Laurence Fishburne Antje Traue Antje Traue Ayelet Zurer Ayelet Zurer Christopher Meloni Christopher Meloni Russell Crowe Russell Crowe",SUPPORTS
Avatar: The Last Airbender's protagonist is Aang.,"The show is obtainable from various sources , including DVD , the iTunes Store , the Zune Marketplace , the Xbox Live Marketplace , the PlayStation Store , Netflix , Amazon Video , and the Nicktoons Network . iTunes Store iTunes Store Zune Marketplace Zune Marketplace Xbox Live Marketplace Xbox Live Marketplace PlayStation Store PlayStation Store Netflix Netflix Amazon Video Amazon Video Nicktoons Network Nicktoons Network Nicktoons Nicktoons is a fictional character and the protagonist of Nickelodeon 's animated television series Avatar : The Last Airbender -LRB- created by Michael Dante DiMartino and Bryan Konietzko -RRB- , voiced by Zach Tyler Eisen . Michael Dante DiMartino Michael Dante DiMartino Bryan Konietzko Bryan Konietzko The Last Airbender The Last Airbender Zach Tyler Eisen Zach Tyler Eisen fictional character fictional character protagonist protagonist Nickelodeon Nickelodeon Avatar Avatar",SUPPORTS
T-Pain's debut album won a Grammy Award.,,NEI
Somalia's economy is partially based on sports.,,NEI
Gone Girl is a movie.,"Gone Girl is a 2014 American psychological thriller film directed by David Fincher and written by Gillian Flynn , based on her 2012 novel of the same name . David Fincher David Fincher Gillian Flynn Gillian Flynn Gone Girl Gone Girl (novel) psychological thriller psychological thriller 2012 novel of the same name Gone Girl (novel) The film stars Ben Affleck , Rosamund Pike , Neil Patrick Harris and Tyler Perry . Ben Affleck Ben Affleck Rosamund Pike Rosamund Pike Neil Patrick Harris Neil Patrick Harris Tyler Perry Tyler Perry Rosamund Pike 's performance was particularly praised , and she received nominations for an Academy Award , BAFTA Award , Golden Globe Award and Screen Actors Guild Award for Best Actress . Rosamund Pike Rosamund Pike Academy Award Academy Award for Best Actress BAFTA Award BAFTA Award for Best Screenplay Golden Globe Award Golden Globe Award for Best Screenplay Screen Actors Guild Award Screen Actors Guild Award for Outstanding Performance by a Female Actor in a Leading Role",SUPPORTS
Evonne Goolagong Cawley bestowed an Order of the British Empire.,,NEI
Meghan McCain signed on as a member of the chess club.,,NEI
Mission: Impossible 6 is an old movie.,"The film will be released on July 27 , 2018 by Paramount Pictures . Paramount Pictures Paramount Pictures",REFUTES
American Horror Story had a finale.,,NEI
Emily Blunt appeared in a movie based on a book.,"Her performance in the 2004 drama film My Summer of Love garnered her the Evening Standard British Film Award for Most Promising Newcomer . My Summer of Love My Summer of Love Evening Standard British Film Award for Most Promising Newcomer Evening Standard Award Based on the novel of the same name by Helen Cross , the film explores the lesbian relationship between two young women from different classes and backgrounds . Helen Cross Helen Cross (author) novel of the same name My Summer of Love (novel) lesbian lesbian",SUPPORTS
Danny Carey was in the town Tool.,,NEI
Karan Johar won a Filmfare award for Best Director and Best Screenplay.,His counter-terrorism drama My Name Is Khan -LRB- 2010 -RRB- earned him his second Filmfare Award for Best Director . Best Director Filmfare Award for Best Director My Name Is Khan My Name Is Khan,SUPPORTS
The Greenland shark is in the order Squaliformes.,"The Greenland shark -LRB- Somniosus microcephalus -RRB- , also known as the gurry shark , or grey shark , or by the Inuit name eqalussuaq , is a large shark of the family Somniosidae -LRB- `` sleeper sharks '' -RRB- , closely related to the Pacific and southern sleeper sharks . Somniosidae Somniosidae Somniosus Somniosus Inuit Inuit languages shark shark Pacific Pacific sleeper shark The Somniosidae are a family of sharks in the order Squaliformes , commonly known as sleeper sharks . Squaliformes Squaliformes",SUPPORTS
The Celtic F.C. is not based in Glasgow.,"The Celtic Football Club -LRB- -LSB- ˈsɛltɪk -RSB- -RRB- is a professional football club based in Glasgow , Scotland , which plays in the Scottish Premiership . football association football Glasgow Glasgow Scotland Scotland Scottish Premiership Scottish Premiership",REFUTES
Victor Hugo wrote about political issues.,,NEI
Lily James did not begin her professional acting career in 2010.,"She began to appear in Hollywood films in 2012 , with roles in Wrath of the Titans and Fast Girls , and was seen in further television roles , including that of Countess Natasha Rostova in the 2016 BBC historical drama series War & Peace . War & Peace War & Peace (2016 TV series) Wrath of the Titans Wrath of the Titans Fast Girls Fast Girls (film) Natasha Rostova Natasha Rostova BBC BBC",REFUTES
Robert Lee Yates is a lawyer.,,NEI
Eminem was a the lead singer of The Dirty Dozen.,,NEI
KFC operated at a profit by the mid-1960s.,,NEI
Dhoom 3 means Invasion of the Body Snatchers in English.,"Dhoom 3 -LRB- -LSB- - hnsˈd̪ʱuːm 3 -RSB- , English : Blast 3 or Boom 3 , also abbreviated and known as D :3 and D3 -RRB- is a 2013 Indian action thriller film written and directed by Vijay Krishna Acharya and produced by Aditya Chopra . Vijay Krishna Acharya Vijay Krishna Acharya Aditya Chopra Aditya Chopra action thriller action thriller",REFUTES
Russ has had singles on the American Country Countdown.,,NEI
Maisie Williams portrays Sansa Stark.,"She made her professional acting debut as Arya Stark in the HBO fantasy television series Game of Thrones in 2011 , for which she won the EWwy Award for Best Supporting Actress in a Drama , the Portal Award for Best Supporting Actress -- Television and Best Young Actor , and the Saturn Award for Best Performance by a Younger Actor . Arya Stark Arya Stark HBO HBO Game of Thrones Game of Thrones EWwy Award for Best Supporting Actress in a Drama EWwy Award Saturn Award for Best Performance by a Younger Actor 41st Saturn Awards",REFUTES
James A. Woods starred in a film written by a screenwriter.,He also starred in The Watch -LRB- 2008 -RRB- . The Watch The Watch (2008 film) Hatley High is a 2003 independent comedy film directed by Phil Price and written by Myles Hainsworth . Myles Hainsworth Myles Hainsworth,SUPPORTS
London Spy had Ben Whishaw in it.,"He is known for his stage role as Hamlet ; his roles in the television series Nathan Barley , Criminal Justice , The Hour and London Spy ; and film roles including Perfume : The Story of a Murderer -LRB- 2006 -RRB- , I 'm Not There -LRB- 2007 -RRB- , Bright Star -LRB- 2009 -RRB- , Brideshead Revisited -LRB- 2008 -RRB- , Cloud Atlas -LRB- 2012 -RRB- , The Lobster -LRB- 2015 -RRB- , Suffragette -LRB- 2015 -RRB- and The Danish Girl -LRB- 2015 -RRB- . Hamlet Hamlet#Hamlet as a character Nathan Barley Nathan Barley Criminal Justice Criminal Justice (TV series) The Hour The Hour (BBC TV series) London Spy London Spy Bright Star Bright Star (film) Brideshead Revisited Brideshead Revisited (film) Cloud Atlas Cloud Atlas (film) The Lobster The Lobster Suffragette Suffragette (film) The Danish Girl The Danish Girl (film)",SUPPORTS
Daft Punk has had success from 1991 to the present.,Daft Punk are a French electronic music duo formed in 1993 by Guy-Manuel de Homem-Christo and Thomas Bangalter . Thomas Bangalter Thomas Bangalter Guy-Manuel de Homem-Christo Guy-Manuel de Homem-Christo electronic Electronic music electronic music electronic music,REFUTES
Gong Yoo is Chinese.,"Gong Ji-chul -LRB- ; born July 10 , 1979 -RRB- , better known by his stage name Gong Yoo , is a South Korean actor . Gong Kong (surname) stage name stage name",REFUTES
Steve Coogan is a Catholic.,,NEI
Joy had no male directors or writers.,"Joy is a 2015 American biographical comedy-drama film , written and directed by David O. Russell and starring Jennifer Lawrence as Joy Mangano , about whom the story is loosely based as a self-made millionaire who created her own business empire . David O. Russell David O. Russell Jennifer Lawrence Jennifer Lawrence biographical Biographical film comedy-drama comedy-drama Joy Mangano Joy Mangano David Owen Russell -LRB- born August 20 , 1958 -RRB- is an American film director , screenwriter , and producer . film director film director screenwriter screenwriter producer Film producer His early directing career includes the comedy films Spanking the Monkey -LRB- 1994 -RRB- , Flirting with Disaster -LRB- 1996 -RRB- , Three Kings -LRB- 1999 -RRB- and I ♥ Huckabees -LRB- 2004 -RRB- . Spanking the Monkey Spanking the Monkey Flirting with Disaster Flirting with Disaster (film) Three Kings Three Kings (1999 film) I ♥ Huckabees I Heart Huckabees",REFUTES
Gift of the Night Fury stars the voice of an Canadian filmmaker.,,NEI
Charlie Chaplin was a performer.,Chaplin was scouted for the film industry and began appearing in 1914 for Keystone Studios . film industry film industry Keystone Studios Keystone Studios,SUPPORTS
There is an action hero named Casey Ryback.,Casey Ryback is a fictional character and action hero from the Under Siege films of the 1990s . Under Siege Under Siege action hero action hero,SUPPORTS
Steffi Graf was ranked No.1 in the world during World War II.,"Stefanie Maria `` Steffi '' Graf -LRB- -LSB- ˈʃtɛfiː ˈgʁa : f -RSB- ; born 14 June 1969 -RRB- is a German former tennis player , who was ranked world No. 1 during her career . tennis tennis world No. 1 List of WTA number 1 ranked players World War II -LRB- often abbreviated to WWII or WW2 -RRB- , also known as the Second World War , was a global war that lasted from 1939 to 1945 , although related conflicts began earlier . global war World war",REFUTES
Ella Purnell is incapable of getting involved with the American film Maleficent.,"Ella Purnell -LRB- born 17 September 1996 -RRB- is an English actress , who has appeared in the films Never Let Me Go -LRB- 2010 -RRB- , Maleficent -LRB- 2014 -RRB- and Miss Peregrine 's Home for Peculiar Children -LRB- 2016 -RRB- . actress Actor Never Let Me Go Never Let Me Go (2010 film) Maleficent Maleficent (film) Maleficent is a 2014 American dark fantasy film directed by Robert Stromberg from a screenplay by Linda Woolverton , and starring Angelina Jolie as the titular character with Sharlto Copley , Elle Fanning , Sam Riley , Imelda Staunton , Juno Temple and Lesley Manville in supporting roles . Robert Stromberg Robert Stromberg Linda Woolverton Linda Woolverton Angelina Jolie Angelina Jolie Sharlto Copley Sharlto Copley Elle Fanning Elle Fanning Sam Riley Sam Riley Imelda Staunton Imelda Staunton Juno Temple Juno Temple Lesley Manville Lesley Manville dark fantasy dark fantasy",REFUTES
TD Garden hosted three games in 2007.,,NEI
Edward VIII refused to ever abdicate his throne.,"Edward VIII -LRB- Edward Albert Christian George Andrew Patrick David ; 23 June 1894 -- 28 May 1972 -RRB- was King of the United Kingdom and the Dominions of the British Empire , and Emperor of India , from 20 January 1936 until his abdication on 11 December the same year . King of the United Kingdom King of the United Kingdom Emperor of India Emperor of India United Kingdom United Kingdom of Great Britain and Ireland British Empire British Empire abdication abdication He married Wallis in France on 3 June 1937 , after her second divorce became final . France France",REFUTES
John Williams conducts orchestras.,"Williams has composed numerous classical concerti and other works for orchestral ensembles and solo instruments ; he served as the Boston Pops ' principal conductor from 1980 to 1993 , and is now the orchestra 's laureate conductor . conductor Conducting Boston Pops Boston Pops John Towner Williams -LRB- born February 8 , 1932 -RRB- is an American composer , conductor , and pianist . composer composer conductor Conducting pianist pianist Conducting is the art of directing a musical performance , such as an orchestral or choral concert . choral Choir concert concert The Boston Pops Orchestra is an American orchestra based in Boston , Massachusetts that specializes in playing light classical and popular music . American United States Boston Boston, Massachusetts Massachusetts Massachusetts light classical Light music popular Popular music",SUPPORTS
Taylor Schilling only plays minor characters.,"She is known for her role as Piper Chapman on the Netflix original comedy-drama series Orange Is the New Black -LRB- 2013 -- present -RRB- , for which she received a nomination for the Primetime Emmy Award for Outstanding Lead Actress in a Comedy Series and two Golden Globe Award nominations for Best Actress -- Television Series Musical or Comedy and Best Actress -- Television Series Drama . Orange Is the New Black Orange Is the New Black Piper Chapman Piper Chapman Netflix Netflix Primetime Emmy Award for Outstanding Lead Actress in a Comedy Series Primetime Emmy Award for Outstanding Lead Actress in a Comedy Series Golden Globe Award Golden Globe Award",REFUTES
"Marilyn Burns was born on August 5th, 2015.","Marilyn Burns ; -LRB- born Mary Lynn Ann Burns ; May 7 , 1949 -- August 5 , 2014 -RRB- was an American actress who became known for her role as Sally Hardesty in the Texas Chainsaw Massacre film series . Sally Hardesty Sally Hardesty",REFUTES
Donnie Wahlberg received an award nomination in 2008.,He was nominated for Choice Scream at the 2008 Teen Choice Awards for his work in the Saw films . Teen Choice Awards Teen Choice Awards,SUPPORTS
Fairy Tail can be viewed by people in Taiwan.,,NEI
RB Leipzig is less commonly known as Alemannia Aachen.,,NEI
Freddie Mercury was honored with a tribute song.,,NEI
NCIS has no characters named Leroy Jethro Gibbs.,"Leroy Jethro Gibbs is a fictional character of the CBS TV series NCIS , portrayed by Mark Harmon . Mark Harmon Mark Harmon NCIS NCIS (TV series) CBS CBS",REFUTES
Radiohead is an English rock band.,"Radiohead are an English alternative rock band from Abingdon , Oxfordshire , formed in 1985 . alternative rock alternative rock",SUPPORTS
Colombia is the most densely trafficked country.,,NEI
"Jeffrey Dahmer was not sentenced to fifteen terms of life sentences on February 15, 1992.","On November 28 , 1994 , Dahmer was beaten to death by Christopher Scarver , a fellow inmate at the Columbia Correctional Institution . Columbia Correctional Institution Columbia Correctional Institution (Wisconsin) Christopher Scarver Christopher Scarver",REFUTES
Love Aaj Kal is produced by George R.R. Martin.,,NEI
Walt Disney moved to California in the early 1920s.,"As the studio grew , Disney became more adventurous , introducing synchronized sound , full-color three-strip Technicolor , feature-length cartoons and technical developments in cameras . Technicolor Technicolor",SUPPORTS
Kolyma has reserves of silver.,"Total reserves are estimated at 3.5 billion tons of equivalent fuel , including 1.2 billion tons of oil and 1.5 billion m3 of gas . oil oil",SUPPORTS
Tokyo is the capital of Japan.,"Tokyo -LRB- -LSB- toːkjoː -RSB- , -LSB- langˈtoʊki.oʊ -RSB- -RRB- , officially Tokyo Metropolis , is the capital of Japan and one of its 47 prefectures . Metropolis Prefectures of Japan Japan Japan Tokyo Special wards of Tokyo prefectures Prefectures of Japan",SUPPORTS
Ozzy Osbourne was a Scientologist.,,NEI
George Orwell is from London.,,NEI
Ron Perlman is a horror movie.,"Ronald N. Perlman -LRB- born April 13 , 1950 -RRB- is an American actor and voice actor . He is best known for his roles as Clay Morrow on the television series Sons of Anarchy , Vincent on the television series Beauty and the Beast -LRB- for which he won a Golden Globe Award -RRB- , and as the comic book character Hellboy in both Hellboy -LRB- 2004 -RRB- and its sequel Hellboy II : The Golden Army -LRB- 2008 -RRB- . Clay Morrow Clay Morrow Sons of Anarchy Sons of Anarchy Beauty and the Beast Beauty and the Beast (1987 TV series) Golden Globe Award Golden Globe Award Hellboy Hellboy (film)",REFUTES
Afghanistan is the ally of the Khilji dynasty.,,NEI
"Naturi Naughton was born May 5, 1981.","Naturi Cora Maria Naughton -LRB- born May 20 , 1984 -RRB- is an American actress and singer-songwriter . actress actress singer-songwriter singer-songwriter",REFUTES
Allen Iverson was 2 feet tall.,"He also played for the Denver Nuggets , Detroit Pistons , and the Memphis Grizzlies , before ending his NBA career with the 76ers during the 2009 -- 10 season . Denver Nuggets Denver Nuggets Detroit Pistons Detroit Pistons Memphis Grizzlies Memphis Grizzlies",REFUTES
IZombie's third season premiered in 1997.,"The series premiered on March 17 , 2015 . On May 10 , 2017 , The CW renewed the series for a fourth season . The CW The CW",REFUTES
J. Cole did not sign to Jay Z's Roc Nation imprint in 2009.,"Intent on further pursuing a solo career as a rapper , he went on to release two additional mixtapes after signing to Jay Z 's Roc Nation imprint in 2009 . Roc Nation Roc Nation Jay Z Jay Z",REFUTES
Macbeth is not a play.,Macbeth -LRB- -LSB- məkˈbɛθ -RSB- full title The Tragedy of Macbeth -RRB- is a tragedy by William Shakespeare ; it is thought to have been first performed in 1606 . tragedy Shakespearean tragedy William Shakespeare William Shakespeare 1606 1606 in literature Macbeth Macbeth (character) Tragedy is the designation given to most tragedies written by playwright William Shakespeare . tragedies Tragedy William Shakespeare William Shakespeare,REFUTES
"On May 10, 1967, Young MC was born.","Marvin Young -LRB- born May 10 , 1967 -RRB- , better known by his stage name Young M.C. , is an English-born American singer , rapper and actor . rapper rapper actor actor English English people singer singer",SUPPORTS
Formula One denounces racing events.,,NEI
Green Arrow is a comic book character created by Mort Weisinger.,"Created by Mortimer Weisinger and designed by George Papp , he first appeared in More Fun Comics # 73 in November 1941 . More Fun Comics More Fun Comics George Papp George Papp Mortimer Weisinger Mort Weisinger",SUPPORTS
Reds is a 1987 film.,"Reds is a 1981 American epic drama film co-written , produced and directed by Warren Beatty . Warren Beatty Warren Beatty epic Epic film drama film Drama (film and television)",REFUTES
Larry Buttrose is the author of The Queen of Neptune Day & Night Club.,,NEI
Keanu Reeves sang in the movie Dangerous Liaisons.,,NEI
"Portugal is a sovereign state, held together by a constitution.",,NEI
Greece is part of Albania.,"The Aegean Sea lies to the east of the mainland , the Ionian Sea to the west , the Cretan Sea and the Mediterranean Sea to the south . Aegean Sea Aegean Sea mainland Geography of Greece Ionian Sea Ionian Sea Cretan Sea Sea of Crete Mediterranean Sea Mediterranean Sea",REFUTES
7 Things is by James Blunt.,`` 7 Things '' is a song by American singer-songwriter and actress Miley Cyrus . Miley Cyrus Miley Cyrus,REFUTES
No episodes of The Night of premiered on HBO on-demand.,"The first episode premiered on June 24 , 2016 , via HBO on-demand . HBO HBO Broadcast on HBO , The Night Of premiered on July 10 , 2016 to critical acclaim . HBO HBO",REFUTES
Cara Delevinge won the Miss Congeniality award.,,NEI
Psychological findings link to research and perspectives from literature.,,NEI
Wyatt Earp took part in anything except the wagering of money.,"In 1870 , Earp married his first wife , Urilla Sutherland Earp , who contracted typhoid fever and died shortly before their first child was to be born . Gambling is the wager #Verb of money or something of value -LRB- referred to as `` the stakes '' -RRB- on an event with an uncertain outcome with the primary intent of winning money or material goods . money money value Value (economics) event Event (probability theory) wager :wikt:wager",REFUTES
Escape from Planet Earth is a British film.,,NEI
"Richmond, Virginia is a city.","Richmond -LRB- -LSB- ˈrɪtʃmənd -RSB- -RRB- is the capital of the Commonwealth of Virginia in the Mid-Atlantic region of the United States . Virginia Virginia Richmond Richmond, London Commonwealth Commonwealth (U.S. state) Mid-Atlantic Mid-Atlantic States United States United States It was incorporated in 1742 , and has been an independent city since 1871 . independent city independent city (United States) Richmond is located at the fall line of the James River , 44 mi west of Williamsburg , 66 mi east of Charlottesville , and 98 mi south of Washington , D.C. Surrounded by Henrico and Chesterfield counties , the city is located at the intersections of Interstate 95 and Interstate 64 , and encircled by Interstate 295 and Virginia State Route 288 . James River James River Virginia Virginia State U.S. state D Democratic Party (United States) Richmond Richmond, London fall line fall line Williamsburg Williamsburg, Virginia Charlottesville Charlottesville, Virginia Henrico Henrico County, Virginia Chesterfield Chesterfield County, Virginia Interstate 95 Interstate 95 in Virginia Interstate 64 Interstate 64 in Virginia Interstate 295 Interstate 295 (Virginia) Virginia State Route 288 Virginia State Route 288 Major suburbs include Midlothian to the southwest , Glen Allen to the north and west , Short Pump to the west and Mechanicsville to the northeast . Midlothian Midlothian, Virginia Glen Allen Glen Allen, Virginia Short Pump Short Pump, Virginia Mechanicsville Mechanicsville, Virginia Richmond 's economy is primarily driven by law , finance , and government , with federal , state , and local governmental agencies , as well as notable legal and banking firms , located in the downtown area . Richmond Richmond, London",SUPPORTS
"South East England has the third largest area in the region at 7,373 square miles.","Its proximity to London and connections to several national motorways have led to south east England becoming an economic hub , with the largest economy in the country outside the capital . London London",SUPPORTS
Quinoa is in the Amaryllidaceae family.,"Quinoa -LRB- -LSB- ˈkiːnwɑː -RSB- or -LSB- kɪˈnoʊ.ə -RSB- , from Quechua kinwa or kinuwa -RRB- is the common name for Chenopodium quinoa , a flowering plant in the amaranth family Amaranthaceae . Amaranthaceae Amaranthaceae Chenopodium Chenopodium Quechua Quechuan languages flowering plant flowering plant amaranth amaranth",REFUTES
Water is incapable of being found in seas and oceans of Earth.,"Less than 0.3 % of all freshwater is in rivers , lakes , and the atmosphere , and an even smaller amount of the Earth 's freshwater -LRB- 0.003 % -RRB- is contained within biological bodies and manufactured products . freshwater freshwater",REFUTES
Girls' Generation was formed by a South Korean entrepreneur.,"Girls ' Generation , also known as SNSD , is a South Korean girl group formed by S.M. Entertainment . S.M. Entertainment S.M. Entertainment Korean Korean language girl group girl group S.M. Entertainment is a South Korean entertainment company established in 1995 by Lee Soo-man . Lee Soo-man Lee Soo-man Entertainment Entertainment",REFUTES
Dreamgirls features Beyoncé Knowles.,"Dreamgirls is a 2006 American romantic musical comedy-drama film directed by Bill Condon and jointly produced and released by DreamWorks Pictures and Paramount Pictures . Bill Condon Bill Condon Dreamgirls Dreamgirls Paramount Pictures Paramount Pictures romantic Romance film musical Musical theatre comedy-drama film comedy-drama film DreamWorks Pictures DreamWorks In addition to the original Kreiger Eyen compositions , four new songs , composed by Krieger with various lyricists , were added for this film .",SUPPORTS
"Helen Keller was inducted into the Alabama Writers Hall of Fame on June 8, 2015.",She also taught that deaf people are capable of doing things that hearing people can do .,SUPPORTS
Chris Hardwick hosted a show on BBC America.,,NEI
Gone Girls has a star.,"The film stars Ben Affleck , Rosamund Pike , Neil Patrick Harris and Tyler Perry . Ben Affleck Ben Affleck Rosamund Pike Rosamund Pike Neil Patrick Harris Neil Patrick Harris Tyler Perry Tyler Perry",SUPPORTS
Baylor University is located outside of Texas.,"Baylor University -LRB- BU -RRB- is a private Baptist university in Waco , Texas . Baptist Baptist Waco Waco, Texas Texas Texas",REFUTES
Wentworth is a movie.,Wentworth is an Australian television drama series .,REFUTES
Guyana came under British control in the early 18th century.,"It gained independence in 1966 , and officially became a republic within the Commonwealth of Nations in 1970 . republic republic Commonwealth of Nations Commonwealth of Nations",REFUTES
Canada lacks a constitution.,"It is one of the world 's most ethnically diverse and multicultural nations , the product of large-scale immigration from many other countries . multicultural Multiculturalism in Canada large-scale immigration from many other countries Immigration to Canada Its advanced economy is the eleventh largest in the world , relying chiefly upon its abundant natural resources and well-developed international trade networks . the eleventh largest in the world List of countries by GDP (nominal) It ranks among the highest in international measurements of government transparency , civil liberties , quality of life , economic freedom , and education . ranks among the highest International rankings of Canada",REFUTES
Kurt Angle is a WWE's World Heavyweight Championship winner.,"On March 31 2017 , Angle was inducted into the WWE Hall of Fame , becoming the third active wrestler to be inducted , after Ric Flair and Sting . WWE WWE WWE Hall of Fame WWE Hall of Fame Ric Flair Ric Flair Sting Sting (wrestler)",SUPPORTS
The Big Trail stars Ryan Gosling.,,NEI
George A. Romero was the director of Martin.,"His other works contributed include The Crazies , Creepshow , Martin , Monkey Shines , and The Dark Half . The Crazies The Crazies (1973 film) Creepshow Creepshow Martin Martin (1978 film) Monkey Shines Monkey Shines The Dark Half The Dark Half (film) Martin is a 1978 American horror film written and directed by George A. Romero . George A. Romero George A. Romero horror film horror film",SUPPORTS
Tupac Shakur is incapable of being inducted into the Rock and Roll Hall of Fame.,"On April 7 , 2017 , Shakur was inducted into the Rock and Roll Hall of Fame . Rock and Roll Hall of Fame Rock and Roll Hall of Fame",REFUTES
The narrative of Overwatch (video game) was through animation.,,SUPPORTS
David Angell and his wife died on March 11.,"Angell and his wife Lynn both died heading home from their vacation in Cape Cod aboard American Airlines Flight 11 . American Airlines Flight 11 American Airlines Flight 11 American Airlines Flight 11 was a domestic passenger flight that was hijacked by five al-Qaeda members on September 11 , 2001 , as part of the September 11 attacks . American Airlines American Airlines passenger flight Airline hijacked Aircraft hijacking al-Qaeda al-Qaeda September 11 attacks September 11 attacks",REFUTES
The Dodecanese belong to Greece since 442 BC.,,NEI
Snow White and the Seven Dwarfs (1937 film) was a commercial failure.,"Adjusted for inflation , it is one of the top ten performers at the North American box office . top ten performers at the North American box office List of highest-grossing films in Canada and the United States#Adjusted for ticket-price inflation In 1989 , the United States Library of Congress deemed the film `` culturally , historically , or aesthetically significant '' and selected it for preservation in the National Film Registry and is ranked in the American Film Institute 's list of the 100 greatest American films , who also named the film as the greatest American animated film of all time in 2008 . animated Animated film Library of Congress Library of Congress National Film Registry National Film Registry American Film Institute American Film Institute list of the 100 greatest American films AFI's 100 Years... 100 Movies the greatest American animated film of all time AFI's 10 Top 10 At the 11th Academy Awards , Walt Disney was awarded an honorary Oscar , and the film was nominated for Best Musical Score the year before . Walt Disney Walt Disney 11th Academy Awards 11th Academy Awards Best Musical Score Academy Award for Original Music Score",REFUTES
Rhona Mitra is a model.,"Rhona Natasha Mitra -LRB- born 9 August 1976 -RRB- is an English actress , model , singer , and songwriter . After completing her stint as Lara Croft , she concentrated on acting and is known for her roles as Holly Marie Begins on the sixth season of Party of Five -LRB- 1999 -- 2000 -RRB- ; as Tara Wilson on the final season of The Practice -LRB- 2003 -- 2004 -RRB- and the first and second seasons of Boston Legal -LRB- 2004 -- 2005 -RRB- ; as Detective Kit McGraw on the third season of Nip/Tuck -LRB- 2005 -RRB- ; in the lead role of the science fiction/action film Doomsday as Major Eden Sinclair -LRB- 2008 -RRB- ; as Sonja in Underworld : Rise of the Lycans -LRB- 2009 -RRB- ; and as Major Rachel Dalton on the third and fourth seasons of Strike Back -LRB- 2012 -- 2013 -RRB- ; and as Dr. Rachel Scott in the first two seasons of The Last Ship -LRB- 2014 -- 2015 -RRB- . Lara Croft Lara Croft Party of Five Party of Five Tara Wilson List of Boston Legal characters The Practice The Practice Boston Legal Boston Legal Detective Kit McGraw List of Nip/Tuck characters#Other characters Nip/Tuck Nip/Tuck Doomsday Doomsday (2008 film) Sonja Underworld (film series)#Sonja Strike Back Strike Back (TV series) The Last Ship The Last Ship (TV series)",SUPPORTS
Minnesota is a state without erasers.,,NEI
Dunkirk (2017 film) was shot on IMAX 65 mm and 65 mm large format film stock.,"IMAX is a 70 mm motion picture film format and a set of cinema projection standards developed in Canada in the late 1960s and early 1970s by Graeme Ferguson , Roman Kroitor , Robert Kerr , and William C. Shaw . film format film format Graeme Ferguson Graeme Ferguson Roman Kroitor Roman Kroitor",REFUTES
Valkyrie was released in the 1900's.,"Valkyrie is a 2008 American-German historical thriller film set in Nazi Germany during World War II . historical historical film thriller thriller film Nazi Germany Nazi Germany World War II World War II The film depicts the 20 July plot in 1944 by German army officers to assassinate Adolf Hitler and to use the Operation Valkyrie national emergency plan to take control of the country . 20 July plot 20 July plot Adolf Hitler Adolf Hitler Operation Valkyrie Operation Valkyrie take control Coup d'état Valkyrie was directed by Bryan Singer for the American studio United Artists , and the film stars Tom Cruise as Colonel Claus von Stauffenberg , one of the key plotters . Bryan Singer Bryan Singer Tom Cruise Tom Cruise United Artists United Artists Claus von Stauffenberg Claus von Stauffenberg Thomas Cruise Mapother IV -LRB- born July 3 , 1962 -RRB- , known professionally as Tom Cruise , is an American actor and producer . The cast included Kenneth Branagh , Bill Nighy , Eddie Izzard , Terence Stamp and Tom Wilkinson . Kenneth Branagh Kenneth Branagh Bill Nighy Bill Nighy Tom Wilkinson Tom Wilkinson Terence Stamp Terence Stamp Eddie Izzard Eddie Izzard",REFUTES
Patton Oswalt was born in 1973.,"Patton Peter Oswalt -LRB- born January 27 , 1969 -RRB- is an American stand-up comedian , writer , actor , and voice artist , known for roles such as Spencer Olchin in the sitcom The King of Queens -LRB- 1998 -- 2007 -RRB- , voicing Remy in the film Ratatouille -LRB- 2007 -RRB- , and playing multiple identical brothers , the Koenigs , on Agents of S.H.I.E.L.D. -LRB- 2014 -- 17 -RRB- . film film The King of Queens The King of Queens Ratatouille Ratatouille (film) the Koenigs Eric Koenig",REFUTES
Neil Young is Canadian.,"Neil Percival Young , -LRB- born November 12 , 1945 -RRB- , is a Canadian singer-songwriter , musician , producer , director and screenwriter .",SUPPORTS
There is a film called Blue Velvet.,"Blue Velvet is a 1986 American neo-noir mystery film , written and directed by David Lynch . David Lynch David Lynch neo-noir neo-noir mystery film mystery film In 2008 , Blue Velvet was chosen by the American Film Institute as one of the greatest American mystery films ever made . American Film Institute American Film Institute greatest American mystery films ever made AFI's 10 Top 10 The Academy Awards , now known officially as the Oscars , is a set of twenty-four awards for artistic and technical merit in the American film industry , given annually by the Academy of Motion Picture Arts and Sciences -LRB- AMPAS -RRB- , to recognize excellence in cinematic achievements as assessed by the Academy 's voting membership . Academy of Motion Picture Arts and Sciences Academy of Motion Picture Arts and Sciences",SUPPORTS
Take Me High was included with the Daily Mail on 4 September 2010.,,REFUTES
Roman Atwood is a comedian.,"Roman Bernard Atwood -LRB- born May 28 , 1983 -RRB- is an American YouTube personality , comedian , vlogger and pranker . YouTube personality YouTube personality comedian comedian vlogger vlogger pranker pranker",SUPPORTS
Election (1999 film) is based on a book by Anne Rice.,Election is a 1999 American black comedy-drama film directed and written by Alexander Payne and adapted by him and Jim Taylor from Tom Perrotta 's 1998 novel of the same title . Alexander Payne Alexander Payne Jim Taylor Jim Taylor (writer) Election Election (1998 novel) Tom Perrotta Tom Perrotta black Black comedy comedy-drama film Comedy-drama novel of the same title Election (1998 novel) Election is a 1998 novel by Tom Perrotta . Tom Perrotta Tom Perrotta 1998 1998 in literature,REFUTES
Wayne Rooney plays for England.,Wayne Mark Rooney -LRB- -LSB- ˈruːni -RSB- born 24 October 1985 -RRB- is an English professional footballer who plays for and captains both Manchester United and the England national team . Manchester United Manchester United F.C. England England national football team footballer association football captains Captain (association football) England national team England national football team,SUPPORTS
The protector of young girls was called Artemis.,"In later Hellenistic times , she even assumed the ancient role of Eileithyia in aiding childbirth . Eileithyia Eileithyia childbirth childbirth",SUPPORTS
No Reservations got a unanimously positive reception.,Breslin was nominated for a Young Artist Award for her performance . Young Artist Award Young Artist Award,REFUTES
Ellen DeGeneres is a host of The Ellen Show.,"In 2008 , she married her longtime girlfriend Portia de Rossi . Portia de Rossi Portia de Rossi Portia de Rossi Portia de Rossi The title role is Ellen Morgan , played by stand-up comedian Ellen DeGeneres , a neurotic bookstore owner in her thirties . Ellen DeGeneres Ellen DeGeneres stand-up comedian Stand-up comedy neurotic neuroticism bookstore bookstore",REFUTES
Hungary shares a border with China.,,NEI
Dolly Parton is someone that acts professionally.,"Dolly Rebecca Parton Dean -LRB- born January 19 , 1946 -RRB- , professionally known as Dolly Parton , is an American singer , songwriter , multi-instrumentalist , record producer , actress , author , businesswoman , and philanthropist , known primarily for her work in country music . country music country music",SUPPORTS
Nikki Reed's life at age 12 and 13 is the basis for the story of Thirteen.,"Thirteen is a 2003 American semi-autobiographical drama film , directed by Catherine Hardwicke , and written by Hardwicke and Nikki Reed , based on events from Reed 's life at age 12 and 13 . Catherine Hardwicke Catherine Hardwicke Nikki Reed Nikki Reed American United States semi-autobiographical autobiographical novel drama drama film",SUPPORTS
Buddhism encompasses a variety of actors.,,NEI
The Strangers is a romantic film.,,NEI
The Voice rejected Jennifer Hudson as a new coach in the thirteenth season.,,REFUTES
Zooey Deschanel plays the violin.,,NEI
Shahid Kapoor works in space.,,NEI
Alpha Centauri is a star system near our solar system.,,NEI
Anaconda is from Nicki Minaj's first studio album.,"`` Anaconda '' is a song by Trinidadian-born American rapper Nicki Minaj , from her third studio album , The Pinkprint -LRB- 2014 -RRB- . Nicki Minaj Nicki Minaj The Pinkprint The Pinkprint Trinidadian-born Trinidad",REFUTES
Keanu Reeves is in a profession.,"Keanu Charles Reeves -LRB- -LSB- kiːˈɑːnuː -RSB- ; born September 2 , 1964 -RRB- is a Canadian actor , director , producer , and musician .",SUPPORTS
Christian Bale acted in a movie.,He has starred both in blockbuster films and smaller projects from independent producers and art houses . blockbuster Blockbuster (entertainment) independent independent film art houses art film,SUPPORTS
Ice hockey has international competitions.,"Ice hockey is believed to have evolved from simple stick and ball games played in the 18th and 19th century United Kingdom and elsewhere . United Kingdom United Kingdom Teams outside the `` Big Six '' have won only five medals in either competition since 1953 : All 12 Women 's Olympic and 36 IIHF World Women 's Championships medals have been awarded to one of these six countries , and every gold medal in both competitions has been won by either the Canadian national team or the United States national team . United States Ice hockey in the United States Big Six Big Six (hockey) the United States United States men's national ice hockey team Canadian national team Canada women's national ice hockey team United States national team United States women's national ice hockey team",SUPPORTS
Hubert Humphrey was the Majority Whip for the Democrats.,"After Johnson made the surprise announcement that he would not seek reelection in March 1968 , Humphrey launched his campaign for the presidency the following month . campaign for the presidency Hubert Humphrey presidential campaign, 1968",SUPPORTS
Jesse Eisenberg has yet to work with Woody Harrelson.,"He also starred in Holy Rollers -LRB- 2010 -RRB- , which was nominated for the Grand Jury Prize at the 2010 Sundance Film Festival . Holy Rollers Holy Rollers (film) Sundance Film Festival Sundance Film Festival",REFUTES
Henrietta Maria of France was born in Austria.,,NEI
The Eagles released their third album in India.,,NEI
Maid in Manhattan is a train.,"Maid in Manhattan is a 2002 American romantic comedy-drama film directed by Wayne Wang and based on a story by John Hughes , who is credited using a pseudonym . Wayne Wang Wayne Wang John Hughes John Hughes (filmmaker) romantic comedy romantic comedy drama film drama film pseudonym pseudonym",REFUTES
Kill Bill: Volume 2 stars Donald Trump.,,NEI
Jaime Lannister is a member of the boy's scouts.,,NEI
"Stratford, London is in the London Borough of Staten Island.","Stratford is a district of east London , England , within the London Borough of Newham . east East London London London London Borough of Newham London Borough of Newham",REFUTES
G.I. Jane was distributed by Richard Branson.,"G.I. Jane is a 1997 American action film directed by Ridley Scott , produced by Largo Entertainment , Scott Free Productions and Caravan Pictures , distributed by Hollywood Pictures and starring Demi Moore , Viggo Mortensen and Anne Bancroft . Ridley Scott Ridley Scott Demi Moore Demi Moore Viggo Mortensen Viggo Mortensen Anne Bancroft Anne Bancroft Hollywood Pictures Hollywood Pictures Caravan Pictures Caravan Pictures Largo Entertainment Largo Entertainment Scott Free Productions Scott Free Productions action film action film",REFUTES
The Dogs D'Amour play folk music.,,NEI
Liv Tyler is a comedian.,"Liv Rundgren Tyler -LRB- born Liv Rundgren ; July 1 , 1977 -RRB- is an American actress and former model .",REFUTES
Ruth Negga was in the 2016 film Loving.,"Loving is a 2016 American historical drama film which tells the story of Richard and Mildred Loving , the plaintiffs in the 1967 U.S. Supreme Court decision Loving v. Virginia , which invalidated state laws prohibiting interracial marriage . historical drama historical drama Loving v. Virginia Loving v. Virginia interracial marriage interracial marriage Mildred Loving Loving v. Virginia#Plaintiffs Virginia Virginia",SUPPORTS
Noam Chomsky was a janitor at the University of Pennsylvania.,,NEI
Samuel L. Jackson has not appeared in the Marvel Cinematic Universe.,"He is a highly prolific actor , having appeared in over 100 films , including Die Hard with a Vengeance -LRB- 1995 -RRB- , Unbreakable -LRB- 2000 -RRB- , Shaft -LRB- 2000 -RRB- , The 51st State -LRB- 2001 -RRB- , Black Snake Moan -LRB- 2006 -RRB- , Snakes on a Plane -LRB- 2006 -RRB- , and the Star Wars prequel trilogy -LRB- 1999 -- 2005 -RRB- , as well as the Marvel Cinematic Universe . highly prolific Samuel L. Jackson filmography Die Hard with a Vengeance Die Hard with a Vengeance Unbreakable Unbreakable (film) Shaft Shaft (2000 film) The 51st State The 51st State Black Snake Moan Black Snake Moan (film) Snakes on a Plane Snakes on a Plane Marvel Cinematic Universe Marvel Cinematic Universe He has also portrayed the character in the second and final episodes of the first season of the TV show Marvel 's Agents of S.H.I.E.L.D. . second 0-8-4 He has provided his voice to several animated films , television series and video games , including the roles of Lucius Best / Frozone in Pixar Animation Studios ' film The Incredibles -LRB- 2004 -RRB- , Mace Windu in Star Wars : The Clone Wars -LRB- 2008 -RRB- , Afro Samurai in the anime television series Afro Samurai -LRB- 2007 -RRB- , and Frank Tenpenny in the video game Grand Theft Auto : San Andreas -LRB- 2004 -RRB- . Lucius Best / Frozone List of The Incredibles characters#Frozone Pixar Animation Studios Pixar The Incredibles The Incredibles Mace Windu Mace Windu Afro Samurai Afro Samurai anime anime Frank Tenpenny List of Grand Theft Auto: San Andreas characters#Frank Tenpenny Jackson has achieved critical and commercial acclaim , surpassing Frank Welker as the actor with the highest-grossing film total of all time in October 2011 , and he has received numerous accolades and awards . Frank Welker Frank Welker",REFUTES
"Elvis Presley had a farewell concert on August 16, 1977.",,NEI
David Thewlis was snubbed for the Best Actor award at Cannes Film Festival.,"Other notable performances include the films Naked -LRB- for which he won the Best Actor award at Cannes Film Festival -RRB- , Dragonheart , Kingdom of Heaven , The Boy in the Striped Pyjamas , The Theory of Everything , Black Beauty , and Macbeth -LRB- in which he played King Duncan -RRB- . Naked Naked (1993 film) Best Actor Best Actor Award (Cannes Film Festival) Cannes Film Festival Cannes Film Festival Dragonheart Dragonheart Kingdom of Heaven Kingdom of Heaven (film) The Boy in the Striped Pyjamas The Boy in the Striped Pyjamas (film) The Theory of Everything The Theory of Everything (2014 film) Black Beauty Black Beauty (1994 film) Macbeth Macbeth (2015 film) King Duncan King Duncan",REFUTES
Omar Sharif spoke Hebrew fluently.,,NEI
Massachusetts is an island.,"It is bordered by the Atlantic Ocean to the east , the states of Connecticut and Rhode Island to the south , New Hampshire and Vermont to the north , and New York to the west . Atlantic Ocean Atlantic Ocean Connecticut Connecticut Rhode Island Rhode Island New Hampshire New Hampshire Vermont Vermont New York New York (state) Massachusetts -LSB- mæsəˈtʃuːsᵻts -RSB- or -LSB- ˌmæsəˈtʃuːzᵻts -RSB- ; officially the Commonwealth of Massachusetts , is the most populous state in the New England region of the northeastern United States . state U.S. state New England New England northeastern United States northeastern United States United States United States",REFUTES
Halle Berry is a fish.,"Halle Maria Berry -LRB- born Maria Halle Berry ; August 14 , 1966 -RRB- is an American actress . She won the 2002 Academy Award for Best Actress for her performance in the romantic drama Monster 's Ball -LRB- 2001 -RRB- . Academy Award for Best Actress Academy Award for Best Actress As of 2017 , she is the only black woman to have won a Best Actress Academy Award . Before becoming an actress , she started modeling and entered several beauty contests , finishing as the 1st runner-up in the Miss USA Pageant and coming in 6th place in the Miss World Pageant in 1986 . Miss USA Miss USA Miss World Miss World 1986 In addition to her Academy Award win , Berry garnered high-profile roles in the 2000s such as Storm in the X-Men film series -LRB- beginning in 2000 -RRB- , the action crime thriller Swordfish -LRB- 2001 -RRB- , and the spy film Die Another Day -LRB- 2002 -RRB- , where she played Bond Girl Jinx . Storm Storm (Marvel Comics) Swordfish Swordfish (film) Die Another Day Die Another Day Bond Girl Bond Girl Jinx Giacinta 'Jinx' Johnson",REFUTES
Kris Jenner has four houses with Robert Kardashian.,,NEI
Mike Pence hosted a conservative TV talk show from 1995 to 1999.,He served as the chairman of the House Republican Conference from 2009 to 2011 . Republican Republican Party (United States) chairman Republican Conference Chairman of the United States House of Representatives House Republican Conference House Republican Conference,REFUTES
Ethan Hawke is a Canadian.,"Ethan Green Hawke -LRB- born November 6 , 1970 -RRB- is an American actor , writer , and director .",REFUTES
Ozzy Osbourne had a cat.,,NEI
Davis Entertainment's divisions develop and produce projects for major music studios.,,NEI
Evil is commonly associated with witches.,,NEI
Cancer can be prevented by eating plenty of dessert.,Pain and symptom management are an important part of care .,REFUTES
Joe Manganiello has worked with the dead.,,NEI
Arcade Fire's third studio album was released in 1986.,"In 2013 , Arcade Fire released their fourth album , Reflektor , and scored the feature film Her , for which band members William Butler and Owen Pallett were nominated in the Best Original Score category at the 86th Academy Awards . Owen Pallett Owen Pallett William Butler William Butler (musician) Reflektor Reflektor Her Her (film) Best Original Score Academy Award for Best Original Score 86th Academy Awards 86th Academy Awards",REFUTES
Law of value is recognized in German as Wertgesetz.,"The law of value -LRB- German : Wertgesetz -RRB- is a central concept in Karl Marx 's critique of political economy , first expounded in his polemic The Poverty of Philosophy -LRB- 1847 -RRB- against Pierre-Joseph Proudhon , with reference to David Ricardo 's economics.See Marx , The Poverty of Philosophy , chapter 1 part 2 where Marx refers to Proudhon 's own `` law of value '' and chapter 3 , titled `` Application of the Law of the Proportionality of Value '' . Karl Marx Karl Marx political economy political economy The Poverty of Philosophy The Poverty of Philosophy Pierre-Joseph Proudhon Pierre-Joseph Proudhon David Ricardo David Ricardo",SUPPORTS
Little Big Shots is an American book.,,NEI
Jared Kushner refuses to be a developer of real estate.,"Jared Corey Kushner -LRB- born January 10 , 1981 -RRB- is an American real estate investor and developer , newspaper owner , and senior advisor to President Donald Trump . Donald Trump Donald Trump senior advisor Senior Advisor to the President of the United States",REFUTES
New Orleans is a place.,"New Orleans -LRB- -LSB- nuː_ˈɔːrlᵻnz , _ - ˈɔːrli.ənz , _ - ɔːrˈliːnz -RSB- , or -LSB- ˈnɔːrlᵻnz -RSB- La Nouvelle-Orléans -LSB- la nuvɛlɔʁleɑ̃ -RSB- -RRB- is a major United States port and the largest city and metropolitan area in the state of Louisiana . Louisiana Louisiana United States United States major United States List of ports in the United States port Port of New Orleans metropolitan area New Orleans Metropolitan Area The population of the city was 343,829 as of the 2010 U.S. Census . 2010 U.S. Census 2010 United States Census Before Hurricane Katrina , Orleans Parish was the most populous parish in Louisiana . Louisiana Louisiana Parish List of parishes in Louisiana Hurricane Katrina Hurricane Katrina parish List of parishes in Louisiana",SUPPORTS
Jacqueline Kennedy Onassis was First Lady.,"Jacqueline Lee Kennedy Onassis -LRB- née Bouvier ; -LSB- ˈbuːvieɪ -RSB- July 28 , 1929 -- May 19 , 1994 -RRB- was the wife of the 35th President of the United States , John F. Kennedy , and First Lady of the United States from 1961 until his assassination in 1963 . First Lady of the United States First Lady of the United States John F. Kennedy John F. Kennedy née Name at birth his assassination in 1963 Assassination of John F. Kennedy She is remembered for her lifelong contributions to the arts and preservation of historic architecture , as well as for her style , elegance , and grace .",SUPPORTS
Chris Terrio is a screenwriter.,"Chris Terrio -LRB- born December 31 , 1976 -RRB- is an American screenwriter and film director . film director film director He is best known for writing the screenplay for the 2012 film Argo , for which he won the Academy Award for Best Adapted Screenplay . Argo Argo (2012 film) Academy Award for Best Adapted Screenplay Academy Award for Best Adapted Screenplay",SUPPORTS
"In 1955, Alfred Hitchcock became a citizen of the United States.","Hitchcock moved to Hollywood in 1939 , and became a U.S. citizen in 1955 . Hollywood Cinema of the United States",SUPPORTS
Louis C.K. is a stand-up comedian and writer.,"Louis Székely -LRB- born September 12 , 1967 -RRB- , known professionally as Louis C.K. -LRB- -LSB- ˈluːi_siːˈkeɪ -RSB- -RRB- , is an American comedian , actor , writer , producer , director , and editor . Székely Székelys He has won the Grammy Award for Best Comedy Album twice . Grammy Award for Best Comedy Album Grammy Award for Best Comedy Album",SUPPORTS
Sterling archer is known simply by his last name.,"Sterling Malory Archer , known simply as Archer , is the titular character and the main protagonist of the American animated comedy series Archer . Archer Archer (TV series) titular character titular character animated animated comedy series comedy series",SUPPORTS
Rowan Atkinson stars in a 21st century show.,Maigret is a British television series from ITV . ITV ITV (TV network) television series television series,SUPPORTS
The Flash has multiple seasons.,,SUPPORTS
Ativan is a benzodiazepine food.,,NEI
Eat Pray Love stars Anne Hathaway as Elizabeth Gilbert.,"Eat Pray Love is a 2010 American biographical romantic comedy-drama film starring Julia Roberts as Elizabeth Gilbert , based on Gilbert 's best-selling memoir Eat , Pray , Love . Elizabeth Gilbert Elizabeth Gilbert Julia Roberts Julia Roberts biographical Biographical film romantic Romantic comedy film comedy-drama film comedy-drama film",REFUTES
Hunter S. Thompson did not found the gonzo journalist movement.,"Hunter Stockton Thompson -LRB- July 18 , 1937 -- February 20 , 2005 -RRB- was an American journalist and author , and the founder of the gonzo journalism movement . gonzo journalism gonzo journalism",REFUTES
Dunkirk (2017 film) was shot by a cinematographer of Dutch and Swedish origin.,"Hoyte van Hoytema -LRB- -LSB- ˌɦɔi̯tə vɑn ˈɦɔi̯təmə -RSB- , born 4 October 1971 -RRB- is a Dutch-Swedish cinematographer who studied at the National Film School in Łódź . Dutch Dutch people Swedish Sweden cinematographer cinematographer National Film School in Łódź National Film School in Łódź",SUPPORTS
Rich Girl (Gwen Stefani song) was nominated for a Grammy.,,SUPPORTS
Beyoncé Knowles was incapable of starring in The Pink Panther.,,NEI
The Flash aired on CBS.,The Flash is a 1990 American television series developed by the writing team of Danny Bilson and Paul De Meo that aired on CBS . Danny Bilson Danny Bilson Paul De Meo Paul De Meo CBS CBS American United States television series television series,SUPPORTS
Jordan Knight is the lead guitarist of New Kids on the Block.,,NEI
Tunisia was left empty for eight hundred years.,,NEI
Heather Watson won a WTA championship.,,SUPPORTS
Adi Shankar was born in 1985.,"Adi Shankar -LRB- born Aditya Shankar ; January 8 , 1985 -RRB- is an Indian-born American film producer , film director , YouTube personality , and occasional actor , who is best known for being the youngest producer to have a number one film at the North American box office with The Grey . Indian Indian people American American people film producer film producer film director film director YouTube personality YouTube personality The Grey The Grey (film)",SUPPORTS
"Apollo 11 was the fifth manned mission of NASA's Apollo program, a program which accomplished landing the first humans on the Moon.","After being sent toward the Moon by the Saturn V 's upper stage , the astronauts separated the spacecraft from it and traveled for three days until they entered into lunar orbit . Saturn V Saturn V Moon Moon spacecraft Apollo (spacecraft) The Apollo program , also known as Project Apollo , was the third United States human spaceflight program carried out by the National Aeronautics and Space Administration -LRB- NASA -RRB- , which accomplished landing the first humans on the Moon from 1969 to 1972 . NASA NASA human spaceflight human spaceflight National Aeronautics and Space Administration NASA Moon Moon",SUPPORTS
Boromir is mentioned in the third volume of The Lord of the Rings.,,NEI
Martin Freeman turned down the role of Dr. John Watson.,"Martin John Christopher Freeman -LRB- born 8 September 1971 -RRB- is an English actor , who became known for portraying Tim Canterbury in the original UK version of sitcom mockumentary The Office , Dr. John Watson in the British crime drama Sherlock , Bilbo Baggins in Peter Jackson 's The Hobbit film trilogy , and Lester Nygaard in the dark comedy-crime drama TV series Fargo . Sherlock Sherlock (TV series) Tim Canterbury Tim Canterbury The Office The Office (UK TV series) Dr. John Watson Dr. Watson Bilbo Baggins Bilbo Baggins Peter Jackson Peter Jackson Lester Nygaard Lester Nygaard",REFUTES
Attack on Titan is composed and illustrated by Hajime Isayama.,is a Japanese manga series written and illustrated by Hajime Isayama . Hajime Isayama Hajime Isayama manga manga,SUPPORTS
BRIT School maintains status as an independent institution.,Walsall Studio School and Birmingham Ormiston Academy . Birmingham Ormiston Academy Birmingham Ormiston Academy,SUPPORTS
Marcus Allen's younger brother is a former professional quarterback for the Baltimore Ravens.,,NEI
The Great Debaters is a film.,The Great Debaters is a 2007 American biographical drama film directed by and starring Denzel Washington . Denzel Washington Denzel Washington biographical biographical film drama film drama (genre),SUPPORTS
Look at My Dab is a song and is considered a turning point in music.,,NEI
Lion was directed by Garth Davis in 2016.,"Lion is a 2016 biographical film directed by Garth Davis -LRB- in his feature debut -RRB- and written by Luke Davies , based on the non-fiction book A Long Way Home by Saroo Brierley with Larry Buttrose . Garth Davis Garth Davis Luke Davies Luke Davies Saroo Brierley Saroo Brierley Larry Buttrose Larry Buttrose biographical film biographical film feature debut List of directorial debuts",SUPPORTS
Seth MacFarlane directed Up.,,NEI
Curly Top was released in a box.,,NEI
Wiz Khalifa is a Buddhist.,,NEI
Natalie Wood received three Academy Award nominations for Best Actress before turning 25.,,NEI
Thiokol was also known as Satan.,,NEI
Slovakia is officially known as a different name.,,NEI
James A. Woods starred in Hatley High as Kevin.,,NEI
Tom Franco has two brothers who were born in Sweden.,,NEI
Snooki & Jwoww was renewed by a channel.,MTV -LRB- originally an initialism of Music Television -RRB- is an American cable and satellite television channel owned by Viacom Media Networks -LRB- a division of Viacom -RRB- and headquartered in New York City . Viacom Viacom New York City New York City cable cable television satellite television satellite television channel Television channel Viacom Media Networks Viacom Media Networks,SUPPORTS
Reese Witherspoon was nominated for a Young Artist Award.,"Born in New Orleans and raised in Tennessee , she began her career as a child actress , making her professional screen debut in The Man in the Moon -LRB- 1991 -RRB- , for which she was nominated for a Young Artist Award . New Orleans New Orleans Tennessee Tennessee The Man in the Moon The Man in the Moon Young Artist Award Young Artist Award",SUPPORTS
The first woman to become professor at the University of Paris was Marie Curie.,"She was also the first woman to become a professor at the University of Paris , and in 1995 became the first woman to be entombed on her own merits in the Panthéon in Paris . University of Paris University of Paris Panthéon Panthéon",SUPPORTS
A dictatorship was imposed by the Committee of Public Safety during the French Revolution in 1593.,"The French Revolution -LRB- Révolution française -LSB- ʁevɔlysjɔ̃ fʁɑ̃sɛːz -RSB- -RRB- was a period of far-reaching social and political upheaval in France that lasted from 1789 until 1799 , and was partially carried forward by Napoleon during the later expansion of the French Empire . France France Napoleon Napoleon French Empire First French Empire Years of bad harvests leading up to the Revolution also inflamed popular resentment of the privileges enjoyed by the clergy and the aristocracy . Demands for change were formulated in terms of Enlightenment ideals and contributed to the convocation of the Estates-General in May 1789 . Enlightenment Age of Enlightenment Estates-General Estates General of 1789 in France The American Revolutionary War -LRB- 17751783 -RRB- , also known as the American War of Independence , was a global war that began as a conflict between Great Britain and thirteen of its North American colonies , which declared independence as the United States of America . American United States Great Britain Kingdom of Great Britain United States Patriot (American Revolution) thirteen of its North American colonies Thirteen Colonies United States of America United States of America A central event of the first stage , in August 1789 , was the abolition of feudalism and the old rules and privileges left over from the Ancien Régime . abolition of feudalism Abolition of feudalism in France Ancien Régime Ancien Régime",REFUTES
Bobby Moore was a footballer.,"Robert Frederick Chelsea `` Bobby '' Moore OBE -LRB- 12 April 1941 -- 24 February 1993 -RRB- was an English professional footballer . OBE Order of the British Empire footballer Association football He is widely regarded as one of the greatest defenders of all time , and was cited by Pelé as the greatest defender that he had ever played against . defenders Defender (association football) Pelé Pelé In the sport of association football , a defender is an outfield player whose primary role is to prevent the opposing team from scoring goals . sport sport association football association football outfield player outfield player Moore is a member of the World Team of the 20th Century . World Team of the 20th Century World Team of the 20th Century The World Team of the 20th Century was chosen in 1998 to comprise , the best association football players of the 20th century CE . CE Common Era",SUPPORTS
Austria was re-established as a sovereign state in 1955.,"Other major urban areas of Austria include Graz , Linz , Salzburg and Innsbruck . urban areas of Austria List of cities and towns in Austria Graz Graz Linz Linz Salzburg Salzburg Innsbruck Innsbruck",SUPPORTS
The Shield was cancelled in 2002.,"The Shield is an American crime drama television series starring Michael Chiklis that premiered on March 12 , 2002 , on FX in the United States , and concluded on November 25 , 2008 , after seven seasons . Michael Chiklis Michael Chiklis FX FX (TV channel) crime drama crime drama",REFUTES
Yung Rich Nation had producers.,"The album features guest appearances from Chris Brown and Young Thug , while the production was handled by Zaytoven , Honorable C.N.O.T.E. and Murda Beatz , among others . Murda Beatz Murda Beatz Zaytoven Zaytoven Chris Brown Chris Brown Young Thug Young Thug production Hip hop production",SUPPORTS
Usain Bolt did not win the Olympic 100 m and 200 m titles.,"Bolt is the only sprinter to win Olympic 100 m and 200 m titles at three consecutive olympics -LRB- 2008 , 2012 and 2016 -RRB- , a feat referred to as the `` triple double . '' 100 m 2015 World Championships in Athletics – Men's 100 metres 200 m 200 metres at the Olympics sprinter Sprint (running) Olympic 100 m 100 metres at the Olympics He is the most successful athlete of the World Championships and was the first athlete to win three titles in both the 100 m and 200 m at the competition . World Championships IAAF World Championships in Athletics 100 m 2015 World Championships in Athletics – Men's 100 metres 200 m 200 metres at the Olympics most successful athlete IAAF World Championships in Athletics#Multiple medallist",REFUTES
One Direction lost the Brit Awards.,They were proclaimed 2012 's `` Top New Artist '' by Billboard . Billboard Billboard (magazine),REFUTES
Paul Pogba began school in 2011.,,NEI
Southport is 14.8 miles southwest of Preston making it the nearest other settlement in the region to London.,"At that time , the area , known as South Hawes , was sparsely populated and dominated by sand dunes .",SUPPORTS
Robin was rarely conceived as a vehicle to attract young readership.,"Conceived as a vehicle to attract young readership , Robin garnered overwhelmingly positive critical reception , doubling the sales of the Batman related comic books . Robin #Robin monthlies Batman Batman",REFUTES
Delhi shares a border with the most populous state in the Republic of India.,"The NCT covers an area of 1,484 km2 . Uttar Pradesh -LRB- -LSB- ` Utt'@r_pr@'dEsh -RSB- -RRB- , abbreviated as UP , is the most populous state in the Republic of India as well as the most populous country subdivision in the world . India India most populous state List of states and union territories of India by population Republic of India India most populous country subdivision in the world List of country subdivisions by population",SUPPORTS
Russ is not American.,"Russ Vitale -LRB- born September 26 , 1992 -RRB- , known by his stage name and mononym Russ , is an American hip hop recording artist , singer-songwriter and record producer . singer-songwriter singer-songwriter record producer record producer stage name stage name mononym Mononymous person hip hop Hip hop music",REFUTES
"Rashida Jones was a cast member of I Love You, Man.",,NEI
"Season 15 of Family Guy began on September 25th, 2016.","Many tie-in media have been released , including Stewie Griffin : The Untold Story , a straight-to-DVD special released in 2005 ; Family Guy : Live in Vegas , a soundtrack-DVD combo released in 2005 , featuring music from the show as well as original music created by MacFarlane and Walter Murphy ; a video game and pinball machine , released in 2006 and 2007 , respectively ; since 2005 , six books published by Harper Adult based on the Family Guy universe ; and Laugh It Up , Fuzzball : The Family Guy Trilogy -LRB- 2010 -RRB- , a series of parodies of the original Star Wars trilogy . Stewie Stewie Griffin Walter Murphy Walter Murphy tie-in tie-in straight-to-DVD direct-to-video video game Family Guy Video Game! pinball machine pinball machine Harper Adult HarperCollins",SUPPORTS
Nick Jonas is unable to sing due to being born without vocal chords.,"Nicholas Jerry Jonas -LRB- born September 16 , 1992 -RRB- is an American singer , songwriter , producer , and actor . The project became his highest peaking entry as a solo artist on the Billboard 200 , while the lead single was a top twenty hit on the Billboard Hot 100 . Nick Jonas is the second eponymous studio album by American singer-songwriter Nick Jonas . Nick Jonas Nick Jonas eponymous eponymous studio album studio album singer-songwriter singer-songwriter Jonas later co-founded Safehouse Records , a record label in conjunction with Island Records and Hollywood Records . Hollywood Hollywood Records Island Island Records Safehouse Safehouse Records Hollywood Records Hollywood Records Island Records Island Records Last Year Was Complicated is the third solo album by American singer Nick Jonas . Nick Jonas Nick Jonas",REFUTES
Edward Norton directed Keeping the Faith in 2002.,"He has also directed and co-written films , including his directorial debut , Keeping the Faith -LRB- 2000 -RRB- . Keeping the Faith Keeping the Faith",REFUTES
Zindagi Na Milegi Dobara stars Akshay Kumar.,,NEI
FC Barcelona is based outside of Barcelona.,"Futbol Club Barcelona -LRB- -LSB- fubˈbɔɫ ˈkɫub bərsəˈɫonə -RSB- -RRB- , commonly known as Barcelona and familiarly as Barça , is a professional football club based in Barcelona , Catalonia , Spain . football club Football team Barcelona Barcelona Catalonia Catalonia Spain Spain",REFUTES
Gianluigi Buffon was an Italian soccer coach.,,NEI
Dracula is a role that has been played by Luke Evans.,,SUPPORTS
Cambodia has multiple majority groups.,,NEI
Haitian Creole is based on a language in the Indo-European family.,"Haitian Creole -LRB- -LSB- ˈheɪʃən_ˈkriːoʊl -RSB- -LSB- kreyòl ayisyen , links = no -RSB- , -LSB- kɣejɔl -RSB- ; créole haïtien -RRB- is a French-based creole language spoken by 9.6 -- 12million people worldwide , and the only language of most Haitians . French French language French-based creole language French-based creole languages creole language creole language French -LRB- le français -LSB- lə fʁɑ̃sɛ -RSB- or la langue française -LSB- la lɑ̃ɡ fʁɑ̃sɛz -RSB- -RRB- is a Romance language of the Indo-European family . Romance Romance languages Romance language Romance languages Indo-European family Indo-European languages It is a creole language based largely on 18th century French with influences from Portuguese , Spanish , English , Taíno , and West African languages . French French language creole language creole language Portuguese Portuguese language Spanish Spanish language English English language Taíno Taíno language The earliest forms of English , a set of Anglo-Frisian dialects brought to Great Britain by Anglo-Saxon settlers in the fifth century , are called Old English . Anglo-Frisian Anglo-Frisian languages Old English Old English Anglo-Frisian dialects Anglo-Frisian languages Great Britain Great Britain Anglo-Saxon settlers Anglo-Saxons Haitian Creole emerged from contact between French settlers and African slaves during the Atlantic slave trade in the French colony of Saint-Domingue -LRB- now Haiti -RRB- . Haiti Haiti French French language Atlantic slave trade Atlantic slave trade Saint-Domingue Saint-Domingue",SUPPORTS
Jennifer Lawrence has starred in a biopic.,,SUPPORTS
Elizabeth Banks and David Wain have avoided working together entirely.,"Banks made her film debut in the low-budget independent film Surrender Dorothy -LRB- 1998 -RRB- , and is known for her roles in such films as Wet Hot American Summer -LRB- 2001 -RRB- , Sam Raimi 's Spider-Man trilogy -LRB- 2002 -- 2007 -RRB- , Seabiscuit -LRB- 2003 -RRB- , The 40-Year-Old Virgin -LRB- 2005 -RRB- , Zack and Miri Make a Porno -LRB- 2008 -RRB- , Role Models -LRB- 2008 -RRB- , The Next Three Days -LRB- 2010 -RRB- , Pitch Perfect -LRB- 2012 -RRB- , The Lego Movie -LRB- 2014 -RRB- , and The Hunger Games film series -LRB- 2012 -- 2015 -RRB- . Surrender Dorothy Surrender Dorothy (1998 film) Wet Hot American Summer Wet Hot American Summer Seabiscuit Seabiscuit (film) The 40-Year-Old Virgin The 40-Year-Old Virgin Zack and Miri Make a Porno Zack and Miri Make a Porno Role Models Role Models The Next Three Days The Next Three Days Pitch Perfect Pitch Perfect The Lego Movie The Lego Movie Role Models is a 2008 American comedy film directed by David Wain and written by David Wain , Timothy Dowling , Paul Rudd and Ken Marino . David Wain David Wain Paul Rudd Paul Rudd Ken Marino Ken Marino comedy film comedy film Wet Hot American Summer is a 2001 American satirical romantic comedy film directed by David Wain from a screenplay written by Wain and Michael Showalter . David Wain David Wain Michael Showalter Michael Showalter satirical Satire romantic comedy film romantic comedy film",REFUTES
Saw VI was written by Kevin Greutert.,Saw is a 2009 American horror film directed by Kevin Greutert from a screenplay written by Patrick Melton and Marcus Dunstan . Kevin Greutert Kevin Greutert Patrick Melton Patrick Melton Marcus Dunstan Marcus Dunstan Saw Saw (franchise) horror film horror film,REFUTES
Crash starred an American actor in the lead role.,An ensemble cast is made up of cast members in which the principal actors and performers are assigned roughly equal amounts of importance and screen time in a dramatic production . performers performing arts,REFUTES
Yardie was published in 2000.,"Yardie was the first novel by Jamaican-born British writer Victor Headley , published in London in 1992 by Dotun Adebayo 's X Press . British United Kingdom Victor Headley Victor Headley Dotun Adebayo Dotun Adebayo X Press X Press",REFUTES
Harold Ramis was a filmmaker who refused to try acting.,"Harold Allen Ramis -LRB- November 21 , 1944 -- February 24 , 2014 -RRB- was an American actor , director , writer , and comedian . His best-known film acting roles were as Egon Spengler in Ghostbusters -LRB- 1984 -RRB- and Ghostbusters II -LRB- 1989 -RRB- and Russell Ziskey in Stripes -LRB- 1981 -RRB- ; he also co-wrote those films . Egon Spengler Egon Spengler Ghostbusters Ghostbusters Ghostbusters II Ghostbusters II Stripes Stripes (film)",REFUTES
Vera Farmiga is regarded as an American actress.,"Vera Ann Farmiga -LRB- -LSB- fɑrˈmiːɡə -RSB- born August 6 , 1973 -RRB- is an American actress , director and producer .",SUPPORTS
Portugal has a living standard.,,SUPPORTS
Pregnancy can occur by kissing.,"Pregnancy can occur by sexual intercourse or assisted reproductive technology . assisted reproductive technology assisted reproductive technology sexual intercourse sexual intercourse Assisted reproductive technology -LRB- ART -RRB- is the technology used to achieve pregnancy in procedures such as fertility medication , in vitro fertilization and surrogacy . pregnancy pregnancy fertility medication fertility medication in vitro fertilization in vitro fertilization surrogacy surrogacy reproductive technology reproductive technology Sexual intercourse , or coitus or copulation , is principally the insertion and thrusting of the penis , usually when erect , into the vagina for sexual pleasure , reproduction , or both . thrusting Pelvic thrust penis penis erect erection vagina vagina sexual pleasure Sexual stimulation reproduction sexual reproduction",REFUTES
The Crown (TV series) was unable to cast John Lithgow.,,REFUTES
Ivan Lendl is second in the Open Era to no one.,,REFUTES
Empress Ki portrays the character Empress Gi.,,NEI
The confrontation between Harry Potter and Voldemort is a central part of Harry Potter and the Deathly Hallows.,,NEI
Andy Kaufman wrote.,"Andrew G. Kaufman -LRB- January 17 , 1949 -- May 16 , 1984 -RRB- was an American entertainer , actor , writer , performance artist and professional wrestler .",SUPPORTS
"Caroline, Princess of Hanover is married to a fictional character.",,REFUTES
Eddie Vedder is only a chef.,"Eddie Vedder -LRB- born Edward Louis Severson ; December 23 , 1964 -RRB- is an American musician , singer and songwriter best known as a member of the rock band Pearl Jam , with whom he performs lead vocals and is one of three guitarists . Pearl Jam Pearl Jam rock Rock music His second album Ukulele Songs and a live DVD titled Water on the Road were released in 2011 . Ukulele Songs Ukulele Songs Water on the Road Water on the Road Vedder was inducted into the Rock and Roll Hall of Fame as a member of Pearl Jam on April 7 , 2017 . Pearl Jam Pearl Jam Rock and Roll Hall of Fame Rock and Roll Hall of Fame He is known for his powerful baritone vocals .",REFUTES
Parting Glances was shot.,Parting Glances is an American film shot in 1984 and released in 1986 .,SUPPORTS
One character in Scooby-Doo is Fred Jones.,"This Saturday-morning cartoon series featured four teenagers -- Fred Jones , Daphne Blake , Velma Dinkley , and Norville `` Shaggy '' Rogers -- and their talking brown Great Dane named Scooby-Doo , who solve mysteries involving supposedly supernatural creatures through a series of antics and missteps . Shaggy Shaggy Rogers Fred Fred Jones (Scooby-Doo) Scooby Scooby-Doo (character) Velma Velma Dinkley Daphne Daphne Blake Scooby-Doo Scooby-Doo (character) Saturday-morning cartoon Saturday-morning cartoon Fred Jones Fred Jones (Scooby-Doo) Daphne Blake Daphne Blake Velma Dinkley Velma Dinkley Great Dane Great Dane supernatural supernatural",SUPPORTS
"One Direction's Where We Are Tour was the highest grossing concert tour in 2014, generating $282 million.",,SUPPORTS
Kerala is a State of India.,"Kerala -LRB- -LSB- ˈkɛrələ -RSB- -RRB- historically known as Keralam , is an Indian state in South India on the Malabar Coast . Indian state States and union territories of India South India South India Malabar Coast Malabar Coast With 33,387,677 inhabitants as per the 2011 Census , Kerala is the thirteenth-largest Indian state by population and is divided into 14 districts with the capital being Thiruvananthapuram . Thiruvananthapuram Thiruvananthapuram 14 Districts of Kerala Indian state States and union territories of India 2011 Census 2011 Census of India thirteenth-largest Indian state by population List of states of India by population districts Districts of India Malayalam is the most widely spoken language and is also the official language of the state . Malayalam Malayalam Kerala has the lowest positive population growth rate in India , 3.44 % ; highest Human Development Index -LRB- HDI -RRB- , 0.712 in 2015 ; the highest literacy rate , 93.91 % in the 2011 census ; the highest life expectancy , 77 years ; and the highest sex ratio , 1,084 women per 1000 men . HDI Human Development Index Human Development Index Human Development Index The state has witnessed significant emigration , especially to Arab states of the Persian Gulf during the Gulf Boom of the 1970s and early 1980s , and its economy depends significantly on remittances from a large Malayali expatriate community . Malayali Malayali Arab states of the Persian Gulf Arab states of the Persian Gulf Gulf Boom Kerala Gulf diaspora#The Gulf Boom remittances remittances",SUPPORTS
Thomas DeSimone was born in August.,"Thomas Anthony DeSimone -LRB- May 24 , 1950 -- disappeared January 14 , 1979 -RRB- , also known as Two-Gun Tommy or Tommy D , was a Sicilian-American gangster and associate of the Lucchese crime family in New York City . Lucchese crime family Lucchese crime family New York City New York City New York New York (state) Sicilian-American Sicilian-American gangster gangster",REFUTES
Two French cartoonists were hired to do the production design for The Fifth Element.,,NEI
Baahubali 2: The Conclusion is a 2017 Indian historical fiction film.,"Baahubali 2 : The Conclusion , also known by the initialism BB2 , is a 2017 Indian historical fiction film co-written and directed by S. S. Rajamouli . S. S. Rajamouli S. S. Rajamouli initialism initialism historical fiction historical fiction",SUPPORTS
Kumkum Bhagya was not developed by Ekta Kapoor.,The show is directed by Sameer Kulkarni and developed by Ekta Kapoor . Ekta Kapoor Ekta Kapoor,REFUTES
Death in Paradise (TV series) was created by a screenwriter.,"Death in Paradise is a British-French crime comedy-drama television series created by Robert Thorogood , starring Ben Miller -LRB- series 1 -- 3 -RRB- , Kris Marshall -LRB- series 3 -- 6 -RRB- & Ardal O'Hanlon -LRB- series 6 -- present -RRB- . Robert Thorogood Robert Thorogood Ben Miller Ben Miller Kris Marshall Kris Marshall Ardal O'Hanlon Ardal O'Hanlon comedy-drama comedy-drama French France Robert Thorogood is an English screenwriter .",SUPPORTS
Snoop Dogg put out Doggystyle under Death Row Records.,and `` Gin & Juice '' . Gin & Juice Gin & Juice,SUPPORTS
Billy Bob Thornton has worked since at least 1817.,"Billy Bob Thornton -LRB- born August 4 , 1955 -RRB- is an American actor , filmmaker , singer , songwriter , and musician .",REFUTES
The Narrows stars Eddie Cahill.,"The Narrows is an American 2008 independent film starring Kevin Zegers , Sophia Bush , Vincent D'Onofrio , Eddie Cahill and Monica Keena . Kevin Zegers Kevin Zegers Sophia Bush Sophia Bush Eddie Cahill Eddie Cahill Monica Keena Monica Keena Vincent D'Onofrio Vincent D'Onofrio",SUPPORTS
Emily Blunt was in a 2006 American comedy-drama film.,,NEI
"Attack on Titan did not begin in Kodansha's Bessatsu Shōnen Magazine on September 9, 2009.","The series began in Kodansha 's Bessatsu Shōnen Magazine on September 9 , 2009 , and has been collected into 22 tankōbon volumes as of April 2017 . Kodansha Kodansha Shōnen Shōnen manga Bessatsu Shōnen Magazine Bessatsu Shōnen Magazine tankōbon tankōbon",SUPPORTS
Cindy McCain is married to a boxer.,,NEI
Jared Padalecki grew up in the second largest state.,"He grew up in Texas and rose to fame in the early 2000s after appearing on the television series Gilmore Girls as well as such films as New York Minute and House of Wax . Texas Texas Gilmore Girls Gilmore Girls New York Minute New York Minute (film) House of Wax House of Wax (2005 film) Texas -LRB- -LSB- ˈtɛksəs -RSB- , -LSB- localˈtɛksᵻz -RSB- Texas or Tejas -LSB- ˈtexas -RSB- -RRB- is the second largest state in the United States by both area and population . state U.S. state United States United States area List of U.S. states and territories by area population List of U.S. states and territories by population",SUPPORTS
The Strain premiered on FX.,"The Strain is an American horror drama television series that premiered on FX on July 13 , 2014 . horror horror fiction The Strain The Strain FX FX (TV channel) drama drama",SUPPORTS
The Republic of Ireland is near Great Britain.,"Ireland -LRB- -LSB- ˈaɪərlənd -RSB- Éire -LSB- ˈeːɾʲə -RSB- -RRB- , also described as the Republic of Ireland -LRB- Poblacht na hÉireann -RRB- , is a sovereign state in north-western Europe occupying 26 of 32 counties of the island of Ireland . described Names of the Irish state sovereign state sovereign state Europe Europe island of Ireland Ireland The state shares its only land border with Northern Ireland , a part of the United Kingdom . United Kingdom United Kingdom Northern Ireland Northern Ireland part Countries of the United Kingdom",SUPPORTS
Raccoons are robotic animals.,,NEI
Marlon Brando is an alligator.,"Marlon Brando , Jr. -LRB- April 3 , 1924 -- July 1 , 2004 -RRB- was an American actor , film director and political activist . activist activism",REFUTES
Rod Laver was born in 1950.,Rodney George `` Rod '' Laver -LRB- born 9 August 1938 -RRB- is an Australian former tennis player widely regarded as one of the greatest in tennis history . tennis tennis,REFUTES
Courteney Cox appeared on a yacht created by David Crane and Marta Kauffman.,,NEI
Tardigrades are micro-animals.,"Tardigrades -LRB- -LSB- ˈtɑrdᵻˌgreɪd -RSB- also known as water bears , space bears , or moss piglets -RRB- are water-dwelling , eight-legged , segmented micro-animals . moss moss",SUPPORTS
International Relations includes animals.,,REFUTES
Brian Lynch wrote the screenplay for Minions in less than a day.,,NEI
Dean Martin was not a comedian.,"Dean Martin -LRB- born Dino Paul Crocetti ; June 7 , 1917 -- December 25 , 1995 -RRB- was an Italian-American singer , actor , comedian , and film producer . Martin 's relaxed , warbling crooning voice earned him dozens of hit singles including his signature songs `` Memories Are Made of This '' , `` That 's Amore '' , `` Everybody Loves Somebody '' , `` You 're Nobody till Somebody Loves You '' , `` Sway '' , `` Volare '' , and `` Ai n't That a Kick in the Head ? '' crooning Crooner Memories Are Made of This Memories Are Made of This Everybody Loves Somebody Everybody Loves Somebody Sway Sway (song) Volare Volare (song)",REFUTES
Mark Hamill is a director.,,NEI
Neil Young made zero studio albums.,"From his early solo albums and those with his backing band Crazy Horse , Young has recorded a steady stream of studio and live albums , sometimes warring with his recording company along the way . Crazy Horse Crazy Horse (band) Young had released two solo albums by the time he joined Crosby , Stills & Nash in 1969 , in addition to two as a member of Buffalo Springfield . Buffalo Springfield Buffalo Springfield His gritty guitar work , especially with Crazy Horse , earned him the nickname `` Godfather of Grunge '' and led to his 1995 album Mirror Ball with Pearl Jam . guitar guitar Crazy Horse Crazy Horse (band) Pearl Jam Pearl Jam Mirror Ball Mirror Ball (Neil Young album) Young directed -LRB- or co-directed -RRB- films using the pseudonym Bernard Shakey , including Journey Through the Past -LRB- 1973 -RRB- , Rust Never Sleeps -LRB- 1979 -RRB- , Human Highway -LRB- 1982 -RRB- , Greendale -LRB- 2003 -RRB- , and CSNY/D éjà Vu -LRB- 2008 -RRB- . Journey Through the Past Journey Through the Past (film) Rust Never Sleeps Rust Never Sleeps Human Highway Human Highway Greendale Greendale (album)",REFUTES
Syd Barrett was the lead chef of Pink Floyd.,,NEI
Justified won ten Primetime Emmy Awards.,,REFUTES
Helios is the brother of only Eos.,,NEI
Greenwich is a religion.,"Greenwich -LRB- -LSB- ˈɡrɛnɪtʃ -RSB- , -LSB- ˈɡrɪnɪdʒ -RSB- , -LSB- ˈɡrɪnɪtʃ -RSB- or -LSB- ˈɡrɛnɪdʒ -RSB- -RRB- is an early-established district of south east London , England , centred 5.5 miles -LRB- 8.9 km -RRB- east south-east of Charing Cross . south east South London London London England England Charing Cross Charing Cross",REFUTES
South East England has a total population of millions.,"Its proximity to London and connections to several national motorways have led to south east England becoming an economic hub , with the largest economy in the country outside the capital . London London",SUPPORTS
The Odyssey is a music video.,"The Odyssey '' ' -LRB- -LSB- ˈɒdəsi -RSB- Ὀδύσσεια Odýsseia , -LSB- o.dýs.sej.ja -RSB- in Classical Attic -RRB- is one of two major ancient Greek epic poems attributed to Homer . Classical Attic Attic Greek Greek Hellenic civilization Homer Homer",REFUTES
Supernatural is the newest American fantasy series.,"On January 8 , 2017 , The CW renewed the show for a thirteenth season . The CW The CW",REFUTES
Red Headed Stranger's lyrics have been featured in prologue of the comic Preacher.,,REFUTES
Diego Costa was born in a garage.,,NEI
Gerald Ford was the President of the France.,,NEI
Saddam Hussein was convicted of charges of crimes against humanity and sentenced to life imprisonment.,,REFUTES
Ken Russell only directed the film Shrek.,"Film critic Mark Kermode , speaking in 2006 , and attempting to sum up the director 's achievement , called Russell , `` somebody who proved that British cinema did n't have to be about kitchen-sink realism -- it could be every bit as flamboyant as Fellini . Mark Kermode Mark Kermode kitchen-sink realism kitchen sink realism Fellini Federico Fellini Altered States is a 1980 American science fiction-horror film directed by Ken Russell and adapted from a novel by the same name by playwright and screenwriter Paddy Chayefsky . Ken Russell Ken Russell Paddy Chayefsky Paddy Chayefsky science fiction Science fiction film horror film horror film The Devils is a 1971 British historical drama horror film directed by Ken Russell and starring Oliver Reed and Vanessa Redgrave . Ken Russell Ken Russell The Devils The Devils (play) Oliver Reed Oliver Reed Vanessa Redgrave Vanessa Redgrave historical Historical film drama Drama film horror film horror film Directed by Ken Russell , the film featured a star-studded ensemble cast , including the band members themselves -LRB- most notably , lead singer Roger Daltrey , who plays the title role -RRB- , Ann-Margret , Oliver Reed , Eric Clapton , Tina Turner , Elton John , Arthur Brown , and Jack Nicholson . Ken Russell Ken Russell Ann-Margret Ann-Margret Oliver Reed Oliver Reed Roger Daltrey Roger Daltrey Elton John Elton John Eric Clapton Eric Clapton Jack Nicholson Jack Nicholson Arthur Brown Arthur Brown (musician) Tina Turner Tina Turner star-studded ensemble cast Ensemble cast Women in Love is a 1969 British romantic drama film directed by Ken Russell and starring Alan Bates , Oliver Reed , Glenda Jackson , and Jennie Linden . Ken Russell Ken Russell Women in Love Women in Love Alan Bates Alan Bates Oliver Reed Oliver Reed Glenda Jackson Glenda Jackson Jennie Linden Jennie Linden romantic drama film romantic drama film",REFUTES
Hot was by an Italian presenter.,"Hot is the debut album by British pop singer Melanie B , released on 9 October 2000 by Virgin . Melanie B Mel B pop pop music Virgin Virgin Records",REFUTES
Malaysia Airlines is a company that provides services.,Malaysia Airlines is the flag carrier of Malaysia and a member of the oneworld airline alliance . Malaysia Malaysia airline airline flag carrier flag carrier oneworld oneworld airline alliance airline alliance An airline is a company that provides air transport services for traveling passengers and freight . air transport services civil aviation freight freight The company 's headquarters are located at Kuala Lumpur International Airport . Kuala Lumpur International Airport Kuala Lumpur International Airport,SUPPORTS
Anton Yelchin played roles in films.,"He played Pavel Chekov in three Star Trek films , including the 2009 reboot film of the same name , along with the sequels , Star Trek Into Darkness and the posthumously released Star Trek Beyond -LRB- 2016 -RRB- . Pavel Chekov Pavel Chekov Star Trek Star Trek (film series) same name Star Trek (film) Star Trek Into Darkness Star Trek Into Darkness Star Trek Beyond Star Trek Beyond He starred on the television series , including Huff and the posthumously released Trollhunters . Huff Huff (TV series) Trollhunters Trollhunters Starring Emile Hirsch , Justin Timberlake , Ben Foster , Shawn Hatosy , Anton Yelchin , Olivia Wilde , Amanda Seyfried with Harry Dean Stanton , Sharon Stone , and Bruce Willis , the film is based on the true story of the kidnapping and murder of Nicholas Markowitz in 2000 . Emile Hirsch Emile Hirsch Justin Timberlake Justin Timberlake Ben Foster Ben Foster Shawn Hatosy Shawn Hatosy Anton Yelchin Anton Yelchin Sharon Stone Sharon Stone Bruce Willis Bruce Willis Olivia Wilde Olivia Wilde Amanda Seyfried Amanda Seyfried Harry Dean Stanton Harry Dean Stanton murder of Nicholas Markowitz murder of Nicholas Markowitz The film stars Anton Yelchin , Imogen Poots and Patrick Stewart . Anton Yelchin Anton Yelchin Imogen Poots Imogen Poots Patrick Stewart Patrick Stewart Only Lovers Left Alive is a 2013 internationally co-produced vampire film written and directed by Jim Jarmusch , and starring Tilda Swinton , Tom Hiddleston , Mia Wasikowska , Anton Yelchin , Jeffrey Wright , Slimane Dazi , and John Hurt . Jim Jarmusch Jim Jarmusch Tilda Swinton Tilda Swinton Tom Hiddleston Tom Hiddleston Mia Wasikowska Mia Wasikowska Anton Yelchin Anton Yelchin Jeffrey Wright Jeffrey Wright (actor) Slimane Dazi Slimane Dazi John Hurt John Hurt vampire Vampire films",SUPPORTS
Mark Bomback is from the desert.,"Mark Bomback -LRB- born August 29 , 1971 -RRB- is an American screenwriter , originally from New Rochelle , New York . screenwriter screenwriter",REFUTES
Patrick Bateman is solely a farmer.,"He is a wealthy , materialistic Wall Street investment banker who leads a double life as a serial killer . materialistic Economic materialism investment banker investment banker serial killer serial killer",REFUTES
Tina Turner's album Break Every Rule sold more than 1000 copies.,,NEI
Darth Vader is a dog in Star Wars.,,NEI
Bob Riley is a Brazilian.,"Robert Renfroe Riley -LRB- born October 3 , 1944 -RRB- is an American politician who was the 52nd Governor of Alabama from 2003 to 2011 . 52nd List of Governors of Alabama Governor of Alabama Governor of Alabama Alabama Alabama politician politician",REFUTES
"WALL-E grossed $533,304,429 worldwide.",,NEI
Hugh Jackman is exclusively a stage actor.,"He is known for his long-running role as Wolverine in the X-Men film series , as well as for his lead roles in films such as the romantic-comedy fantasy Kate & Leopold -LRB- 2001 -RRB- , the action-horror film Van Helsing -LRB- 2004 -RRB- , the magic-themed drama The Prestige -LRB- 2006 -RRB- , the epic fantasy drama The Fountain -LRB- 2006 -RRB- , the epic historical romantic drama Australia -LRB- 2008 -RRB- , the film version of Les Misérables -LRB- 2012 -RRB- , and the thriller Prisoners -LRB- 2013 -RRB- . Wolverine Wolverine (character) Kate & Leopold Kate & Leopold Van Helsing Van Helsing (film) The Prestige The Prestige (film) The Fountain The Fountain Australia Australia (2008 film) Les Misérables Les Misérables (2012 film) Prisoners Prisoners (2013 film) The film is directed by James Mangold and stars Meg Ryan , Hugh Jackman and Liev Schreiber . James Mangold James Mangold Meg Ryan Meg Ryan Hugh Jackman Hugh Jackman Liev Schreiber Liev Schreiber",REFUTES
The Belko Experiment is a action film.,,NEI
Batman Begins received positive reviews.,,SUPPORTS
The Host was exclusively written by J.S. Bach.,"Written and directed by Andrew Niccol , the film stars Saoirse Ronan , Max Irons , Jake Abel , William Hurt , and Diane Kruger . Andrew Niccol Andrew Niccol Saoirse Ronan Saoirse Ronan Max Irons Max Irons Jake Abel Jake Abel Diane Kruger Diane Kruger William Hurt William Hurt",REFUTES
Cleopatra was the first person to represent herself as the reincarnation of the Egyptian goddess Isis.,,NEI
Yung Rich Nation is a work.,Yung Rich Nation is the debut studio album by American hip hop group Migos . Migos Migos studio album studio album hip hop Hip hop music,SUPPORTS
Alice is a reworking of a horror film.,,NEI
Marcus Rashford's year of birth is 1997.,Marcus Rashford -LRB- born 31 October 1997 -RRB- is an English professional footballer who plays as a forward for Premier League club Manchester United and the England national team . Manchester United Manchester United F.C. England England national football team footballer Association football forward Forward (association football) Premier League Premier League England national team England national football team,SUPPORTS
International Relations includes human rights.,,SUPPORTS
Christopher Lee's birthday is June 15th.,"Sir Christopher Frank Carandini Lee -LRB- 27 May 1922 -- 7 June 2015 -RRB- was an English character actor , singer , and author . character actor character actor singer singer author author",REFUTES
Novak Djokovic broke the single-season vase.,,NEI
"Game of Thrones has received 38 Primetime Emmy Awards, including Outstanding Drama Series.",,SUPPORTS
"In a 2004 film, Gene Hackman appeared.",,SUPPORTS
Game of Thrones (season 1) is based on a poem from the A Song of Ice and Fire series.,"The series is based on A Game of Thrones , the first novel in the A Song of Ice and Fire series by George R. R. Martin , adapted for television by David Benioff and D. B. Weiss . Game of Thrones Game of Thrones A Game of Thrones A Game of Thrones A Song of Ice and Fire A Song of Ice and Fire George R. R. Martin George R. R. Martin David Benioff David Benioff D. B. Weiss D. B. Weiss",REFUTES
Imagine Dragons is from Iowa.,"Imagine Dragons is an American rock band from Las Vegas , Nevada , consisting of lead vocalist Dan Reynolds , lead guitarist Wayne Sermon , bassist Ben McKee , and drummer Daniel Platzman . Daniel Platzman Daniel Platzman Ben McKee Ben McKee Dan Reynolds Dan Reynolds (musician) Wayne Sermon Wayne Sermon Las Vegas Las Vegas Nevada Nevada rock Rock music",REFUTES
Leroy Jethro Gibbs is a character portrayed by Daniel Radcliffe.,,NEI
Chris O'Dowd had a role in the heist.,,NEI
Until Dawn is a sandbox game.,,NEI
Nikola Tesla refused to be a futurist.,"Nikola Tesla -LRB- Никола Тесла 10 July 1856 -- 7 January 1943 -RRB- was a Serbian-American inventor , electrical engineer , mechanical engineer , physicist , and futurist who is best known for his contributions to the design of the modern alternating current -LRB- AC -RRB- electricity supply system . Serbian-American Serbian-American electrical engineer electrical engineer mechanical engineer mechanical engineering physicist physicist futurist futurist alternating current alternating current electricity supply electricity supply",REFUTES
Event management includes arranging contracts.,,NEI
Giada De Laurentiis has not co-hosted any shows.,She also appears regularly as a contributor and guest co-host on NBC 's Today . NBC NBC Today Today (U.S. TV program),REFUTES
Alia Bhatt was born on Mars.,,NEI
"Sabrina Carpenter has released the album ""Joanne"".",,NEI
Tiger Woods was the number one golfer in France according to the Official World Golf Ranking.,,NEI
Bill Cosby began his stand-up career in a house.,"His start in stand-up comedy began at the hungry i in San Francisco and was followed by his landing a starring role in the 1960s television show I Spy . stand-up comedy stand-up comedy hungry i hungry i San Francisco San Francisco I Spy I Spy (1965 TV series) The hungry i was originally a nightclub in North Beach , San Francisco . nightclub nightclub",REFUTES
Sharon Stone was received a Golden Globe nomination.,"Named Officer of the Order of Arts and Letters in France in 2005 , Stone 's other notable film roles include Sliver -LRB- 1993 -RRB- , The Specialist -LRB- 1994 -RRB- , The Quick and the Dead -LRB- 1995 -RRB- , If These Walls Could Talk 2 -LRB- 2000 -RRB- , Catwoman -LRB- 2004 -RRB- , Broken Flowers -LRB- 2005 -RRB- , Alpha Dog -LRB- 2006 -RRB- , Bobby -LRB- 2006 -RRB- , Lovelace -LRB- 2013 -RRB- , and Fading Gigolo -LRB- 2013 -RRB- . Officer of the Order of Arts and Letters Ordre des Arts et des Lettres Sliver Sliver (film) The Specialist The Specialist The Quick and the Dead The Quick and the Dead (1995 film) If These Walls Could Talk 2 If These Walls Could Talk 2 Catwoman Catwoman Broken Flowers Broken Flowers Alpha Dog Alpha Dog Bobby Bobby (2006 film) Lovelace Lovelace (film) Fading Gigolo Fading Gigolo Stone has made guest-appearances in The Practice -LRB- 2004 -RRB- , winning the Emmy Award for Outstanding Guest Actress in a Drama Series , and in Law & Order : Special Victims Unit -LRB- 2010 -RRB- . The Practice The Practice Emmy Award Emmy Award Outstanding Guest Actress in a Drama Series Primetime Emmy Award for Outstanding Guest Actress in a Drama Series She received another two Golden Globe Award nominations for her roles in The Mighty -LRB- 1998 -RRB- and The Muse -LRB- 1999 -RRB- . Golden Globe Award Golden Globe Award The Mighty The Mighty The Muse The Muse (1999 film)",SUPPORTS
Steven Spielberg worked on the film Jurassic Park.,"Three of Spielberg 's films -- Jaws , E.T. the Extra-Terrestrial , and Jurassic Park -- achieved box office records , originated and came to epitomize the blockbuster film . Jaws Jaws (film) E.T. the Extra-Terrestrial E.T. the Extra-Terrestrial Jurassic Park Jurassic Park (film) box office List of highest-grossing films blockbuster Blockbuster (entertainment)",SUPPORTS
What a Girl Wants is a single by Christina Aguilera.,"`` What a Girl Wants '' is a song by American singer Christina Aguilera , taken from her self-titled debut album -LRB- 1999 -RRB- . Christina Aguilera Christina Aguilera self-titled debut album Christina Aguilera (album) The song was completed and pitched to RCA executive Ron Fair as `` What a Girl Needs '' and was renamed `` What a Girl Wants '' ; Fair later gave the track to Aguilera . RCA RCA Records Ron Fair Ron Fair",SUPPORTS
Ketogenic diet is incapable of containing carbohydrates.,"The ketogenic diet is a high-fat , adequate-protein , low-carbohydrate diet that in medicine is used primarily to treat difficult-to-control -LRB- refractory -RRB- epilepsy in children . fat triacylglycerol protein protein low-carbohydrate diet low-carbohydrate diet epilepsy epilepsy carbohydrate carbohydrate Most dietary fat is made of molecules called long-chain triglycerides -LRB- LCTs -RRB- . fat triacylglycerol",REFUTES
Daddy Yankee made at least three trips to Guam.,,NEI
The Hateful Eight is a film about dogs.,,NEI
William Hanna worked in February of 1937.,,NEI
The Bengali language became an official language in Pakistan in 1952.,Language is an important element of Bengali identity and binds together a culturally diverse region . Bengali identity Bengali nationalism culturally diverse Culture of Bengal,SUPPORTS
"Tommy Chong was born on May 24th, 1938 which is a Tuesday.",,NEI
Aishwarya Rai was married in 1047.,"Aishwarya Rai -LRB- born 1 November 1973 -RRB- , also known by her married name Aishwarya Rai Bachchan , is an Indian actress , model and the winner of the Miss World 1994 pageant . Indian Indian people Miss World 1994 Miss World 1994",REFUTES
Buddhism has over 500 million texts.,,NEI
One Direction earned roughly $105 million between 2013 and 2014.,In 2016 Forbes ranked them the world 's second highest earning celebrities . Forbes Forbes highest earning celebrities Forbes Celebrity 100,REFUTES
Google hosts the most visited website.,,NEI
Clarence Thomas went to a liberal arts college in New Haven.,"In 1979 , he became a legislative assistant to Senator John Danforth -LRB- R-MO -RRB- and in 1981 was appointed Assistant Secretary for Civil Rights at the U.S. Department of Education . legislative assistant legislative assistant John Danforth John Danforth R Republican Party (United States) MO Missouri U.S. Department of Education U.S. Department of Education",REFUTES
Star Trek (film series) has 15 cast members.,"For those films that did not receive an initial DVD release , Paramount released simple one-disc versions with no special features . DVD DVD",REFUTES
Lynyrd Skynyrd reunited in India.,,NEI
The Wolfman stars Anthony Hopkins and Benicio Del Toro in main roles.,,NEI
Winnipeg is home to the Parliament of Canada.,,NEI
Socrates is credited as one of the founders of Greek philosophy.,,NEI
Liberty bonds were sold to support the allied cause in Europe.,,NEI
King Kong was co-written by a person.,"King Kong is a 2005 epic monster adventure film co-written , produced , and directed by Peter Jackson . Peter Jackson Peter Jackson King Kong King Kong (1933 film) epic Epic film monster Monster film adventure film adventure film",SUPPORTS
Stanley Kubrick directed.,"Stanley Kubrick -LRB- -LSB- ˈkuːbrɪk -RSB- July 26 , 1928 -- March 7 , 1999 -RRB- was an American film director , screenwriter , producer , cinematographer , editor , and photographer . cinematographer cinematographer editor film editing He is frequently cited as one of the greatest and most influential directors in cinematic history . His reputation as a filmmaker in Hollywood grew , and he was approached by Marlon Brando to film what would become One-Eyed Jacks -LRB- 1961 -RRB- , though Brando eventually decided to direct it himself . Marlon Brando Marlon Brando One-Eyed Jacks One-Eyed Jacks The Killing is a 1956 film noir directed by Stanley Kubrick and produced by James B. Harris . Stanley Kubrick Stanley Kubrick James B. Harris James B. Harris film noir film noir Creative differences arising from his work with Douglas and the film studios , a dislike of Hollywood , and a growing concern about crime in America prompted Kubrick to move to the United Kingdom in 1961 , where he spent most of the remainder of his life and career .",SUPPORTS
"The latest album of LL Cool J was released on April 9th, 2017.","LL Cool J has also appeared in numerous films , including In Too Deep , Any Given Sunday , S.W.A.T. , Mindhunters , and Edison . In Too Deep In Too Deep (1999 film) Any Given Sunday Any Given Sunday Mindhunters Mindhunters Edison Edison (film)",REFUTES
Czech Republic's has a passport that is ranked 9th on earth.,,NEI
One Direction is a girl band.,"One Direction -LRB- commonly abbreviated as 1D -RRB- are an English-Irish pop boy band based in London , composed of Niall Horan , Liam Payne , Harry Styles , Louis Tomlinson , and previously , Zayn Malik until his departure from the band on 25 March 2015 . Louis Tomlinson Louis Tomlinson Niall Horan Niall Horan Liam Payne Liam Payne Harry Styles Harry Styles Zayn Malik Zayn Malik pop Pop music boy band boy band",REFUTES
Bob Dylan is in the Rock and Roll Hall of Fame.,,SUPPORTS
The Chainsmokers are a trio.,The Chainsmokers are an American DJ/producer duo consisting of Andrew Taggart and Alex Pall .,REFUTES
Blind Faith was a blues rock band from Brittany.,,NEI
There is a film that had mixed reviews from critics called The Legend of Tarzan (film).,,SUPPORTS
"Annie Parisse was born in Anchorage, Alaska on July 31, 1975.","Anne Marie Cancelmi -LRB- born July 31 , 1975 -RRB- , known professionally as Annie Parisse , is an American actress .",SUPPORTS
Sarah Silverman attended film directing school.,,NEI
Ulysses S. Grant did not have throat cancer.,,REFUTES
George Tuska was a con artist.,,NEI
The New Adventures of Old Christine is a British sitcom.,"The New Adventures of Old Christine -LRB- often shortened to simply Old Christine -RRB- is an American television sitcom starring Julia Louis-Dreyfus as Christine Campbell , a middle-aged divorced mother who struggles to keep pace with those around her . Julia Louis-Dreyfus Julia Louis-Dreyfus sitcom sitcom Christine Campbell Christine Campbell (character)",REFUTES
Jordan Peele is a member of Mensa.,,NEI
Solange Knowles has a song called Solo Star.,,NEI
One America News Network is a television channel.,"One America News Network -LRB- abbreviated as OANN -RRB- , commonly referred to as One America News -LRB- abbreviated as OAN -RRB- , is an American cable news television channel that is owned by Herring Networks , Inc. . cable news United States cable news television channel television channel",SUPPORTS
Chad Hayes (writer) finished college on April.,,NEI
Sleep can be disrupted by noise.,,NEI
Ryuk (Death Note) is a non-fictional character.,"is a fictional character in the manga series Death Note , created by Tsugumi Ohba and Takeshi Obata . Death Note Death Note Tsugumi Ohba Tsugumi Ohba Takeshi Obata Takeshi Obata fictional character Character (arts)",REFUTES
Andrew Jackson was incapable of joining the statesman.,"Andrew Jackson -LRB- March 15 , 1767 -- June 8 , 1845 -RRB- was an American soldier and statesman who served as the seventh President of the United States from 1829 to 1837 and was the founder of the Democratic Party . Democratic Democratic Party (United States) seventh President of the United States List of Presidents of the United States Democratic Party History of the Democratic Party (United States)",REFUTES
Shallow Hal is an American film.,Shallow Hal is a 2001 American romantic comedy film starring Gwyneth Paltrow and Jack Black about a shallow man who falls in love with an overweight woman . Jack Black Jack Black Gwyneth Paltrow Gwyneth Paltrow romantic Romance film comedy film comedy film,SUPPORTS
Wonderland had Lisa Kudrow in it.,,SUPPORTS
Usain Bolt was not in the 2008 Olympics.,"Usain St Leo Bolt , OJ , CD -LRB- -LSB- ˈjuːseɪn -RSB- born 21 August 1986 -RRB- is a Jamaican sprinter . OJ Order of Jamaica CD Order of Distinction sprinter Sprint (running)",REFUTES
The Legend of Tarzan (film) was released in November of 2016.,,REFUTES
Event management has only ever left their guests to fend for themselves in violent emergencies.,,NEI
Juliette Binoche toured with a ballet production.,,NEI
Sue Vertue's first name is Sue.,"Susan `` Sue '' Nicola Vertue -LRB- born 21 September 1960 in Surrey -RRB- is an English television producer , mainly of comedy shows , including Mr. Bean and Coupling . Surrey Surrey Mr. Bean Mr. Bean Coupling Coupling (UK TV series)",REFUTES
Coldplay is a rock photographer.,,NEI
Naga Chaitanya was in 100 % Hate.,,NEI
The Berbers of Algeria are also referred to as Amazighen.,"The North African country supplies large amounts of natural gas to Europe , and energy exports are the backbone of the economy . natural gas natural gas Berbers or Amazighen -LRB- ⵉⵎⴰⵣⵉⵖⵏ Imaziɣen ; singular : ⴰⵎⴰⵣⵉⵖ Amaziɣ / Amazigh -RRB- are an ethnic group indigenous to North Africa . North Africa North Africa",SUPPORTS
Ederson Moraes plays as a forward for Manchester City.,"Ederson Santana de Moraes -LRB- born 17 August 1993 -RRB- , known simply as Ederson , is a Brazilian professional footballer who plays as a goalkeeper for English club Manchester City . Manchester City Manchester City F.C. footballer Association football goalkeeper Goalkeeper (association football)",REFUTES
Battle Studies World Tour was a 2016 tour by John Mayer.,,NEI
The Crazies was a film written by Scott Kosar.,"The Crazies is a 2010 American science fiction horror film directed by Breck Eisner , with a screenplay by Scott Kosar and Ray Wright . Scott Kosar Scott Kosar The Crazies The Crazies (1973 film) Breck Eisner Breck Eisner science fiction science fiction horror film horror film",SUPPORTS
"Doug Ducey is the 23rd governor of Arizona, holding office from 2012 to present.","He is a member of the Republican Party , and was sworn in as governor on January 5 , 2015 . Republican Republican Party (United States) Republican Party Republican Party (United States)",REFUTES
The United Kingdom does not include England.,"The nearby Isle of Man , Bailiwick of Guernsey and Bailiwick of Jersey are not part of the United Kingdom , being Crown dependencies with the British Government responsible for defence and international representation . British Government Government of the United Kingdom British British people Isle of Man Isle of Man Bailiwick of Guernsey Bailiwick of Guernsey Bailiwick of Jersey Bailiwick of Jersey Crown dependencies Crown dependencies There are fourteen British Overseas Territories . British British people fourteen British Overseas Territories British Overseas Territories",REFUTES
Mariah Carey has a five-note vocal range.,,SUPPORTS
Tom Hardy received a nomination for the Laurence Olivier Award.,,SUPPORTS
4 NBA Finals in a row were won by Miami with Dwyane Wade leading the team.,,NEI
Jensen Ackles played Eric Brady in the United States Government.,,NEI
Ryan O'Neal is still boxing.,"Charles Patrick Ryan O'Neal -LRB- born April 20 , 1941 -RRB- , known professionally as Ryan O'Neal , is an American actor and former boxer . Patrick Patrick O'Neal (sportscaster)",REFUTES
Sue Bird is a basketball player.,"Suzanne Brigit `` Sue '' Bird -LRB- born October 16 , 1980 -RRB- is an American professional basketball player for the Seattle Storm of the Women 's National Basketball Association -LRB- WNBA -RRB- . WNBA WNBA Seattle Storm Seattle Storm basketball basketball She also played for multiple basketball teams outside of the United States . basketball basketball",SUPPORTS
The Ku Klux Klan opposed certain organizations and leaders.,"The second group was founded in 1915 , and it flourished nationwide in the early and mid-1920s , particularly in urban areas of the Midwest and West . Midwest Midwestern United States West Western United States",SUPPORTS
Liana Liberato had a lead role in Trust (2010).,,NEI
"Nikita (TV series) started airing on December 27th, 2013.","Nikita is an American television series that aired on The CW from September 9 , 2010 to December 27 , 2013 in the United States . The CW The CW Nikita Nikita (film)",REFUTES
The Challenge aired on MTV for 20 seasons.,,SUPPORTS
Bosnia and Herzegovina is an owl.,,NEI
The Golden Girls is not the 54th Best Series of All Time according to TV Guide.,,REFUTES
Heartland was only a comedy.,"Heartland is a Canadian family drama television series which debuted on CBC on October 14 , 2007 . CBC CBC Television Canadian Canada family drama dramatic programming television series television series Heartland Heartland (novel series)",REFUTES
The capital of Bali is found in the southern part of the island.,"Its capital , Denpasar , is located in the southern part of the island . Denpasar Denpasar",SUPPORTS
"Welcome Back (film) features an Indian actor, writer, and father.",,NEI
Julius Caesar possessed the position of dictator perpetuo.,"The later biographies of Caesar by Suetonius and Plutarch are also major sources . Suetonius Suetonius Plutarch Plutarch Dictator perpetuo -LRB- English : `` dictator in perpetuity '' -RRB- , also called dictator in perpetuum , was the office held by Julius Caesar from 26 January or 15 February of the year 44 BCE until his death on 15 March . English English language Julius Caesar Julius Caesar",SUPPORTS
Prince lived until the age of 78.,"Prince Rogers Nelson -LRB- June 7 , 1958 -- April 21 , 2016 -RRB- was an American singer-songwriter , actor , multi-instrumentalist , philanthropist , dancer and record producer . Prince Prince (album)",REFUTES
Google Home is a smart car.,Google Home is a smart speaker developed by Google . Google Google smart speaker smart speaker,REFUTES
Frank is a novel.,"Frank is the debut studio album by English singer and songwriter Amy Winehouse , released on 20 October 2003 by Island Records . Amy Winehouse Amy Winehouse Island Island Records Island Records Island Records",REFUTES
"Klute was directed by an American film director, writer and producer name Alan J. Pakula.","Klute is a 1971 American neo-noir crime-thriller film directed and produced by Alan J. Pakula , written by Andy and Dave Lewis , and starring Jane Fonda , Donald Sutherland , Charles Cioffi , and Roy Scheider . Jane Fonda Jane Fonda Donald Sutherland Donald Sutherland Charles Cioffi Charles Cioffi Roy Scheider Roy Scheider Alan J. Pakula Alan J. Pakula neo-noir neo-noir crime crime film thriller film thriller film Alan Jay Pakula -LRB- -LSB- pəˈkuːlə -RSB- April 7 , 1928 -- November 19 , 1998 -RRB- was an American film director , writer and producer .",SUPPORTS
Jordan Peele has never acted.,"Jordan Haworth Peele -LRB- born February 21 , 1979 -RRB- is an American actor , comedian , writer , producer , and director . He is best known for starring in the Comedy Central sketch series Key & Peele and for his five seasons as a cast member on MADtv . Comedy Central Comedy Central Key & Peele Key & Peele MADtv MADtv In 2014 , he also had a recurring role in the first season of the FX anthology series Fargo . FX FX (TV channel) Fargo Fargo (TV series)",REFUTES
There are zero bodies of water in Ontario.,,NEI
Marcus Rashford is incapable of playing for Premier League club Manchester United.,"Marcus Rashford -LRB- born 31 October 1997 -RRB- is an English professional footballer who plays as a forward for Premier League club Manchester United and the England national team . Manchester United Manchester United F.C. England England national football team footballer Association football forward Forward (association football) Premier League Premier League England national team England national football team Rashford scored on his England debut in May 2016 , becoming the youngest English player to score in his first senior international game . England England national football team",REFUTES
Seppuku is metathesized.,"Seppuku -LRB- 切腹 , `` cutting -LSB- the -RSB- abdomen/belly '' , formal on reading of original Kanji -RRB- , sometimes metathesized as harakiri -LRB- 腹切り , `` abdomen/belly cutting '' -RRB- which is a native Japanese kun reading , is a form of Japanese ritual suicide by disembowelment . on reading Kanji#Readings Kanji Kanji metathesized Metathesis (linguistics) kun reading Kanji#Readings suicide suicide disembowelment disembowelment",SUPPORTS
Gwen Stefani did not receive an American Music Award.,Stefani performs and makes public appearances with four back-up dancers known as the Harajuku Girls . Harajuku Girls Harajuku Girls,REFUTES
Julia Louis-Dreyfus has been on a plane.,,NEI
Howard Stern was the host of a psychological advice radio show.,,NEI
Bon Scott began his band career with AC/DC.,"AC/DC 's popularity grew throughout the 1970s , initially in Australia , and then internationally . AC/DC AC/DC",REFUTES
The West Wing involves action.,,NEI
Whoopi Goldberg co-produced a television reality show.,,REFUTES
Eminem is an artist.,"Marshall Bruce Mathers III -LRB- born October 17 , 1972 -RRB- , known professionally as Eminem -LRB- often stylized as EMINƎM -RRB- , is an American rapper , record producer , and actor .",SUPPORTS
Anne Hathaway was nominated for zero Academy Awards.,"In 2011 , Hathaway voiced Jewel in the animated film Rio and hosted the 83rd Academy Awards with James Franco , which was nominated for a Primetime Emmy Award for Outstanding Special Class Program . Academy Academy Award for Best Supporting Actress Rio Rio (2011 film) 83rd Academy Awards 83rd Academy Awards James Franco James Franco Primetime Emmy Award for Outstanding Special Class Program 63rd Primetime Creative Arts Emmy Awards",REFUTES
There is a film named Laadla.,"Laadla -LRB- translation : The Beloved Son -RRB- is a Bollywood film released on 17 April 1994 , starring Sridevi , Anil Kapoor and Raveena Tandon . Anil Kapoor Anil Kapoor Sridevi Sridevi Raveena Tandon Raveena Tandon Bollywood Bollywood",SUPPORTS
Warner Bros. is a major film studio in Burbank.,"From 1998 through 2005 , DreamWorks SKG commanded a large enough market share to arguably qualify it as a seventh major , despite its relatively small output . DreamWorks SKG DreamWorks",SUPPORTS
Athena is a conductor.,,NEI
Rachel McAdams was in a film directed by Ridley Scott.,,NEI
An example of a television personality was Steve Irwin.,"Stephen Robert Irwin -LRB- 22 February 1962 -- 4 September 2006 -RRB- , nicknamed `` The Crocodile Hunter '' , was an Australian nature expert and television personality . The Crocodile Hunter The Crocodile Hunter Irwin achieved worldwide fame from the television series The Crocodile Hunter , an internationally broadcast wildlife documentary series which he co-hosted with his wife Terri . The Crocodile Hunter The Crocodile Hunter wildlife documentary nature documentary Terri Terri Irwin",SUPPORTS
WWI was a war that never happened.,"World War I -LRB- WWI or WW1 -RRB- , also known as the First World War , the Great War , or the War to End All Wars , was a global war originating in Europe that lasted from 28 July 1914 to 11 November 1918 . global war World war Over nine million combatants and seven million civilians died as a result of the war -LRB- including the victims of a number of genocides -RRB- , a casualty rate exacerbated by the belligerents ' technological and industrial sophistication , and the tactical stalemate caused by gruelling trench warfare . combatants combatants died as a result of the war World War I casualties number of genocides Genocides in history#World War I through World War II technological and industrial sophistication Second Industrial Revolution trench warfare trench warfare The total number of military and civilian casualties in World War I was more than 38 million : there were over 17 million deaths and 20 million wounded , ranking it among the deadliest conflicts in human history . military military civilian casualties civilian casualties World War I World War I deadliest conflicts List of wars and anthropogenic disasters by death toll It was one of the deadliest conflicts in history , and paved the way for major political changes , including revolutions in many of the nations involved and to WWII twenty-one years later . one of the deadliest conflicts in history List of wars and anthropogenic disasters by death toll WWII WWII These alliances were reorganised and expanded as more nations entered the war : Italy , Japan and the United States joined the Allies , while the Ottoman Empire and Bulgaria joined the Central Powers . Ottoman Ottoman Empire Central Powers Central Powers Allies Allies of World War I Italy Kingdom of Italy Japan Empire of Japan United States United States Ottoman Empire Ottoman Empire Bulgaria Kingdom of Bulgaria",REFUTES
Merlin was created by Julian Edelman.,"Merlin is a British fantasy-adventure television programme created by Julian Jones , Jake Michie , Julian Murphy , and Johnny Capps , starring Colin Morgan in the title role . Colin Morgan Colin Morgan fantasy fantasy adventure Adventure film Merlin Merlin",REFUTES
Diana RIgg is an English director.,,NEI
George Best was capped 38 times.,"After football , he spent some time as a football analyst , but his financial and health problems continued into his retirement .",REFUTES
Karl Malone only played for the Knicks.,"Nicknamed `` The Mailman '' , Malone played the power forward position and spent his first 18 seasons -LRB- 1985 -- 2003 -RRB- in the National Basketball Association -LRB- NBA -RRB- with the Utah Jazz and formed a formidable duo with his teammate John Stockton . Utah Jazz Utah Jazz 1985 1985 NBA draft Basketball Basketball power forward Power forward (basketball) National Basketball Association National Basketball Association John Stockton John Stockton",REFUTES
Chris Pratt's most financially successful film to date was Jurassic World.,Pratt continued his leading man status with The Magnificent Seven and Passengers . leading man leading man The Magnificent Seven The Magnificent Seven (2016 film) Passengers Passengers (2016 film),SUPPORTS
"Marilyn Monroe died on August the 5th, 1962.",,SUPPORTS
Ginger Baker was inducted into the Modern Drummer Hall of Fame in 2008.,"Baker is an inductee of the Rock and Roll Hall of Fame as a member of Cream and is widely considered one of the most influential drummers of all time , recognised by his induction into the Modern Drummer Hall of Fame in 2008 , and his induction into the Classic Drummer Hall of Fame in 2016 . Rock rock music Cream Cream (band) inductee List of Rock and Roll Hall of Fame inductees Rock and Roll Hall of Fame Rock and Roll Hall of Fame Modern Drummer Modern Drummer",SUPPORTS
Julie Christie starred in Finding Neverland.,,NEI
The Communist Party of the Soviet Union was the ruling party of the United Kingdom.,"The Communist Party of the Soviet Union , abbreviated in English as CPSU , was the founding and ruling political party of the Union of Soviet Socialist Republics -LRB- USSR or Soviet Union -RRB- . Union of Soviet Socialist Republics Soviet Union",REFUTES
The Man in the High Castle is not a novel.,The Man in the High Castle -LRB- 1962 -RRB- is an alternative history novel by American writer Philip K. Dick . Philip K. Dick Philip K. Dick alternative history alternative history The Man in the High Castle The Man in the High Castle (TV series),REFUTES
"Artemis is a Hellenic goddess of wilderness, childbirth, and virginity.","In later Hellenistic times , she even assumed the ancient role of Eileithyia in aiding childbirth . Eileithyia Eileithyia childbirth childbirth",SUPPORTS
Chris Brown worked on something with Bow Wow.,"In addition to his solo commercial success , Brown has been featured on several singles such as `` No Air '' , a duet with singer Jordin Sparks , `` Shortie like Mine '' with the rapper Bow Wow and `` Shawty Get Loose '' alongside Lil Mama and T-Pain . Bow Wow Bow Wow (rapper) No Air No Air Jordin Sparks Jordin Sparks Shortie like Mine Shortie like Mine Shawty Get Loose Shawty Get Loose Lil Mama Lil Mama T-Pain T-Pain",SUPPORTS
Britney Spears is a existentialist.,,NEI
Love & Mercy (film) was unable to cast John Cusack.,"Paul Dano and John Cusack star as the young and middle-aged Wilson , respectively , with Elizabeth Banks as Wilson 's second wife Melinda Ledbetter , and Paul Giamatti as Wilson 's psychotherapist Dr. Eugene Landy . John Cusack John Cusack Paul Dano Paul Dano Elizabeth Banks Elizabeth Banks Paul Giamatti Paul Giamatti Melinda Ledbetter Melinda Ledbetter psychotherapist Psychotherapy Eugene Landy Eugene Landy",REFUTES
Steven Gerrard represented his country at three FIFA World Cups.,Zinedine Zidane and Pelé said in 2009 that they considered Gerrard to be the best footballer in the world . Zinedine Zidane Zinedine Zidane Pelé Pelé,SUPPORTS
Hamlet (1990 film) starred Mel Gibson.,"Hamlet is a 1990 drama film based on the Shakespearean tragedy of the same name , directed by Franco Zeffirelli and starring Mel Gibson as the eponymous character . Franco Zeffirelli Franco Zeffirelli Hamlet Hamlet Mel Gibson Mel Gibson drama film drama film Shakespearean William Shakespeare tragedy of the same name Hamlet eponymous character Prince Hamlet",SUPPORTS
Walter Matthau is incapable of being an actor.,"Walter Matthau -LRB- -LSB- ˈmæθaʊ -RSB- October 1 , 1920 -- July 1 , 2000 -RRB- was an American actor and comedian , best known for his role as Oscar Madison in The Odd Couple and its sequel 30 years later , The Odd Couple II , and his frequent collaborations with Odd Couple co-star Jack Lemmon , particularly in the '90s with Grumpy Old Men and its sequel Grumpier Old Men . The Odd Couple The Odd Couple (film) Grumpy Old Men Grumpy Old Men (film) Oscar Madison The Odd Couple The Odd Couple II The Odd Couple II Jack Lemmon Jack Lemmon Grumpier Old Men Grumpier Old Men",REFUTES
Brazil was inhabited by more than one financial adviser.,,NEI
Three Men and a Baby stars American actor Tom Selleck.,"Three Men and a Baby is a 1987 American comedy film directed by Leonard Nimoy , and stars Tom Selleck , Steve Guttenberg , Ted Danson and Nancy Travis . Leonard Nimoy Leonard Nimoy Tom Selleck Tom Selleck Steve Guttenberg Steve Guttenberg Ted Danson Ted Danson comedy film comedy film Nancy Travis Nancy Travis Thomas William Selleck -LRB- born January 29 , 1945 -RRB- is an American actor and film producer .",SUPPORTS
Iraq's language is Baghdad.,The official languages of Iraq are Arabic and Kurdish . Arabic Arabic Kurdish Kurdish languages,REFUTES
Tim Rice worked for any company except Walt Disney Studios.,"He is best known for his collaborations with Andrew Lloyd Webber , with whom he wrote Joseph and the Amazing Technicolor Dreamcoat , Jesus Christ Superstar , and Evita ; with Björn Ulvaeus and Benny Andersson of ABBA , with whom he wrote Chess ; for additional songs for the 2011 West End revival of The Wizard of Oz ; and for his work for Walt Disney Studios with Alan Menken -LRB- Aladdin , Beauty and the Beast , King David -RRB- , Elton John -LRB- The Lion King , Aida , The Road to El Dorado -RRB- and Ennio Morricone . Andrew Lloyd Webber Andrew Lloyd Webber Alan Menken Alan Menken Elton John Elton John Björn Ulvaeus Björn Ulvaeus Benny Andersson Benny Andersson and EGOT#Three competitive awards Joseph and the Amazing Technicolor Dreamcoat Joseph and the Amazing Technicolor Dreamcoat Jesus Christ Superstar Jesus Christ Superstar Evita Evita (musical) ABBA ABBA Chess Chess (musical) West End West End theatre The Wizard of Oz The Wizard of Oz (2011 musical) Walt Disney Studios Walt Disney Studios (Burbank) Aladdin Aladdin (1992 Disney film) Beauty and the Beast Beauty and the Beast (musical) King David King David (musical) The Lion King The Lion King Aida Aida (musical) The Road to El Dorado The Road to El Dorado Ennio Morricone Ennio Morricone",REFUTES
John Cena started his professional baking career in 1999.,,NEI
Andrew Stanton wrote 12 songs featured on the Billboard Hot 100.,,NEI
Dunkirk (2017 film) was shot on IMAX 70 mm and 70 mm large format film stock.,,REFUTES
Nicolas Cage was born in the 1960's.,"Nicolas Kim Coppola -LRB- born January 7 , 1964 -RRB- , known professionally as Nicolas Cage , is an American actor and producer .",SUPPORTS
Jackie Chan directs traffic.,,NEI
Iceland was established by the Belgian chieftain Ingólfr Arnarson.,"The island was governed as an independent commonwealth under the Althing , one of the world 's oldest functioning legislative assemblies . independent commonwealth Icelandic Commonwealth Althing Althing",REFUTES
The Nintendo Switch has multiple modes of use.,"As the Wii U had struggled to gain external support leaving it with a weak software library , Nintendo preemptively sought the support of many third-party developers and publishers to help build out the Switch 's game library alongside Nintendo 's own first-party titles , including many independent video game studios . Nintendo Nintendo Wii U Wii U third-party developers and publishers Video game developer#Third-party developers independent video game independent video game",SUPPORTS
South Park involves the illusion of motion.,,NEI
The Economic Times's readership is superior to that of the Wall Street Journal.,"First published in 1961 , it is the world 's second-most widely read English-language business newspaper , after the Wall Street Journal , with a readership of over 800,000 . newspaper newspaper Wall Street Journal Wall Street Journal",REFUTES
Prince confiscated a platinum-selling album in 2004.,,NEI
Prison Break was made by Paul Scheuring.,,NEI
"Ellyse Perry was born in Sydney, Australia.",,NEI
Detroit is in debt.,,NEI
Willie Nelson is a Gemini.,,NEI
The United States Congress has 2 billion voting members.,Congress has 535 voting members : 435 Representatives and 100 Senators .,REFUTES
The Secret Life of Us was filmed in Ireland.,,NEI
Joffrey Baratheon is played by Jack Gleeson.,,SUPPORTS
Cosmetics commonly include combs.,,NEI
Father of the Bride stars Mark Hamil.,"Father of the Bride is a 1991 American comedy film starring Steve Martin , Diane Keaton , Kimberly Williams -LRB- in her film debut -RRB- , George Newbern , Martin Short , B. D. Wong , and Kieran Culkin . Father of the Bride Father of the Bride (1950 film) Steve Martin Steve Martin Diane Keaton Diane Keaton Kimberly Williams Kimberly Williams-Paisley Martin Short Martin Short comedy film comedy film George Newbern George Newbern B. D. Wong B. D. Wong Kieran Culkin Kieran Culkin",REFUTES
The main character of an American series is name Sterling Archer.,"Sterling Malory Archer , known simply as Archer , is the titular character and the main protagonist of the American animated comedy series Archer . Archer Archer (TV series) titular character titular character animated animated comedy series comedy series",SUPPORTS
Taylor Swift is not signed to a label that specializes in country and pop artists.,"The album 's third single , `` Our Song '' , made her the youngest person to single-handedly write and perform a number-one song on the Hot Country Songs chart . Country Country music Our Song Our Song (Taylor Swift song) Hot Country Songs Hot Country Songs Big Machine Records , LLC is an independent American record label specializing in country and pop artists . pop Pop music record label record label country country music",REFUTES
Tim Rice collaborated with the French.,,NEI
Andrew Wood went to college in 1989.,,NEI
The Big Chill is an American film directed by Lawrence Kasdan.,"The Big Chill is a 1983 American comedy-drama film directed by Lawrence Kasdan , starring Tom Berenger , Glenn Close , Jeff Goldblum , William Hurt , Kevin Kline , Mary Kay Place , Meg Tilly , and JoBeth Williams . Lawrence Kasdan Lawrence Kasdan Tom Berenger Tom Berenger Glenn Close Glenn Close Jeff Goldblum Jeff Goldblum William Hurt William Hurt Kevin Kline Kevin Kline Mary Kay Place Mary Kay Place Meg Tilly Meg Tilly JoBeth Williams JoBeth Williams comedy-drama film comedy-drama",SUPPORTS
Nikita (TV series) aired on The CW.,"Nikita is an American television series that aired on The CW from September 9 , 2010 to December 27 , 2013 in the United States . The CW The CW Nikita Nikita (film)",SUPPORTS
Poppy (singer) attended an American YouTube personality school.,,NEI
"Denis Leary was born on April 12th, 1999.","Denis Colin Leary -LRB- born August 18 , 1957 -RRB- is an American actor , writer , producer , singer and comedian .",REFUTES
Paul Wesley appeared in a TV show.,,NEI
Facebook expanded to Stanford University.,"Since 2006 , anyone age 13 and older has been allowed to become a registered user of Facebook , though variations exist in the minimum age requirement , depending on applicable local laws .",SUPPORTS
David Beckham is unmarried.,,REFUTES
Urvashi Rautela is only a painter.,"Urvashi Rautela -LRB- born 25 February 1994 -RRB- is an Indian film actress and model who predominantly works in Hindi films . Hindi Bollywood Rautela was crowned She made her Bollywood debut with the film Singh Saab the Great -LRB- 2013 -RRB- followed by Sanam Re -LRB- 2016 -RRB- , Great Grand Masti -LRB- 2016 -RRB- and Kaabil -LRB- 2017 -RRB- . Singh Saab the Great Singh Saab the Great Sanam Re Sanam Re Great Grand Masti Great Grand Masti Kaabil Kaabil",REFUTES
Grace VanderWaal is a Mexican singer-songwriter.,,NEI
"Windsor, Ontario is outside Canada.",Windsor -LRB- -LSB- ˈwɪnzər -RSB- -RRB- is a city in Ontario and the southernmost city in Canada . Ontario Ontario Canada Canada,REFUTES
Absolute Beginners featured music.,,SUPPORTS
Leslie Uggams appeared in a play written by Rhett Reese and Paul Wernick.,,NEI
Queen Latifah's fifth studio album has a name.,She has long been considered one of hip-hop 's pioneer feminists .,SUPPORTS
Susan Atkins was convicted of murder.,"Susan Denise Atkins -LRB- May 7 , 1948 September 24 , 2009 -RRB- was a convicted American murderer who was a member of Charles Manson 's `` Family '' . Charles Manson Charles Manson Family Manson Family",SUPPORTS
Rob Cavallo has worked with Linkin Park.,"Primarily known for his production work with Green Day , he has also worked with Linkin Park , My Chemical Romance , Eric Clapton , the Goo Goo Dolls , the Dave Matthews Band , Kid Rock , Alanis Morissette , Black Sabbath , Phil Collins , Paramore and Meat Loaf . Green Day Green Day Linkin Park Linkin Park My Chemical Romance My Chemical Romance Eric Clapton Eric Clapton Goo Goo Dolls Goo Goo Dolls Dave Matthews Band Dave Matthews Band Kid Rock Kid Rock Alanis Morissette Alanis Morissette Black Sabbath Black Sabbath Phil Collins Phil Collins Paramore Paramore Meat Loaf Meat Loaf",SUPPORTS
Damages (TV series) premiered on FX television channel.,"It premiered on July 24 , 2007 , on FX , and aired for three seasons before moving to the DirecTV channel Audience Network in 2010 , airing for two further seasons and concluding in 2012 . FX FX (TV channel) Audience Network Audience Network DirecTV DirecTV",SUPPORTS
"As the Vietnam War raged in 1969, Yoko Ono and her husband John Lennon conducted two week-long Bed-Ins for Peace.","As the Vietnam War raged in 1969 , Yoko Ono and her husband John Lennon held two week-long Bed-Ins for Peace , one at the Hilton Hotel in Amsterdam and one at Fairmont The Queen Elizabeth in Montreal , each of which were intended to be non-violent protests against wars , and experimental tests of new ways to promote peace . Vietnam War Vietnam War Yoko Ono Yoko Ono John Lennon John Lennon Hilton Hotel Hilton Amsterdam Amsterdam Amsterdam Montreal Montreal",SUPPORTS
Don Simpson and Jerry Bruckheimer produced Top Gun.,"Simpson , along with his producing partner Jerry Bruckheimer , produced such hit films as Flashdance -LRB- 1983 -RRB- , Beverly Hills Cop -LRB- 1984 -RRB- , Top Gun -LRB- 1986 -RRB- , and The Rock -LRB- 1996 -RRB- . Jerry Bruckheimer Jerry Bruckheimer Flashdance Flashdance Beverly Hills Cop Beverly Hills Cop Top Gun Top Gun The Rock The Rock (film)",SUPPORTS
Gilmore Girls ran for multiple seasons.,"The series originally ran for seven seasons and ended its run on May 15 , 2007 .",SUPPORTS
"Rochester and Wexford, Pennsylvania is where Christina Aguilera was raised in.","Born in Staten Island , New York and raised in Rochester and Wexford , Pennsylvania , she appeared on the television series Star Search and The Mickey Mouse Club in her early years . Staten Island Staten Island New York New York (state) Rochester Rochester, Pennsylvania Star Search Star Search The Mickey Mouse Club The Mickey Mouse Club",SUPPORTS
Leonardo da Vinci spent the final years of his life in France.,"Perhaps fifteen of his paintings have survived.There are 15 significant artworks which are ascribed , either in whole or in large part , to Leonardo by most art historians .",SUPPORTS
One type of spread is honey.,,SUPPORTS
We Found Love's music video was directed by Rihanna.,"The song has been performed on both the UK and US versions of The X Factor , as well as at the 2012 Grammy Awards and the 2012 BRIT Awards . Grammy Grammy The X Factor The X Factor (TV series) 2012 Grammy Awards 2012 Grammy Awards 2012 BRIT Awards 2012 BRIT Awards",REFUTES
Kerala has a population.,"With 33,387,677 inhabitants as per the 2011 Census , Kerala is the thirteenth-largest Indian state by population and is divided into 14 districts with the capital being Thiruvananthapuram . Thiruvananthapuram Thiruvananthapuram 14 Districts of Kerala Indian state States and union territories of India 2011 Census 2011 Census of India thirteenth-largest Indian state by population List of states of India by population districts Districts of India The production of pepper and natural rubber contributes significantly to the total national output . pepper Black pepper natural rubber natural rubber The state 's coastline extends for 595 km , and around 1.1 million people in the state are dependent on the fishery industry which contributes 3 % to the state 's income . Kerala -LRB- -LSB- ˈkɛrələ -RSB- -RRB- historically known as Keralam , is an Indian state in South India on the Malabar Coast . Indian state States and union territories of India South India South India Malabar Coast Malabar Coast",SUPPORTS
Clark Gable was a stage actor.,"Gable began his career as a stage actor and appeared as an extra in silent films between 1924 and 1926 , and progressed to supporting roles with a few films for Metro-Goldwyn-Mayer in 1931 . extra Extra (acting) silent films Silent film supporting roles Supporting actor Metro-Goldwyn-Mayer Metro-Goldwyn-Mayer",SUPPORTS
Christian Bale is English and is acclaimed.,,NEI
Mark Zuckerberg has a net debt of $63.3 billion as of May 2017.,"His net worth is estimated to be US$ 63.3 billion as of May 2017 , and he is ranked by Forbes as the fifth richest person in the world . Forbes Forbes fifth richest person in the world The World's Billionaires net worth net worth",REFUTES
Pacific Blue ended in November of 2000.,"The show ran for five seasons on the USA Network , from March 2 , 1996 to April 9 , 2000 , with a total of 101 episodes . USA Network USA Network",REFUTES
Travis Barker is an anarchist.,,NEI
Robin appeared in Marvel comic books.,"Robin is the name of several fictional superheroes appearing in American comic books published by DC Comics . DC Comics DC Comics Robin #Robin monthlies Robin made regular appearances in Batman related comic books and other DC Comics publications from 1940 through the early 1980s until the character set aside the Robin identity and became the independent superhero Nightwing . DC Comics DC Comics Robin #Robin monthlies superhero superhero Batman Batman Nightwing Nightwing Following the 2011 continuity reboot `` the New 52 '' , Tim Drake was revised as having assumed the title Red Robin , and Jason Todd , operating as the Red Hood , was slowly repairing his relationship with Batman . Jason Todd Jason Todd Tim Drake Tim Drake Robin #Robin monthlies Batman Batman Red Hood Red Hood reboot reboot (fiction) the New 52 the New 52 Red Robin Red Robin (comics)",REFUTES
Grunge became commercially successful due in part to MTV.,,NEI
Peter Cetera declined to ever be a vocalist.,"Peter Paul Cetera -LRB- -LSB- səˈtɛrə -RSB- ; born September 13 , 1944 -RRB- is an American singer , songwriter , and bassist best known for being an original member of the rock band Chicago -LRB- 1967 -- 1985 -RRB- , before launching a successful solo career . Chicago Chicago (band) singer singing songwriter songwriter bassist bassist A person who sings is called a singer or vocalist .",REFUTES
Connaught Tunnel was incapable of being equipped with a better ventilation system.,,REFUTES
"Kiefer Sutherland was born on May 21st, 1966.","Kiefer William Frederick Dempsey George Rufus Sutherland -LRB- born 21 December 1966 -RRB- is a British born Canadian actor , producer , director , and singer-songwriter . British British nationality law Canadian Canadian",REFUTES
Stranger than Fiction was released in 2009.,"Stranger than Fiction is a 2006 American fantasy comedy-drama film directed by Marc Forster , produced by Lindsay Doran , and written by Zach Helm . Marc Forster Marc Forster Lindsay Doran Lindsay Doran Zach Helm Zach Helm fantasy Fantasy film comedy-drama film Comedy-drama",REFUTES
Dhool starred only actresses born in the nineteen nineties.,"The film featured Jyothika , Vikram and Reemma Sen in the lead roles , while Vivek , Sayaji Shinde , Telangana Sakunthala and Pasupathy among others play supporting roles . Jyothika Jyothika Vikram Vikram (actor) Reemma Sen Reemma Sen Vivek Vivek (actor) Sayaji Shinde Sayaji Shinde Pasupathy Pasupathy Jyothika Saravanan -LRB- née Jyothika Sadanah on 18 October 1977 -RRB- is an Indian actress who predominantly appears in Tamil films . Tamil Tamil language",REFUTES
Randy Orton was born on a date other than April 1.,"Randal Keith Orton -LRB- born April 1 , 1980 -RRB- is an American professional wrestler and actor . professional wrestler Professional wrestling",REFUTES
The Connaught Tunnel was lined only with mud and sand.,"The 5.022 mi tunnel carries the Canadian Pacific Railway main line under Mount Macdonald and replaced the railway 's previous routing over Rogers Pass , which had been struck by several deadly avalanches since its completion in 1885 . railway railway tunnel tunnel Canadian Pacific Railway Canadian Pacific Railway Mount Macdonald Mount Macdonald Rogers Pass Rogers Pass (British Columbia)",REFUTES
Malcolm Young was a backing vocalist in an Australian hard rock band.,"Malcolm Mitchell Young -LRB- born 6 January 1953 -RRB- is an Australian retired musician and songwriter , best known as a co-founder , rhythm guitarist , backing vocalist and songwriter for the hard rock band AC/DC . AC/DC AC/DC backing vocalist backing vocalist songwriter songwriter hard rock hard rock",SUPPORTS
Andy Fletcher is a soccer player.,,NEI
Victor Hugo died in 1992.,,NEI
"The Backstreet Boys launched in Orlando, Florida.",,NEI
Jamie Oliver launched a missile from Cuba in 2008.,,NEI
The Incredibles was Brad Bird's second film.,"The Incredibles is a 2004 American computer-animated superhero film written and directed by Brad Bird , produced by Pixar Animation Studios , and released by Walt Disney Pictures . Brad Bird Brad Bird Walt Disney Pictures Walt Disney Pictures Pixar Animation Studios Pixar computer-animated Computer animation superhero film superhero film In 2011 , Bird directed his first live-action film Mission : Impossible -- Ghost Protocol , which became the highest-grossing and best reviewed film of its franchise .",SUPPORTS
Coronary artery disease is unpreventable.,Procedures such as percutaneous coronary intervention -LRB- PCI -RRB- or coronary artery bypass surgery -LRB- CABG -RRB- may be used in severe disease . coronary artery bypass surgery coronary artery bypass surgery percutaneous coronary intervention percutaneous coronary intervention It makes up 15.9 % of all deaths making it the most common cause of death globally . most common cause of death most common causes of death,REFUTES
The Nintendo Switch is versatile.,"Nintendo considers the Switch a `` hybrid '' console ; it is designed primarily as a home console , with the main unit inserted onto a docking station to connect to a television . Nintendo Nintendo home console home video game console docking station docking station",SUPPORTS
The World Science Festival is a for-profit organization.,"The World Science Festival is an annual science festival produced by the World Science Foundation , a 501 -LRB- c -RRB- -LRB- 3 -RRB- non-profit organization headquartered in New York City . New York City New York City New York New York World Science Foundation World Science Foundation science festival science festival",REFUTES
Miranda Kerr is from New South Wales.,,NEI
World of Warcraft is based on Greek Mythology.,,NEI
Constantine is an American-German film.,"Constantine is a 2005 American-German occult detective action horror film directed by Francis Lawrence as his feature film directorial debut , starring Keanu Reeves as John Constantine , with Rachel Weisz , Shia LaBeouf , Tilda Swinton , Pruitt Taylor Vince , and Djimon Hounsou . Francis Lawrence Francis Lawrence Keanu Reeves Keanu Reeves Rachel Weisz Rachel Weisz Shia LaBeouf Shia LaBeouf Tilda Swinton Tilda Swinton Pruitt Taylor Vince Pruitt Taylor Vince Djimon Hounsou Djimon Hounsou occult detective Occult detective fiction action action film horror film horror film feature film directorial debut List of directorial debuts John Constantine John Constantine",SUPPORTS
Alec Baldwin won seven Screen Actors Guild Awards for 30 Rock in the 2000s.,,NEI
Evonne Goolagong Cawley played against the World No. 1 in tennis.,,NEI
Labor Pains was only released on VHS.,,REFUTES
Tommy Lee Jones has avoided acting his entire life.,"Tommy Lee Jones -LRB- born September 15 , 1946 -RRB- is an American actor and filmmaker . He has received four Academy Award nominations , winning Best Supporting Actor for his performance as U.S. Marshal Samuel Gerard in the 1993 thriller film The Fugitive . Academy Award Academy Award Best Supporting Actor Academy Award for Best Supporting Actor U.S. Marshal United States Marshal Samuel Gerard Samuel Gerard The Fugitive The Fugitive (1993 film) Early in his career , Jones first gained recognition for his contract role as Dr. Mark Toland on the soap opera One Life to Live for six years . Dr. Mark Toland Mark Toland One Life to Live One Life to Live",REFUTES
Coca is grown as a drug.,,NEI
Benin is highly dependent on hunting.,"Benin is a tropical nation , highly dependent on agriculture , with substantial employment and income arising from subsistence farming . tropical tropical agriculture agriculture subsistence farming subsistence agriculture",REFUTES
Elton John is an occultist.,,NEI
The action comedy film Baby Driver starred the American actor Jon Bernthal.,"Baby Driver is a 2017 British -- American action comedy film written and directed by Edgar Wright , and starring Ansel Elgort , Kevin Spacey , Lily James , Jon Bernthal , Eiza González , Jon Hamm and Jamie Foxx . Edgar Wright Edgar Wright Ansel Elgort Ansel Elgort Kevin Spacey Kevin Spacey Lily James Lily James Jon Bernthal Jon Bernthal Eiza González Eiza González Jon Hamm Jon Hamm Jamie Foxx Jamie Foxx action action film comedy film comedy film",SUPPORTS
Emily Ratajkowski was raised in Ohio.,"Born to American parents in London and raised primarily in California , she rose to prominence in 2013 after appearing in the music video for Robin Thicke 's `` Blurred Lines '' , which became the number one song of the year in several countries and attracted controversy over its purportedly sexist content . Robin Thicke Robin Thicke Blurred Lines Blurred Lines",REFUTES
Baahubali: The Beginning is based on the writings of S. S. Rajamouli.,,NEI
Yelp only expanded throughout Ireland.,Yelp became a public company in March 2012 and became profitable for the first time two years later .,REFUTES
Jordan Spence is an English footballer.,Jordan James Spence -LRB- born 24 May 1990 -RRB- is an English footballer who plays for Ipswich Town . Ipswich Town Ipswich Town F.C. footballer association football,SUPPORTS
Alan Ladd was a television producer.,"Alan Walbridge Ladd -LRB- September 3 , 1913 -- January 29 , 1964 -RRB- was an American actor and film and television producer .",SUPPORTS
Black Mirror is a American movie.,"Black Mirror is a British science fiction television anthology series created by Charlie Brooker and centred around dark and satirical themes that examine modern society , particularly with regard to the unanticipated consequences of new technologies . Charlie Brooker Charlie Brooker science fiction science fiction anthology series anthology series The show was first broadcast on the British Channel 4 , in 2011 . Channel 4 Channel 4 In September 2015 , Netflix commissioned a third season of 12 episodes . Netflix Netflix The commissioned episodes were later divided into two seasons of six episodes ; the third season was released on Netflix worldwide on 21 October 2016 . Netflix Netflix Episodes are standalone works , usually set in an alternative present or the near future . set setting (narrative) alternative present alternative history",REFUTES
Joy (entertainer) is a member of Red Velvet.,She is a member of the K-pop girl group Red Velvet . K-pop K-pop Red Velvet Red Velvet (band),SUPPORTS
"Brentwood, Los Angeles is the home of two public libraries.",,NEI
Margot Kidder performed on a television series for children.,"She has also advocated the use of orthomolecular medicine , which she credits as having helped treat her bipolar disorder . orthomolecular medicine orthomolecular medicine bipolar disorder bipolar disorder",REFUTES
Glee failed to ever be nominated for any awards.,"The sixth and final season of the Fox musical comedy-drama television series Glee was commissioned on April 19 , 2013 , along with the fifth season , as part of a two-season renewal deal for the show on the Fox network . Fox Fox Broadcasting Company comedy-drama comedy-drama Glee Glee (TV series)",REFUTES
"Welcome Back (film) features an Indian model, writer, and filmmaker.",,NEI
Adele has an album called Hello.,,NEI
American Broadcasting Company reduced its broadcasting operations prior to 2007.,"ABC originally launched on October 12 , 1943 , as a radio network , separated from and serving as the successor to the NBC Blue Network , which had been purchased by Edward J. Noble . Edward J. Noble Edward John Noble Blue Network Blue Network NBC Blue Network Blue Network radio network radio network NBC NBC",REFUTES
Dwayne Douglas Johnson is only a German actor.,"Dwayne Douglas Johnson -LRB- born May 2 , 1972 -RRB- , also known by his ring name , The Rock , is an American actor , producer , and professional wrestler . ring name ring name He holds both American and Canadian citizenships . both Citizenship_of_the_United_States#Dual_citizenship This led him to become a professional wrestler like his grandfather , Peter Maivia , and his father , Rocky Johnson , from whom he also inherited his Canadian citizenship . Rocky Johnson Rocky Johnson Peter Maivia Peter Maivia",REFUTES
The Council on Foreign Relations specializes in international affairs.,"The Council on Foreign Relations -LRB- CFR -RRB- , founded in 1921 , is a United States nonprofit think tank specializing in U.S. foreign policy and international affairs . think tank think tank United States United States nonprofit nonprofit foreign policy foreign policy international affairs International relations",SUPPORTS
No single industry in Chicago employs over 14% of the total workforce.,,NEI
T-Pain is an American citizen.,"Faheem Rashad Najm -LRB- born September 30 , 1985 -RRB- , better known by his stage name T-Pain , is an American rapper , singer , songwriter and record producer from Tallahassee , Florida .",SUPPORTS
DVD was one of the formats that Divergent was released on.,,SUPPORTS
Patriot Act was honored for the power given to law enforcement officers.,,NEI
Robin Thicke only collaborates with male artists.,"He rose to international fame in 2013 with his single `` Blurred Lines '' , which reached number one on the US Billboard Hot 100 . US American nationality law Blurred Lines Blurred Lines Brandy Rayana Norwood -LRB- born February 11 , 1979 -RRB- , known professionally as Brandy , is an American singer , songwriter , record producer and actress . Christina María Aguilera -LRB- born December 18 , 1980 -RRB- is an American singer , songwriter , actress and television personality . Jennifer Kate Hudson -LRB- born September 12 , 1981 -RRB- is an American singer , actress and spokesperson . Kimberly Michelle Pate , better known by her stage name K. Michelle , is an American R&B singer , songwriter , television personality , guitarist and pianist . R&B Contemporary R&B singer singer songwriter songwriter television personality television personality American United States guitarist guitarist pianist pianist",REFUTES
Stevie Ray Vaughan was voted Best New Talent by readers of Guitar Player in 1997.,,REFUTES
The X Factor is American.,The X Factor is a British television music competition to find new singing talent . The X Factor The X Factor (UK TV series) British television British television,REFUTES
The Council on Foreign Relations is also known as the CFR.,"The Council on Foreign Relations -LRB- CFR -RRB- , founded in 1921 , is a United States nonprofit think tank specializing in U.S. foreign policy and international affairs . think tank think tank United States United States nonprofit nonprofit foreign policy foreign policy international affairs International relations The CFR promotes globalization , free trade , reducing financial regulations on transnational corporations , and economic consolidation into regional blocs such as NAFTA or the European Union , and develops policy recommendations that reflect these goals . globalization globalization free trade free trade transnational corporations transnational corporations NAFTA NAFTA European Union European Union",SUPPORTS
King Kong was produced by Peter Jackson in 2005.,"King Kong is a 2005 epic monster adventure film co-written , produced , and directed by Peter Jackson . Peter Jackson Peter Jackson King Kong King Kong (1933 film) epic Epic film monster Monster film adventure film adventure film",SUPPORTS
The Smurfs is a story in a visual medium.,The Smurfs is a 2011 American 3D live-action/computer-animated comedy film loosely based on the comic book series of the same name created by the Belgian comics artist Peyo . The Smurfs The Smurfs (film series) Peyo Peyo 3D 3D film live-action live-action computer-animated computer-animated comedy film comedy film comic book series of the same name The Smurfs (comics) Belgian Belgium,SUPPORTS
Martina Navratilova is Danish.,"Martina Navratilova -LRB- Martina Navrátilová -LSB- ˈmarcɪna ˈnavraːcɪlovaː -RSB- ; born Martina Šubertová -LSB- ˈmarcɪna ˈʃubɛrtovaː -RSB- ; October 18 , 1956 -RRB- is a Czech and American retired tennis player and coach . tennis tennis Czech Czech republic",REFUTES
"During 2012, Adele was inactive with creating music.","25 was her second album to be certified diamond in the US and earned her five Grammy Awards , including her second Grammy Award for Album of the Year , and four Brit Awards . Brit Awards 2012 Brit Awards Grammy Awards 54th Annual Grammy Awards Album of the Year Grammy Award for Album of the Year certified diamond RIAA certification#RIAA Diamond certifications Grammy Award Grammy Award for Best Song Written for Visual Media 25 25 (Adele album) five Grammy Awards 59th Annual Grammy Awards four Brit Awards 2016 Brit Awards",REFUTES
Ruth Negga has acted in a critically acclaimed movie.,,NEI
Gucci is a fashion brand.,"Gucci -LRB- -LSB- guːtʃi -RSB- -LSB- ˈɡuttʃi -RSB- -RRB- is an Italian luxury brand of fashion and leather goods , part of the Gucci Group , which is owned by the French holding company Kering . Kering Kering Italian Italian culture luxury Luxury goods fashion fashion leather leather holding company holding company",SUPPORTS
Mill Jovovich participated in a mass uprising.,,NEI
George H. W. Bush has been active.,,SUPPORTS
Tim Rice wrote Chess with Bjorn Ulvaeus.,"He is best known for his collaborations with Andrew Lloyd Webber , with whom he wrote Joseph and the Amazing Technicolor Dreamcoat , Jesus Christ Superstar , and Evita ; with Björn Ulvaeus and Benny Andersson of ABBA , with whom he wrote Chess ; for additional songs for the 2011 West End revival of The Wizard of Oz ; and for his work for Walt Disney Studios with Alan Menken -LRB- Aladdin , Beauty and the Beast , King David -RRB- , Elton John -LRB- The Lion King , Aida , The Road to El Dorado -RRB- and Ennio Morricone . Andrew Lloyd Webber Andrew Lloyd Webber Alan Menken Alan Menken Elton John Elton John Björn Ulvaeus Björn Ulvaeus Benny Andersson Benny Andersson and EGOT#Three competitive awards Joseph and the Amazing Technicolor Dreamcoat Joseph and the Amazing Technicolor Dreamcoat Jesus Christ Superstar Jesus Christ Superstar Evita Evita (musical) ABBA ABBA Chess Chess (musical) West End West End theatre The Wizard of Oz The Wizard of Oz (2011 musical) Walt Disney Studios Walt Disney Studios (Burbank) Aladdin Aladdin (1992 Disney film) Beauty and the Beast Beauty and the Beast (musical) King David King David (musical) The Lion King The Lion King Aida Aida (musical) The Road to El Dorado The Road to El Dorado Ennio Morricone Ennio Morricone",REFUTES
Ramayanam was produced by Gunasekhar,Ramayanam is a 1996 mythological Telugu film directed by Gunasekhar and produced by M. S. Reddy . Gunasekhar Gunasekhar M. S. Reddy M. S. Reddy mythological mythological Telugu film Telugu film,REFUTES
Lisa Kudrow was in Analyze This.,,SUPPORTS
Brían F. O'Byrne appears in No Reservations.,"Patricia Clarkson , Bob Balaban and Jenny Wade co-star , with Brían F. O'Byrne , Lily Rabe , and Zoe Kravitz -- appearing in her first feature film -- playing supporting roles . Patricia Clarkson Patricia Clarkson Bob Balaban Bob Balaban Jenny Wade Jenny Wade (actress) Brían F. O'Byrne Brían F. O'Byrne Lily Rabe Lily Rabe Zoe Kravitz Zoe Kravitz feature film feature film",SUPPORTS
There are zero actors in Pitch Perfect 3.,"A sequel to 2015 's Pitch Perfect 2 and the third installment in the Pitch Perfect series , the film will star Anna Kendrick , Anna Camp , Rebel Wilson , Brittany Snow , Hailee Steinfeld , Alexis Knapp , Ester Dean , Hana Mae Lee , Chrissie Fit , Kelley Jakle , and Shelley Regner as the Bellas and Elizabeth Banks and John Michael Higgins . Elizabeth Banks Elizabeth Banks Anna Kendrick Anna Kendrick Rebel Wilson Rebel Wilson Brittany Snow Brittany Snow Anna Camp Anna Camp Hailee Steinfeld Hailee Steinfeld Alexis Knapp Alexis Knapp Ester Dean Ester Dean Hana Mae Lee Hana Mae Lee Chrissie Fit Chrissie Fit Kelley Jakle Kelley Jakle Shelley Regner Shelley Regner John Michael Higgins John Michael Higgins Pitch Perfect 2 Pitch Perfect 2 Pitch Perfect Pitch Perfect (film series)",REFUTES
Stevie Nicks released an album that reached platinum status.,,SUPPORTS
Arya Stark wields a named weapon.,"Her performance has garnered critical acclaim , particularly in the second season for her work opposite veteran actor Charles Dance -LRB- Tywin Lannister -RRB- when she served as his cupbearer . second season Game of Thrones (season 2) Charles Dance Charles Dance Tywin Lannister Tywin Lannister",SUPPORTS
Kong: Skull Island takes place in Jupiter.,"The film follows a team of scientists and Vietnam War soldiers who travel to an uncharted island in the Pacific and encounter terrifying creatures and the mighty Kong . Vietnam War Vietnam War Vietnam Vietnam Kong : Skull Island is a 2017 American action-adventure monster film directed by Jordan Vogt-Roberts and written by Dan Gilroy , Max Borenstein and Derek Connolly , from a story by John Gatins . Jordan Vogt-Roberts Jordan Vogt-Roberts Dan Gilroy Dan Gilroy Max Borenstein Max Borenstein Derek Connolly Derek Connolly John Gatins John Gatins action-adventure action-adventure monster film monster movie",REFUTES
Home Alone is comprised of the narrative conflict of a young boy who's been left behind by his family when they go to Paris.,,NEI
Richard Curtis is the co-founder of a company with a name.,He is also the co-founder of the British charity Comic Relief along with Sir Lenny Henry . Comic Relief Comic Relief Sir Lenny Henry Sir Lenny Henry,SUPPORTS
Ancient Egypt was a place.,"Ancient Egypt was a civilization of ancient Northeastern Africa , concentrated along the lower reaches of the Nile River in the place which is now the country Egypt . civilization civilization ancient Ancient history Northeastern Africa Northeast Africa Nile River Nile Egypt Egypt Egyptian civilization followed prehistoric Egypt and coalesced around 3150 BC -LRB- according to conventional Egyptian chronology -RRB- with the political unification of Upper and Lower Egypt under the first pharaoh , Narmer -LRB- commonly referred to as Menes -RRB- . civilization civilization Egypt Egypt prehistoric Egypt prehistoric Egypt conventional Egyptian chronology conventional Egyptian chronology Upper and Lower Egypt Upper and Lower Egypt pharaoh pharaoh Narmer Narmer Menes Menes It is one of six historic civilizations to arise independently . six historic civilizations Cradle of civilization The history of ancient Egypt occurred as a series of stable kingdoms , separated by periods of relative instability known as Intermediate Periods : the Old Kingdom of the Early Bronze Age , the Middle Kingdom of the Middle Bronze Age and the New Kingdom of the Late Bronze Age . ancient Ancient history Egypt Egypt history of ancient Egypt history of ancient Egypt Old Kingdom Old Kingdom of Egypt Early Bronze Age Early Bronze Age Middle Kingdom Middle Kingdom of Egypt Middle Bronze Age Middle Bronze Age New Kingdom New Kingdom of Egypt Late Bronze Age Late Bronze Age",SUPPORTS
Florida is bordered by only land.,The climate varies from subtropical in the north to tropical in the south . subtropical subtropical tropical tropical,REFUTES
Kelogenic diet contain nutrients.,,NEI
Father of the Bride only has a cameo by B. D. Wong.,,NEI
Diego Costa is a professional footballer.,"Diego da Silva Costa -LRB- -LSB- ˈdjeɣo ða ˈsilβa ˈkosta -RSB- , -LSB- ˈdʒjeɡu dɐ ˈsiwvɐ ˈkɔstɐ -RSB- ; born 7 October 1988 -RRB- , is a professional footballer who plays as a striker for English club Chelsea and the Spain national team . Chelsea Chelsea F.C. Spain Spain national football team footballer Association football striker Forward (association football)#Striker Spain national team Spain national football team The Brazil national football team -LRB- Seleção Brasileira de Futebol -RRB- represents Brazil in international men 's association football . Brazil Brazil football Football at the Summer Olympics association football association football He made his debut for his adopted nation in March 2014 , and represented them at the 2014 FIFA World Cup . 2014 FIFA World Cup 2014 FIFA World Cup The EFL Cup , or simply the League Cup , is an annual knockout football competition in men 's domestic English football . knockout Single-elimination tournament football association football English football Football in England Internationally , Costa played twice for his native Brazil in 2013 , but later declared his desire to represent Spain , having been granted Spanish citizenship in September 2013 . Brazil Brazil national football team Spain Spain national football team Spanish citizenship Spanish nationality law",SUPPORTS
BYD Auto is an automobile company.,"BYD Auto Co. , Ltd. is a Chinese automobile manufacturer based in Xi'an , Shaanxi Province , and a wholly owned subsidiary of BYD Company . Xi'an Xi'an Shaanxi Shaanxi Province automobile manufacturer automobile manufacturer Shaanxi Province Shaanxi Province BYD Company BYD Company Its principal activity is the design , development , manufacture and distribution of passenger cars and buses sold under the BYD brand . For a second year running , BYD was the world 's top selling plug-in electric car manufacturer with over 100,000 units delivered in 2016 , followed by Tesla , Inc. . electric car electric car In October 2016 , BYD Auto became the all-time second largest global plug-in car manufacturer after the Renault-Nissan Alliance . Nissan Nissan Renault-Nissan Alliance Renault-Nissan Alliance",SUPPORTS
The Boeing 707 is a large-sized jet airliner.,"The Boeing 707 is a mid-sized , long-range , narrow-body , four-engine jet airliner built by Boeing Commercial Airplanes from 1958 to 1979 . narrow-body Narrow-body aircraft jet airliner jet airliner Boeing Commercial Airplanes Boeing Commercial Airplanes",REFUTES
Matt Damon is a French bulldog.,"Matthew Paige Damon -LRB- -LSB- ˈdeɪmən -RSB- born October 8 , 1970 -RRB- is an American actor , film producer , and screenwriter .",REFUTES
Reddit had 82.54 billion criticisms in 2015.,Condé Nast Publications acquired the site in October 2006 . Condé Nast Publications Condé Nast Publications,REFUTES
Connie Britton was nominated for a SAG award.,,NEI
The estimated GDP of Lahore is $58.14 Billion.,"Lahore is ranked as a beta - world city , and is one of Pakistan 's wealthiest cities with an estimated GDP of $ 58.14 billion -LRB- PPP -RRB- as of 2014 . Pakistan Pakistan city city PPP Purchasing power parity",SUPPORTS
As the World Turns debuted on NBC.,"As the World Turns -LRB- often referred to as ATWT -RRB- is an American television soap opera that aired on CBS for 54 years from April 2 , 1956 , to September 17 , 2010 . CBS CBS American United States television television soap opera soap opera",REFUTES
Sue Vertue produced a British sitcom.,"Susan `` Sue '' Nicola Vertue -LRB- born 21 September 1960 in Surrey -RRB- is an English television producer , mainly of comedy shows , including Mr. Bean and Coupling . Surrey Surrey Mr. Bean Mr. Bean Coupling Coupling (UK TV series) Coupling is a British television sitcom written by Steven Moffat that aired on BBC2 from 12 May 2000 to 14 June 2004 . Steven Moffat Steven Moffat sitcom sitcom BBC2 BBC Two",SUPPORTS
Glenn Frey is a dancer.,,NEI
Brian Wilson was a member of the Killers.,,NEI
Persuasion (2007 film) premiered in 2009.,,REFUTES
Earl Warren died in July.,"Earl Warren -LRB- March 19 , 1891 -- July 9 , 1974 -RRB- was an American jurist and politician , who served as the 30th Governor of California -LRB- 1943 -- 1953 -RRB- and later the 14th Chief Justice of the United States -LRB- 1953 -- 1969 -RRB- . Chief Justice of the United States Chief Justice of the United States 30th List of Governors of California Governor of California Governor of California California California",SUPPORTS
Danny Glover has a prominent supporting role in Predator 2 (1990).,"He also has prominent supporting roles in Silverado -LRB- 1985 -RRB- , Witness -LRB- 1985 -RRB- , Predator 2 -LRB- 1990 -RRB- , Saw -LRB- 2004 -RRB- , Shooter -LRB- 2007 -RRB- , 2012 -LRB- 2009 -RRB- , Death at a Funeral -LRB- 2010 -RRB- , Beyond the Lights -LRB- 2014 -RRB- , and Dirty Grandpa -LRB- 2016 -RRB- . Silverado Silverado (film) Witness Witness (1985 film) Predator 2 Predator 2 Saw Saw (2004 film) Shooter Shooter (2007 film) 2012 2012 (film) Death at a Funeral Death at a Funeral (2010 film) Beyond the Lights Beyond the Lights Dirty Grandpa Dirty Grandpa",SUPPORTS
Saskatchewan is bordered on the east by a western province of Canada.,"Residents primarily live in the southern prairie half of the province , while the northern boreal half is mostly forested and sparsely populated . prairie Canadian Prairies boreal Boreal forest of Canada province Provinces and territories of Canada Manitoba -LRB- -LSB- mænᵻˈtoʊbə -RSB- -RRB- is a province at the longitudinal centre of Canada . province Provinces and territories of Canada longitudinal centre Centre of Canada Canada Canada",REFUTES
Marti Noxon wrote a scathing review of the 2017 American dramatic film To the Bone.,,NEI
Harry Potter is a TV series.,"Harry Potter is a series of fantasy novels written by British author J. K. Rowling . J. K. Rowling J. K. Rowling fantasy novels fantasy literature Harry Potter Harry Potter (character) fantasy fantasy They have attracted a wide adult audience as well as younger readers , and are often considered cornerstones of modern young adult literature . The series was originally published in English by two major publishers , Bloomsbury in the United Kingdom and Scholastic Press in the United States . Scholastic Scholastic Corporation Bloomsbury Bloomsbury Publishing Scholastic Press Scholastic Corporation A play , Harry Potter and the Cursed Child , based on a story co-written by Rowling , premiered in London on 30 July 2016 at the Palace Theatre , and its script was published by Little , Brown as the eighth book in the series . Harry Potter Harry Potter (character) Harry Potter and the Cursed Child Harry Potter and the Cursed Child Palace Theatre Palace Theatre, London",REFUTES
Emilio Estevez has worked with other actors.,"He started his career as an actor and is well known for being a member of the acting Brat Pack of the 1980s , starring in The Breakfast Club , St. Elmo 's Fire , and also acting in the 1983 hit movie The Outsiders . Brat Pack Brat Pack (actors) The Breakfast Club The Breakfast Club The Outsiders The Outsiders (film) The Breakfast Club is a 1985 American coming-of-age comedy-drama film written , produced , and directed by John Hughes , starring Emilio Estevez , Paul Gleason , Anthony Michael Hall , Judd Nelson , Molly Ringwald and Ally Sheedy . John Hughes John Hughes (filmmaker) Emilio Estevez Emilio Estevez Paul Gleason Paul Gleason Anthony Michael Hall Anthony Michael Hall Judd Nelson Judd Nelson Molly Ringwald Molly Ringwald Ally Sheedy Ally Sheedy coming-of-age coming-of-age story comedy-drama film Comedy-drama He is also known for Repo Man , The Mighty Ducks and its sequels , Stakeout , Maximum Overdrive , Bobby -LRB- which he also wrote and directed -RRB- , and his performances in Western films such as Young Guns and its sequel . Repo Man Repo Man (1984 film) The Mighty Ducks The Mighty Ducks Stakeout Stakeout (1987 film) Maximum Overdrive Maximum Overdrive Bobby Bobby (2006 film) Young Guns Young Guns (film) its sequel Young Guns II The film stars Emilio Estevez , Pat Hingle , Laura Harrington , and Yeardley Smith . Emilio Estevez Emilio Estevez Pat Hingle Pat Hingle Laura Harrington Laura Harrington film film Yeardley Smith Yeardley Smith The Brat Pack is a nickname given to a group of young actors who frequently appeared together in teen-oriented coming-of-age films in the 1980s . coming-of-age films :Category:Coming-of-age films",SUPPORTS
True Detective is a crime drama on HBO.,"True Detective is an American anthology crime drama television series created and written by Nic Pizzolatto . Detective Detective fiction Nic Pizzolatto Nic Pizzolatto anthology Anthology series crime Crime fiction drama drama The series , broadcast by the premium cable network HBO in the United States , premiered on January 12 , 2014 . HBO HBO",SUPPORTS
Shraddha Kapoor is part of a film industry,"Shraddha Kapoor -LRB- born 3 March 1987 -RRB- is an Indian actress and singer who is noted for her work in Bollywood films . Bollywood Bollywood Bollywood is the sobriquet for India 's Hindi language film industry , based in the city of Mumbai , Maharashtra . India India sobriquet sobriquet Hindi language Hindi Mumbai Mumbai Maharashtra Maharashtra The daughter of actor Shakti Kapoor , she began her acting career with a brief role in the 2010 heist film Teen Patti and followed it with her first leading role in the teen drama Luv Ka The End -LRB- 2011 -RRB- . Shakti Kapoor Shakti Kapoor Teen Patti Teen Patti (film) Luv Ka The End Luv Ka The End She established herself as one of the high-profile actresses in Bollywood with starring roles in the romantic thriller Ek Villain -LRB- 2014 -RRB- , the dance drama ABCD 2 -LRB- 2015 -RRB- , the action drama Baaghi -LRB- 2016 -RRB- and the romantic drama Half Girlfriend -LRB- 2017 -RRB- , all of which rank among her biggest commercial successes . Baaghi Baaghi (2016 film) Bollywood Bollywood Ek Villain Ek Villain ABCD 2 ABCD 2 Half Girlfriend Half Girlfriend (film) The Filmfare Awards are presented annually by The Times Group to honour both artistic and technical excellence of professionals in the Hindi language film industry of India . Filmfare Filmfare The Times Group The Times Group Hindi language film industry Bollywood India India",SUPPORTS
Anna Kendrick acted in a 2010 musical comedy.,"In 2016 , Kendrick published her memoir , Scrappy Little Nobody . Scrappy Little Nobody Scrappy Little Nobody Pitch Perfect is a 2012 American musical comedy film directed by Jason Moore . Jason Moore Jason Moore (director) musical Musical film comedy film comedy film",REFUTES
Emma is based on a Dostoevsky novel.,,NEI
Rich Girl (Gwen Stefani song) was certified gold in 2012.,,NEI
Avengers: Age of Ultron features the eponymous team of superheroes.,"Avengers : Age of Ultron is a 2015 American superhero film based on the Marvel Comics superhero team the Avengers , produced by Marvel Studios and distributed by Walt Disney Studios Motion Pictures . Marvel Studios Marvel Studios superhero film superhero film Marvel Comics Marvel Comics Avengers Avengers (comics) Walt Disney Studios Motion Pictures Walt Disney Studios Motion Pictures Ultron Ultron",SUPPORTS
Nina Simone had financial backing to study.,,NEI
Transformers: Dark of the Moon is a TV show.,Transformers : Dark of the Moon is a 2011 American science fiction action film directed by Michael Bay and based on the toy line of the same name created by Hasbro . Michael Bay Michael Bay Transformers Transformers Hasbro Hasbro science fiction science fiction film action film action film toy line of the same name Transformers (toy line),REFUTES
Islam didn't have a prophet named Muhammad.,"الإسلام , -LSB- alʔisˈlaːm -RSB- -RRB- is an Abrahamic monotheistic religion which professes that there is only one and incomparable God -LRB- Allah -RRB- and that Muhammad is the last messenger of God . Abrahamic Abrahamic religions monotheistic monotheism religion religion one and incomparable God Tawhid Allah Allah Muhammad Muhammad last messenger Khatam an-Nabiyyin God God in Islam Muḥammad ibn ʿAbd AllāhFull name : Abū al-Qāsim Muḥammad ibn ʿAbd Allāh ibn ʿAbd al-Muṭṭalib ibn Hāshim -LRB- ابو القاسم محمد ابن عبد الله ابن عبد المطلب ابن هاشم , lit : Father of Qasim Muhammad son of Abd Allah son of Abdul-Muttalib son of Hashim -RRB- -LRB- محمد -LSB- muħammad -RSB- ; Classical Arabic pronunciation c. 570 CE -- 8 June 632 CE -RRB- is the prophet of Islam and widely identified as its founder by non-Muslims . Qasim Qasim ibn Muhammad Abdul-Muttalib Abdul-Muttalib Hashim Hashim ibn 'Abd Manaf Abd Allah Abd Allah ibn Abd al Muttalib Islam Islam",REFUTES
David Bowie sold singles around the world.,,NEI
Stanley Kubrick was South African.,"Stanley Kubrick -LRB- -LSB- ˈkuːbrɪk -RSB- July 26 , 1928 -- March 7 , 1999 -RRB- was an American film director , screenwriter , producer , cinematographer , editor , and photographer . cinematographer cinematographer editor film editing",REFUTES
Joan of Arc was French.,"Joan of Arc -LRB- Jeanne d'Arc , -LSB- ʒan daʁk -RSB- ; 6 January c. 1412 -- 30 May 1431 -RRB- , nicknamed `` The Maid of Orléans '' -LRB- La Pucelle d'Orléans -RRB- , is considered a heroine of France for her role during the Lancastrian phase of the Hundred Years ' War and was canonized as a Roman Catholic saint . Lancastrian phase Hundred Years' War (1415–53) Roman Catholic saint Roman Catholic saint canonized Canonization Joan of Arc was born to Jacques d'Arc and Isabelle Romée , a peasant family , at Domrémy in north-east France . Domrémy Domrémy-la-Pucelle Jacques d'Arc Jacques d'Arc Isabelle Romée Isabelle Romée peasant peasant",SUPPORTS
The largest urban area of Australia is the first city in Australia and Oceania.,,NEI
Carrie Fisher worked on a ranch.,,NEI
Rosamund Pike worked with David Yates.,,NEI
Feels So Good was released as a rock song.,,NEI
Bile contains bilirubin.,"Its subsequent breakdown products , such as stercobilin , cause the brown color of feces . stercobilin stercobilin feces feces",SUPPORTS
Leicester City F.C. won a title in 1984.,,NEI
Kiiara is a singer.,"Kiara Saulters -LRB- born May 24 , 1995 -RRB- , known professionally as Kiiara , is an American singer and songwriter from Wilmington , Illinois .",SUPPORTS
Cara Delevingne is incapable of having major roles.,,NEI
Kumkum Bhagya is broadcast on Cambodian television.,"and is broadcast on weeknights on Zee TV . Zee TV Zee TV Zee TV is an Indian cable and satellite television channel owned and operated by Zee Entertainment Enterprises , a media and entertainment company based in Mumbai , Maharashtra . Zee Entertainment Enterprises Zee Entertainment Enterprises Mumbai Mumbai Maharashtra Maharashtra cable Cable television satellite Satellite television television channel television channel",REFUTES
Lily Collins has been near Marti Noxon.,,SUPPORTS
Chris Pratt starred in a science-fiction adventure film.,,NEI
Adam Sandler voice acted in his car.,,NEI
Marcus Allen was on a college board of directors.,,NEI
Napoleon was not born in Corsica.,"Seizing the new opportunities presented by the Revolution , he rapidly rose through the ranks of the military , becoming a general at age 24 .",REFUTES
Amy Adams is an American singer.,"Amy Lou Adams -LRB- born August 20 , 1974 -RRB- is an American actress and singer .",SUPPORTS
Rafael Nadal is a female tennis player.,"He is widely regarded as the greatest clay-court player in history , and owing to his dominance and success on the surface , he has been called `` The King of Clay '' . clay-court clay court His evolution into an all-court threat has established him as one of the greatest players in tennis history , with some considering Nadal to be the greatest male player of all time . tennis tennis He is the second male player , after Andre Agassi , to complete the singles Career Golden Slam . Andre Agassi Andre Agassi Career Golden Slam Grand Slam (tennis)#Career Golden Slam In 2011 , Nadal was named the Laureus World Sportsman of the Year . 2011 2011 Davis Cup Laureus World Sportsman of the Year Laureus World Sports Award for Sportsman of the Year The left-hander is the sixth player in the Open Era to reach more than 100 finals on the ATP World Tour . Open Era Open Era",REFUTES
Gabourey Sidibe is a Canadian citizen.,,NEI
"AC/DC is the seventh most discussed ""Greatest Heavy Metal Band of All Time"" by MTV.",,NEI
Ringo Starr played a major role in the Beatles' breakup.,,NEI
Crash starred an actor.,,SUPPORTS
"Tyler, The Creator owns a furniture company.",,NEI
Despicable Me is not a comedy film.,"Despicable Me is a 2010 American 3D computer-animated comedy film from Universal Pictures and Illumination Entertainment that was released on July 9 , 2010 in the United States . Illumination Entertainment Illumination Entertainment Universal Pictures Universal Pictures computer-animated Computer animation comedy film comedy film",REFUTES
Buddhism encompasses a variety of things.,"Buddhism -LRB- -LSB- pronˈbʊdɪzəm -RSB- or -LSB- ˈbuːdɪzəm -RSB- -RRB- is an Indian religion and dharma that encompasses a variety of traditions , beliefs and spiritual practices largely based on teachings attributed to the Buddha . Indian religion Indian religions dharma dharma teachings Original Teachings of the Buddha the Buddha Gautama Buddha Buddha Gautama Buddha",SUPPORTS
Billy Joel released zero songs in 2007.,,REFUTES
A Game of Thrones won the 1997 Locus Award before it lit on fire.,,NEI
Beauty Shop features a person who sings.,"The film serves as a spin-off of the Barbershop film franchise , and stars Queen Latifah as Gina , a character first introduced in the 2004 film Barbershop 2 : Back in Business . Queen Latifah Queen Latifah spin-off Spin-off (media) Barbershop Barbershop (film) Dana Elaine Owens -LRB- born March 18 , 1970 -RRB- , known professionally by her stage name Queen Latifah , is an American rapper , songwriter , singer , actress , model , television producer , record producer , and talk show host . stage name stage name American United States rapper Rapping songwriter songwriter singer singer actress actress model Model (person) television producer television producer record producer record producer",SUPPORTS
The Joker is a setting.,"The Joker is a fictional supervillain created by Bill Finger , Bob Kane , and Jerry Robinson who first appeared in the debut issue of the comic book Batman -LRB- April 25 , 1940 -RRB- published by DC Comics . DC Comics DC Comics Batman Batman (1989 film) Bill Finger Bill Finger Bob Kane Bob Kane Jerry Robinson Jerry Robinson supervillain supervillain comic book American comic book",REFUTES
Boston was a center for disease control.,,NEI
James McAvoy is a singer.,,NEI
The Red Hot Chili Peppers were founded in 1992.,"Red Hot Chili Peppers , also sometimes shortened to The Chili Peppers or abbreviated as RHCP , are an American alternative rock/funk rock band formed in Los Angeles in 1983 . alternative rock alternative rock funk rock funk rock Los Angeles Los Angeles funk funk As a result of his friend 's death , Irons chose to leave the group . After short-lived replacements at guitar and drums , John Frusciante and Chad Smith joined in 1988 . Chad Smith Chad Smith John Frusciante John Frusciante In 1990 , the group signed with Warner Bros. . Records and recorded the album Blood Sugar Sex Magik -LRB- 1991 -RRB- under producer Rick Rubin . Blood Sugar Sex Magik Blood Sugar Sex Magik Rick Rubin Rick Rubin",REFUTES
John Glenn was an astronaut for NASA.,"He received the NASA Distinguished Service Medal , the Congressional Space Medal of Honor in 1978 , was inducted into the U.S. Astronaut Hall of Fame in 1990 , and was the last surviving member of the Mercury Seven . Congressional Space Medal of Honor Congressional Space Medal of Honor NASA Distinguished Service Medal NASA Distinguished Service Medal NASA NASA Mercury Seven Mercury Seven U.S. Astronaut Hall of Fame U.S. Astronaut Hall of Fame An injury in early 1964 forced his withdrawal , and he lost a close primary election in 1970 . primary election Primary elections in the United States The United States Astronaut Hall of Fame , located just south of Titusville , Florida , honored American astronauts and featured the world 's largest collection of their personal memorabilia , focusing on those astronauts who have been inducted into the Hall ; as well as Sigma 7 , the fifth manned Mercury spacecraft . astronauts astronauts Sigma 7 Mercury-Atlas 8 Mercury Project Mercury spacecraft spacecraft Before joining NASA , Glenn was a distinguished fighter pilot in World War II and Korea with six Distinguished Flying Crosses and eighteen clusters on his Air Medal . World War II World War II Air Medal Air Medal NASA NASA fighter pilot fighter pilot Korea Korean War Distinguished Flying Crosses Distinguished Flying Cross (United States) clusters Oak leaf cluster The Mercury Seven were the group of seven Mercury astronauts announced by NASA on April 9 , 1959 . Mercury Project Mercury NASA NASA",SUPPORTS
Michael Jordan was unathletic.,"Michael Jeffrey Jordan -LRB- born February 17 , 1963 -RRB- , also known by his initials , MJ , is an American retired professional basketball player , businessman , and principal owner and chairman of the Charlotte Hornets . basketball basketball businessman businessperson Charlotte Hornets Charlotte Hornets Jordan played 15 seasons in the National Basketball Association -LRB- NBA -RRB- for the Chicago Bulls and Washington Wizards . NBA National Basketball Association Chicago Bulls Chicago Bulls Washington Wizards Washington Wizards National Basketball Association National Basketball Association His biography on the NBA website states : `` By acclamation , Michael Jordan is the greatest basketball player of all time . '' NBA National Basketball Association basketball basketball Jordan was one of the most effectively marketed athletes of his generation and was considered instrumental in popularizing the NBA around the world in the 1980s and 1990s . NBA National Basketball Association In 1991 , he won his first NBA championship with the Bulls , and followed that achievement with titles in 1992 and 1993 , securing a `` three-peat '' . NBA National Basketball Association 1991 1991 NBA Finals 1992 1992 NBA Finals 1993 1993 NBA Finals three-peat three-peat",REFUTES
"David Beckham was born on May 2, 1975.","David Robert Joseph Beckham , -LRB- -LSB- ˈbɛkəm -RSB- born 2 May 1975 -RRB- is an English former professional footballer . footballer Association football",SUPPORTS
James Taylor's first compilation album was not certified Diamond.,Every album that he released from 1977 to 2007 sold over a million copies . Greatest Hits is the first compilation album by American singer-songwriter James Taylor . James Taylor James Taylor,REFUTES
Donald Glover released an album titled Because the Internet.,,SUPPORTS
Meghan McCain is a columnist.,"Meghan Marguerite McCain -LRB- born October 23 , 1984 -RRB- is an American columnist , author , Fox News host and contributor , and blogger . American United States Fox News Fox News",SUPPORTS
Glee is a Fox television series.,"Glee is an American musical comedy-drama television series that aired on the Fox network in the United States from May 19 , 2009 , to March 20 , 2015 . Fox Fox Broadcasting Company comedy-drama comedy-drama After 121 episodes and over 728 music performances , Glee came to an end on March 20 , 2015 .",SUPPORTS
Arrested Development never won six Primetime Emmy Awards.,"In 2011 , IGN named Arrested Development the `` funniest show of all time '' . IGN IGN",REFUTES
All My Children was a film Sarah Michelle Gellar in.,"Her first leading part was in the 1992 miniseries Swans Crossing , for which she was nominated for two Young Artist Awards , and her television breakthrough came in 1993 , when she originated the role of Kendall Hart on the ABC daytime soap opera All My Children , winning the 1995 Daytime Emmy Award for Outstanding Younger Actress in a Drama Series . Swans Crossing Swans Crossing Young Artist Awards Young Artist Awards Kendall Hart Kendall Hart ABC American Broadcasting Company All My Children All My Children Daytime Emmy Award for Outstanding Younger Actress in a Drama Series Daytime Emmy Award for Outstanding Younger Actress in a Drama Series",REFUTES
Brown bears are herbivores.,"It is one of the two largest terrestrial carnivorans alive today , rivaled in body size only by its close cousin , the polar bear -LRB- Ursus maritimus -RRB- , which is much less variable in size and averages larger due to this . Ursus Ursus (genus) bear bear polar bear polar bear",REFUTES
In the early 1990s Chris Carter rose to fame.,"After beginning his television career working on television films for Walt Disney Studios , Carter rose to fame in the early 1990s after creating the science fiction-supernatural television series The X-Files for the Fox network . The X-Files The X-Files (film) Walt Disney Studios Walt Disney Studios (production) science fiction science fiction supernatural supernatural fiction Fox network Fox Broadcasting Company",SUPPORTS
Yale School of Drama provided training in the discipline of design.,"Founded in 1924 as the Department of Drama in the School of Fine Arts , the school provides training in every discipline of the theatre : acting , design -LRB- set design , costume design , lighting design , projection design , and sound design -RRB- , directing , dramaturgy and dramatic criticism , playwriting , stage management , technical design and production , and theater management . acting acting set design set design costume design costume design lighting design lighting design projection design projection design sound design sound design directing theater director dramaturgy dramaturgy dramatic criticism Theatre criticism playwriting playwriting stage management stage management",SUPPORTS
IZombie is a loose adaptation of the 1987 comic book series of the same name.,,NEI
Chris Hardwick hosted a live hour talk show on drugs.,,NEI
The United States is the third smallest country by land area.,"Paleo-Indians migrated from Asia to the North American mainland at least 15,000 years ago . North North America American Americans Paleo-Indians migrated from Asia Settlement of the Americas At its founding , the UN had 51 member states ; there are now 193 . member states Member states of the United Nations",REFUTES
Fantastic Beasts and Where to Find Them premiered in a private theater.,,NEI
Chris Weitz is an occasional governor.,,NEI
Iris Murdoch was Christian.,,NEI
Denzel Washington is a person.,"Denzel Hayes Washington Jr. -LRB- born December 28 , 1954 -RRB- is an American actor , director , and producer . He has received three Golden Globe awards , a Tony Award , and two Academy Awards : Best Supporting Actor for the historical war drama film Glory -LRB- 1989 -RRB- and Best Actor for his role as a corrupt cop in the crime thriller Training Day -LRB- 2001 -RRB- . Golden Globe Golden Globe Tony Award Tony Award Academy Awards Academy Awards Best Supporting Actor Academy Award for Best Supporting Actor Glory Glory (1989 film) Best Actor Academy Award for Best Actor Training Day Training Day",SUPPORTS
Carrie Fisher took a hiatus from the film industry throughout the 1980s.,"Her other film roles included Shampoo -LRB- 1975 -RRB- , The Blues Brothers -LRB- 1980 -RRB- , Hannah and Her Sisters -LRB- 1986 -RRB- , The ` Burbs -LRB- 1989 -RRB- , and When Harry Met Sally ... -LRB- 1989 -RRB- . Shampoo Shampoo (film) The Blues Brothers The Blues Brothers (film) Hannah and Her Sisters Hannah and Her Sisters Shampoo is a 1975 American satirical romantic comedy-drama film written by Robert Towne and Warren Beatty and directed by Hal Ashby . Hal Ashby Hal Ashby Warren Beatty Warren Beatty Robert Towne Robert Towne satirical Satire romantic romance film comedy-drama film comedy-drama film It stars Warren Beatty , Julie Christie and Goldie Hawn , with Lee Grant , Jack Warden , Tony Bill and in an early film appearance , Carrie Fisher . Warren Beatty Warren Beatty Julie Christie Julie Christie Goldie Hawn Goldie Hawn Lee Grant Lee Grant Jack Warden Jack Warden Tony Bill Tony Bill Carrie Fisher Carrie Fisher It features non-musical supporting performances by John Candy , Carrie Fisher , Charles Napier , and Henry Gibson . Carrie Fisher Carrie Fisher Henry Gibson Henry Gibson musical Musical film John Candy John Candy Charles Napier Charles Napier (actor) The Blues Brothers is a 1980 American musical crime comedy film directed by John Landis . John Landis John Landis The Blues Brothers The Blues Brothers musical Musical film crime Crime film comedy film comedy film",REFUTES
The French Revolution happened after 1800.,"The French Revolution -LRB- Révolution française -LSB- ʁevɔlysjɔ̃ fʁɑ̃sɛːz -RSB- -RRB- was a period of far-reaching social and political upheaval in France that lasted from 1789 until 1799 , and was partially carried forward by Napoleon during the later expansion of the French Empire . France France Napoleon Napoleon French Empire First French Empire",REFUTES
David Schwimmer has worked with John Krasinski.,"Schwimmer made his feature film directorial debut with the 2007 comedy Run Fatboy Run . Run Fatboy Run Run Fatboy Run Duane Hopwood is a 2005 film featured in the Sundance Film Festival starring David Schwimmer and Janeane Garofalo , with a supporting cast featuring Judah Friedlander , Dick Cavett , Susan Lynch , John Krasinski , Rachel Covey , and Mia Dillon . David Schwimmer David Schwimmer Janeane Garofalo Janeane Garofalo Judah Friedlander Judah Friedlander Dick Cavett Dick Cavett John Krasinski John Krasinski Sundance Film Festival Sundance Film Festival Susan Lynch Susan Lynch Rachel Covey Rachel Covey Mia Dillon Mia Dillon",SUPPORTS
Mary Marvel precedes the inauguration of a personage forged by Otto Binder.,"Created by Otto Binder and Marc Swayze , she first appeared in Captain Marvel Adventures # 18 -LRB- cover-dated Dec. 1942 -RRB- . Captain Marvel Adventures Captain Marvel (DC Comics) Otto Binder Otto Binder Marc Swayze Marc Swayze Captain Marvel Captain Marvel (DC Comics)",REFUTES
Cosmetics commonly exclude skin lotions.,"Common cosmetics include lipstick , mascara , eye shadow , foundation , rouge , skin cleansers and skin lotions , shampoo , hairstyling products -LRB- gel , hair spray , etc. -RRB- , perfume and cologne . lipstick lipstick mascara mascara eye shadow eye shadow foundation Foundation (cosmetics) rouge rouge (cosmetics) skin cleansers Cleanser skin lotions Lotion shampoo shampoo gel Hair gel hair spray hair spray perfume perfume cologne Eau de Cologne",REFUTES
"Steve Irwin was nicknamed ""Stevey-boy"".",,NEI
Based on a T.R.U. Story was nominated for a Pulitzer Prize.,,NEI
The blue-ringed octopus only hunts barnacles.,,REFUTES
Daddy Yankee is a clothing line.,,NEI
Broad Green Pictures is a distribution American-Chinese company.,"Broad Green Pictures is an American film production , financing , and distribution company .",REFUTES
Land Rover lacks the ability to make cars.,"Land Rover is a car brand that specialises in four-wheel-drive vehicles , owned by British multinational car manufacturer Jaguar Land Rover , which has been owned by India 's Tata Motors since 2008 . Jaguar Land Rover Jaguar Land Rover Jaguar Jaguar Cars four-wheel-drive four-wheel-drive multinational multinational corporation car manufacturer automaker Tata Motors Tata Motors Jaguar -LRB- UK English : -LSB- ˈdʒæɡjuː.ər -RSB- , US English : -LSB- ˈdʒæɡwɑɹ -RSB- -RRB- is the luxury vehicle brand of Jaguar Land Rover , a British multinational car manufacturer with its headquarters in Whitley , Coventry , England , owned by the Indian company Tata Motors since 2008 . Jaguar Land Rover Jaguar Land Rover Land Rover Land Rover UK English UK English US English US English luxury vehicle luxury vehicle multinational multinational corporation car manufacturer automaker Tata Motors Tata Motors Land Rovers are currently assembled in the company 's Halewood and Solihull plants , with research and development taking place at the Gaydon and Whitley engineering centres . Halewood Halewood Body & Assembly Solihull Solihull plant Gaydon Jaguar Land Rover Gaydon Centre Whitley Whitley plant Following MG Rover 's collapse in 2005 , the Rover marque became dormant , and was subsequently sold by BMW to Ford , who had bought Land Rover from BMW in 2000 . Land Rover Land Rover Rover marque Rover (marque) MG Rover MG Rover Ford Ford Motor Company marque marque Land Rover sold 194,000 vehicles worldwide in 2009 .",REFUTES
Wyatt Earp's first wife died shortly before their first child was to be born in 1900.,His third arrest was subject of a lengthy account in the `` Daily Transcript '' which referred to him as an `` old offender '' and nicknamed him the `` Peoria Bummer '' .,REFUTES
Paul Pogba is a basketball player.,Paul Labile Pogba -LRB- born 15 March 1993 -RRB- is a French professional footballer who plays for Premier League club Manchester United and the France national team . Manchester United Manchester United F.C. France French national football team footballer Association football Premier League Premier League France national team France national football team,REFUTES
Ubisoft is headquartered in a city in the east of Brittany in northwestern France at the confluence of the Ille and the Vilaine.,,NEI
Neil Armstrong met a president.,,NEI
Donnie Wahlberg is a director of photography.,,NEI
Chris Brown collaborated with a rapper.,"His second album Exclusive -LRB- 2007 -RRB- spawned his second Hot 100 number one `` Kiss Kiss '' , in addition to `` With You '' and `` Forever '' . Exclusive Exclusive (album) Kiss Kiss Kiss Kiss (Chris Brown song) With You With You (Chris Brown song) Forever Forever (Chris Brown song) Hot 100 Hot 100 The song features vocals and production credits from hip hop recording artist T-Pain , who co-wrote it with Brown . T-Pain T-Pain hip hop Hip hop music With his first single `` Run It ! '' It features rap verses from American rapper Juelz Santana . Juelz Santana Juelz Santana The remix features rappers Bow Wow and Jermaine Dupri and was performed at The 2006 Nickelodeon Kids Choice Awards by Bow Wow and Chris Brown . Chris Brown Chris Brown (album) Bow Wow Bow Wow (rapper) Jermaine Dupri Jermaine Dupri Nickelodeon Kids Choice Awards Nickelodeon Kids Choice Awards",SUPPORTS
Queen Victoria's son was a writer.,,NEI
Kitti's hog-nosed bat is also known as a predator.,,NEI
Winter Passing premiered in 2005.,"The film premiered in 2005 to mixed reviews , and was not released in the United Kingdom until 2013 , when it was released under the new title Happy Endings . 2005 2005 in film Winter Passing is a 2005 American film . 2005 2005 in film American United States",SUPPORTS
Portugal is the 5th most polluted mountain in the world.,,NEI
FC Barcelona is a cricket club.,"Futbol Club Barcelona -LRB- -LSB- fubˈbɔɫ ˈkɫub bərsəˈɫonə -RSB- -RRB- , commonly known as Barcelona and familiarly as Barça , is a professional football club based in Barcelona , Catalonia , Spain . football club Football team Barcelona Barcelona Catalonia Catalonia Spain Spain",REFUTES
The United Kingdom is a member of no organizations.,,REFUTES
The Leftovers stars an actor.,"The series stars an ensemble cast featuring Justin Theroux , Amy Brenneman , Christopher Eccleston , Liv Tyler , Chris Zylka , Margaret Qualley , Carrie Coon , Ann Dowd , and Regina King . Justin Theroux Justin Theroux Amy Brenneman Amy Brenneman Christopher Eccleston Christopher Eccleston Liv Tyler Liv Tyler Chris Zylka Chris Zylka Margaret Qualley Margaret Qualley Carrie Coon Carrie Coon Ann Dowd Ann Dowd Regina King Regina King Amy Frederica Brenneman -LRB- born June 22 , 1964 -RRB- is an American actress , writer , and producer . Ann Dowd -LRB- born January 30 , 1956 -RRB- is an American film , television , and theatre actress . Carrie Alexandra Coon -LRB- born January 24 , 1981 -RRB- is an American actress . Christopher Michael Settlemire -LRB- born May 9 , 1985 -RRB- , known professionally as Chris Zylka , is an American actor and model .",SUPPORTS
Ramayanam is an English-language film.,Ramayanam is a 1996 mythological Telugu film directed by Gunasekhar and produced by M. S. Reddy . Gunasekhar Gunasekhar M. S. Reddy M. S. Reddy mythological mythological Telugu film Telugu film,REFUTES
Nina Simone is a millennial.,"Nina Simone -LRB- -LSB- ˈniːnə_sᵻˈmoʊn -RSB- born Eunice Kathleen Waymon ; February 21 , 1933 -- April 21 , 2003 -RRB- was an American singer , songwriter , pianist , arranger , and activist in the Civil Rights Movement . arranger Arrangement Civil Rights Movement Civil Rights Movement",REFUTES
Andy Kaufman was a theatrical performer.,"In 1982 , Kaufman brought his professional wrestling villain act to Letterman 's show with a staged encounter with Jerry `` The King '' Lawler of the Continental Wrestling Association -LRB- although the fact that the altercation was planned in advance was not publicly disclosed for over a decade -RRB- . professional wrestling professional wrestling villain Heel (professional wrestling) Continental Wrestling Association Continental Wrestling Association",SUPPORTS
Little Big Shots premiered on NBC.,"Little Big Shots is an American children 's television and talent show that premiered on NBC on March 8 , 2016 . NBC NBC talent show talent show",SUPPORTS
Emmanuel Adebayor was invited to a tournament.,,NEI
Kuala Lumpur contains the official residence of the Malaysian Queen.,,NEI
Heartland was a comedy.,,NEI
Maggie Gyllenhaal was in a film written by Susanna White.,"For her performance in the latter she won a Golden Globe Award and was nominated for an Emmy Award . Golden Globe Award Golden Globe Award for Best Actress – Miniseries or Television Film Emmy Award Primetime Emmy Award for Outstanding Lead Actress in a Miniseries or a Movie Nanny McPhee and the Big Bang -LRB- released in the United States and Canada as Nanny McPhee Returns -RRB- is a 2010 fantasy comedy family film directed by Susanna White , produced by Tim Bevan , Eric Fellner and Lindsay Doran with music by James Newton Howard and co-produced by StudioCanal , Relativity Media , Working Title Films and Three Strange Angels . Susanna White Susanna White Tim Bevan Tim Bevan Eric Fellner Eric Fellner Lindsay Doran Lindsay Doran James Newton Howard James Newton Howard StudioCanal StudioCanal Relativity Media Relativity Media Working Title Films Working Title Films fantasy comedy fantasy comedy family film family film Nanny McPhee Nanny McPhee",SUPPORTS
It's Always Sunny in Philadelphia is a restaurant.,"It 's Always Sunny in Philadelphia is an American television black comedy sitcom that premiered on FX on August 4 , 2005 . FX FX (TV channel) black comedy black comedy sitcom sitcom It moved to FXX beginning with the ninth season , and has remained there since . FXX FXX",REFUTES
A phylogenetic tree is a linear diagram.,,NEI
A.J. Cook appeared in Twin Peaks.,"Andrea Joy `` A. J. '' Cook -LRB- born July 22 , 1978 -RRB- is a Canadian actress known for her role as Supervisory Special Agent Jennifer `` JJ '' Jareau in the CBS crime drama Criminal Minds . CBS CBS Criminal Minds Criminal Minds She has also appeared in films such as The Virgin Suicides -LRB- 1999 -RRB- , Out Cold -LRB- 2001 -RRB- , and Final Destination 2 -LRB- 2003 -RRB- . The Virgin Suicides The Virgin Suicides (film) Out Cold Out Cold (2001 film) Final Destination 2 Final Destination 2",REFUTES
Foo Fighters have an album called Wasting Light.,,SUPPORTS
Svitavy is a place.,Svitavy -LRB- -LSB- ˈsvɪtavɪ -RSB- ; Zwittau -RRB- is a town in the Pardubice Region of the Czech Republic . Pardubice Pardubice Region Region Regions of the Czech Republic Svitavy Svitavy District Pardubice Region Pardubice Region Czech Republic Czech Republic,SUPPORTS
Clubber Lang was eradicated by Sylvester Stallone.,,NEI
Helen Keller was a member of the Socialist Party of America.,Helen proved to the world that deaf people could all learn to communicate and that they could survive in the hearing world .,SUPPORTS
Angelina Jolie works for an actress.,,NEI
Justin Timberlake was born in January.,"Justin Randall Timberlake -LRB- born January 31 , 1981 -RRB- is an American singer-songwriter , actor and record producer .",SUPPORTS
Queen Victoria's mother was princess.,,NEI
Bill Clinton was a U.S. President.,"William Jefferson Clinton -LRB- born August 19 , 1946 -RRB- is an American politician who served as the 42nd President of the United States from 1993 to 2001 . 42nd List of Presidents of the United States 42nd President of the United States List of Presidents of the United States",SUPPORTS
Apple Inc.'s consumer software includes something.,"Apple 's consumer software includes the macOS and iOS operating systems , the iTunes media player , the Safari web browser , and the iLife and iWork creativity and productivity suites . macOS macOS iOS iOS iLife iLife iWork iWork iTunes iTunes Safari Safari (web browser)",SUPPORTS
Lil Wayne's sixth child is called Carter III.,,NEI
Keith Urban is a country singer who has produced several albums.,A greatest hits package entitled Greatest Hits : 18 Kids followed in late 2007 .,SUPPORTS
Point Place is in the Plains region.,,NEI
Passengers grossed $0.,,REFUTES
Sue Bird was a draft pick.,Bird was the first overall pick of the 2002 WNBA Draft . WNBA WNBA 2002 2002 WNBA All-Star Game,SUPPORTS
James Arness was a Virginian.,,NEI
Christina Applegate was in the comedy movie Bad Moms in 2016.,She played the lead role in the television sitcoms Jesse -LRB- 1998 -- 2000 -RRB- and Samantha Who ? Jesse Jesse (TV series) Bad Moms is a 2016 American black comedy film directed and written by Jon Lucas and Scott Moore . Jon Lucas Jon Lucas Scott Moore Scott Moore (screenwriter) black comedy black comedy,SUPPORTS
Grey's Anatomy has received more than one Emmy nomination.,,SUPPORTS
NASA is neglecting the development of the Orion Multi-Purpose Crew Vehicle.,"Since 2011 , NASA has been criticized for low cost efficiency , achieving little results in return for high development costs .",REFUTES
The Minnesota Vikings has robbed four banks.,,NEI
Ted Bundy received no charges.,"Biographer Ann Rule described him as `` a sadistic sociopath who took pleasure from another human 's pain and the control he had over his victims , to the point of death , and even after '' . Ann Rule Ann Rule He once called himself `` the most cold-hearted son of a bitch you 'll ever meet '' . Attorney Polly Nelson , a member of his last defense team , agreed : `` Ted '' , she wrote , `` was the very definition of heartless evil . '' Polly Nelson Polly Nelson",REFUTES
A lion is a fox.,,NEI
Katharine Hepburn was in The Battle of the Alamo.,"Katharine Houghton Hepburn -LRB- May 12 , 1907 -- June 29 , 2003 -RRB- was an American actress . The Battle of the Alamo -LRB- February 23 -- March 6 , 1836 -RRB- was a pivotal event in the Texas Revolution . Texas Revolution Texas Revolution Texas Texas Alamo Legacy of the Battle of the Alamo",REFUTES
Usher never rose to fame in the late 1990s.,"He rose to fame in the late 1990s with the release of his sophomore album My Way -LRB- 1997 -RRB- , which spawned his first U.S. Billboard Hot 100 number-one single , `` Nice & Slow '' , amongst top-two singles `` You Make Me Wan na ... '' and `` My Way '' . My Way My Way (Usher song) Nice & Slow Nice & Slow Billboard Billboard (magazine) Hot 100 Billboard Hot 100",REFUTES
Miley Cyrus had sexually explicit behavior.,"In 2016 , she was a coach for the eleventh season of the singing competition series The Voice . The Voice The Voice (U.S. TV series)",SUPPORTS
Susan Sarandon only debuted in a play by Johnny Depp.,"An Evening With Richard Nixon , originally billed as An Evening With Richard Nixon and ... , is a play by Gore Vidal which opened at the Shubert Theatre in April 1972 . Gore Vidal Gore Vidal Shubert Theatre Shubert Theatre (New York City)",REFUTES
Salman Khan refused to play any part in a romantic drama.,Ten of the films in which Khan has acted in have accumulated gross earnings of over .,REFUTES
Rebecca Ferguson was in a television series.,"She is best known for her lead role as Elizabeth Woodville in The White Queen -LRB- 2013 -RRB- , which earned her a Golden Globe nomination , and her starring roles as Ilsa Faust in Mission : Impossible -- Rogue Nation -LRB- 2015 -RRB- and as Dr. Miranda North in Life -LRB- 2017 -RRB- . Elizabeth Woodville Elizabeth Woodville The White Queen The White Queen (TV series) Golden Globe Golden Globe Life Life (2017 film) The White Queen is a British television drama series in ten parts , based on Philippa Gregory 's historical novel series The Cousins ' War -LRB- The White Queen , The Red Queen , and The Kingmaker 's Daughter -RRB- . The White Queen The White Queen (novel) The Red Queen The Red Queen (novel) Philippa Gregory Philippa Gregory",SUPPORTS
Morgan Freeman is incapable of being part of Deep Impact.,"Morgan Freeman is ranked as the 4th highest box office star with over $ 4.316 billion total box office gross , an average of $ 74.4 million per film . Deep Impact is a 1998 American science fiction disaster film directed by Mimi Leder , written by Bruce Joel Rubin and Michael Tolkin , and starring Robert Duvall , Téa Leoni , Elijah Wood , Vanessa Redgrave , Maximilian Schell , and Morgan Freeman . Mimi Leder Mimi Leder Bruce Joel Rubin Bruce Joel Rubin Michael Tolkin Michael Tolkin Robert Duvall Robert Duvall Téa Leoni Téa Leoni Elijah Wood Elijah Wood Vanessa Redgrave Vanessa Redgrave Maximilian Schell Maximilian Schell Morgan Freeman Morgan Freeman science fiction science fiction film disaster film disaster film",REFUTES
Annie Parisse is in The Following.,"Parisse has also starred as Julia Snyder on the soap opera As the World Turns , for which she was nominated for a Daytime Emmy Award , and as FBI specialist Debra Parker on the thriller series The Following . Julia Snyder Julia Snyder As the World Turns As the World Turns Daytime Emmy Award Daytime Emmy Award The Following The Following",SUPPORTS
Girls' Generation includes Hyoyeon.,"The group is composed of eight members : Taeyeon , Sunny , Tiffany , Hyoyeon , Yuri , Sooyoung , Yoona , and Seohyun . Sunny Sunny (singer) Yuri Kwon Yu-ri Yoona Im Yoon-ah Seohyun Seohyun Taeyeon Kim Tae-yeon Sooyoung Choi Soo-young Tiffany Tiffany Hwang Hyoyeon Kim Hyo-yeon She debuted as a member of girl group Girls ' Generation in August 2007 , who went on to be one of the best-selling artists in South Korea and one of South Korea 's most popular girl groups worldwide . South Korea South Korea best-selling artists List of best-selling artists in South Korea",SUPPORTS
Champion is a film noir critique.,,NEI
Sicily is the largest island in the Mediterranean Sea.,"Sicily -LRB- -LSB- ˈsɪsᵻli -RSB- ; Sicilia -LSB- siˈtʃiːlja -RSB- , Sicìlia -RRB- is the largest island in the Mediterranean Sea . largest island List of islands in the Mediterranean Mediterranean Sea Mediterranean Sea",SUPPORTS
Liverpool F.C. has won a World Series.,,NEI
George VI was succeeded by his eldest daughter.,,NEI
The Proposal stars Kittens.,"The film stars Sandra Bullock and Ryan Reynolds , Betty White , Mary Steenburgen and Craig T. Nelson . Sandra Bullock Sandra Bullock Ryan Reynolds Ryan Reynolds Betty White Betty White Mary Steenburgen Mary Steenburgen Craig T. Nelson Craig T. Nelson",REFUTES
Mountains of the Moon (film) stars Colin Farrell.,,NEI
John McEnroe is known for his rivalry with a frog.,His match record of 82 -- 3 in 1984 remains the best single season win rate of the Open Era . 1984 1984 World Championship Tennis Finals - Singles best single season win rate Tennis records of the Open Era – men's singles#Single season records Open Era History of tennis#Open Era,REFUTES
World War I failed to draw in the world's economic great powers.,"These alliances were reorganised and expanded as more nations entered the war : Italy , Japan and the United States joined the Allies , while the Ottoman Empire and Bulgaria joined the Central Powers . Ottoman Ottoman Empire Central Powers Central Powers Allies Allies of World War I Italy Kingdom of Italy Japan Empire of Japan United States United States Ottoman Empire Ottoman Empire Bulgaria Kingdom of Bulgaria",REFUTES
Slovakia is not a country.,"Slovakia -LRB- listen -RRB- , is a landlocked country in Central Europe . landlocked country landlocked country Central Europe Central Europe",REFUTES
The Los Angeles Lakers won 33 straight games in December 1971 - January 1972.,,NEI
Bridget Moynahan never pursued a career in modeling.,"Bridget Moynahan -LRB- born Kathryn Bridget Moynahan ; April 28 , 1971 -RRB- is an American actress and model . model Model (people) She graduated from Longmeadow High School , in Massachusetts , in 1989 , and began pursuing a career in modeling . Longmeadow High School Longmeadow High School",REFUTES
Harry Styles released an album in 2015.,"On 23 June 2016 it was reported by Billboard that Styles had signed a three-album solo recording deal with Columbia Records , the same label behind One Direction . Columbia Columbia Records One Direction One Direction Billboard billboard (magazine) Columbia Records Columbia Records",SUPPORTS
Henry V is a television show.,Henry V is a 2012 British television film based on the play of the same name by William Shakespeare . Henry V Henry V of England William Shakespeare William Shakespeare Shakespeare Shakespeare It is the fourth film in the series of television films called The Hollow Crown produced by Sam Mendes for BBC Two covering the whole of Shakespeare 's Henriad . BBC Two BBC Two The Hollow Crown The Hollow Crown (TV series) Sam Mendes Sam Mendes Shakespeare Shakespeare Henriad Henriad,REFUTES
Australia had a penal colony which is depicted in a story by Franz Kafka.,,NEI
Steve Mouzakis refused to play the character Steven Ray.,"Other feature film credits include Darkness Falls -LRB- Sony Pictures -RRB- , Big Mamma 's Boy , and I , Frankenstein -LRB- Lionsgate -RRB- . Darkness Falls Darkness Falls (2003 film)",REFUTES
The Jim Henson Company produced Twilight.,,NEI
Dileep (actor) began his film career in May 1991.,,NEI
Ramadan is observed by Christians.,"also romanized as Ramazan , Ramadhan , or Ramathan -RRB- is the ninth month of the Islamic calendar , and is observed by Muslims worldwide as a month of fasting -LRB- Sawm -RRB- to commemorate the first revelation of the Quran to Muhammad according to Islamic belief . Quran Quran romanized romanization of Arabic ninth month Ramadan (calendar month) Islamic calendar Islamic calendar fasting fasting Sawm Sawm first revelation of the Quran to Muhammad Muhammad's first revelation",REFUTES
Marilyn Monroe was a part of the World War I war effort.,"After a series of minor film roles , she signed a new contract with Fox in 1951 . The home front of the United States in World War II supported the war effort in many ways , including a wide range of volunteer efforts and submitting to government-managed rationing and price controls . United States United States home front home front World War II World War II war effort war effort rationing Rationing in the United States price controls price controls",REFUTES
Taylor Swift holds five Guinness World Records.,,SUPPORTS
Kate Nash is not a singer.,"Kate Marie Nash -LRB- born 6 July 1987 -RRB- is an English singer , songwriter , musician and actress . Her debut album , Made of Bricks , peaked at number 1 in the UK and number 36 in the US . Made of Bricks Made of Bricks Made of Bricks is the debut studio album by English singer-songwriter Kate Nash , released in the United Kingdom on 6 August 2007 by Fiction Records , Cherrytree Records , and the Universal Music Group . Kate Nash Kate Nash Fiction Fiction Records Cherrytree Cherrytree Records Universal Music Universal Music Group album album Fiction Records Fiction Records Cherrytree Records Cherrytree Records Universal Music Group Universal Music Group",REFUTES
Karl Urban played Mark Zuckerberg in David Fincher's The Social Network.,,NEI
The Carmichael Show has only ever had consecutive episodes with years in between them.,,NEI
Rain Man is incapable of winning anything.,,REFUTES
A Nightmare on Elm Street stars Thomas Decker and Rooney Mara.,,NEI
Daniel Radcliffe appeared in a biographical film.,Kill Your Darlings is a 2013 American biographical drama film written by Austin Bunn and directed by John Krokidas in his feature film directorial debut . John Krokidas John Krokidas biographical Biographical film drama film drama film,SUPPORTS
Labor Pains was released on Blu-Ray.,,SUPPORTS
Michelangelo recited scenes from Genesis to the congregation of the Sistine Chapel.,,NEI
Life After Death is by a person who raps.,"Life After Death is the second and final studio album by American rapper The Notorious B.I.G. , released on March 25 , 1997 , on Bad Boy Records . Bad Boy Bad Boy Records studio album studio album Bad Boy Records Bad Boy Records",SUPPORTS
Lodging is done in a car.,,REFUTES
In Dubious Battle was directed by Josh Hutcherson.,"In Dubious Battle is a 2016 drama film directed by and produced by James Franco , based on John Steinbeck 's novel of the same name , with a screenplay by Matt Rager . James Franco James Franco In Dubious Battle In Dubious Battle John Steinbeck John Steinbeck drama film drama film same name In Dubious Battle",REFUTES
House of 1000 Corpses is a song.,,NEI
Régine Chassagne is a rock and roll musician.,,NEI
Boardwalk Empire is an American period algorithm.,Boardwalk Empire is an American period crime drama television series created by Terence Winter and airing on premium cable channel HBO . Terence Winter Terence Winter HBO HBO American Television of the United States period period drama crime drama crime drama television series television series,REFUTES
The Dogs D'Amour formed in 2017.,"The Dogs D'Amour are a rock and roll band formed in 1983 in London , England . London London England England rock and roll rock and roll After this , however , the most famous incarnation of the band ceased to exist . In January 2013 , the band recorded an EP in Florida and announced live dates for the UK and Spain .",REFUTES
In the Heart of the Sea is a poem.,"In the Heart of the Sea is a 2015 adventure-drama film based on Nathaniel Philbrick 's non-fiction book of the same name , about the sinking of the American whaling ship Essex in 1820 , an event that inspired the novel Moby-Dick . In the Heart of the Sea In the Heart of the Sea Nathaniel Philbrick Nathaniel Philbrick adventure adventure film drama film drama (film and television) book of the same name In the Heart of the Sea whaling ship whaleship Essex Essex (whaleship) Moby-Dick Moby-Dick",REFUTES
Samuel L. Jackson has appeared in people's houses.,,NEI
Short Term 12 was created in a church.,,NEI
Iain Glen is anything but a television actor.,"Iain Glen -LRB- born 24 June 1961 -RRB- is a Scottish film , television , and stage actor . Scottish United Kingdom",SUPPORTS
Liverpool F.C. had an annual hockey of $391 million in 2014.,"The second was the Hillsborough disaster in 1989 , where 96 Liverpool supporters died in a crush against perimeter fencing . Liverpool Liverpool Hillsborough disaster Hillsborough disaster crush Human stampede",REFUTES
Thiokol was also recognized as Morton-Thiokol Inc.,"Thiokol -LRB- variously Thiokol Chemical Corporation , Morton-Thiokol Inc. , Cordant Technologies Inc. , Thiokol Propulsion , AIC Group , ATK Thiokol ; finally ATK Launch Systems Group before becoming part of Orbital ATK -RRB- was an American corporation concerned initially with rubber and related chemicals , and later with rocket and missile propulsion systems . Orbital ATK Orbital ATK",SUPPORTS
Wladimir Klitschko reached a career peak in 2013.,,NEI
Gennady Golovkin derides the title of champion.,,NEI
I Believe (Frankie Laine song) was written by Frankie Laine only.,"`` I Believe '' is a popular song written by Ervin Drake , Irvin Graham , Jimmy Shirl and Al Stillman in 1953 . Ervin Drake Ervin Drake Al Stillman Al Stillman popular popular music written songwriter",REFUTES
Gunday was a book by Aditya Chopra.,Gunday -LRB- English : Outlaws -RRB- is a 2014 Indian action thriller film written and directed by Ali Abbas Zafar and produced by Aditya Chopra . Ali Abbas Zafar Ali Abbas Zafar Aditya Chopra Aditya Chopra action Action film thriller film thriller film,REFUTES
Margaret of Valois had a husband for eight years.,,NEI
Doctor Strange is played by a horse in a movie.,"Benedict Timothy Carlton Cumberbatch CBE -LRB- born 19 July 1976 -RRB- is an English actor who has performed in film , television , theatre and radio . CBE Commander of the Order of the British Empire Timothy Carlton Timothy Carlton",REFUTES
Confessions was sold in Virgin Records.,,NEI
Final Fantasy XII added a song to the soundtrack of the movie Speed.,,NEI
Absolute Beginners featured only a film producer.,"The film was directed by Julien Temple , featured David Bowie and Sade , and Patsy Kensit in one of her first mainstream roles . Julien Temple Julien Temple Patsy Kensit Patsy Kensit David Bowie David Bowie Sade Sade (band) David Robert Jones -LRB- 8 January 1947 -- 10 January 2016 -RRB- , known professionally as David Bowie -LRB- -LSB- ˈboʊi -RSB- -RRB- , was an English singer , songwriter and actor .",REFUTES
David Jones (video game developer) founded Realtime Worlds in 2002.,David Scott Jones -LRB- born October 1965 -RRB- is a Scottish games programmer and entrepreneur who founded computer game companies DMA Design in 1987 -LRB- which became Rockstar North in 2002 -RRB- and Realtime Worlds in 2002 . games programmer game programmer entrepreneur entrepreneur computer game computer game DMA Design DMA Design Rockstar North Rockstar North Realtime Worlds Realtime Worlds,SUPPORTS
Turn: Washington's Spies was canceled.,,REFUTES
One of the members of AC/DC is a billionaire.,,NEI
The World According to Paris starred an American model and real estate investor.,,NEI
In & Out is a horror film.,"In & Out is a 1997 American romantic comedy film directed by Frank Oz and starring Kevin Kline , Tom Selleck , Joan Cusack , Matt Dillon , Debbie Reynolds , and Wilford Brimley . Frank Oz Frank Oz Kevin Kline Kevin Kline Joan Cusack Joan Cusack Matt Dillon Matt Dillon Debbie Reynolds Debbie Reynolds Wilford Brimley Wilford Brimley Tom Selleck Tom Selleck romantic comedy film romantic comedy film",REFUTES
Dangerous Liaisons is based exclusively on Fun Home.,"Dangerous Liaisons is a 1988 American historical drama film based upon Christopher Hampton 's play Les liaisons dangereuses , which in turn was a theatrical adaptation of the 18th-century French novel Les Liaisons dangereuses by Pierre Choderlos de Laclos . Christopher Hampton Christopher Hampton historical drama historical drama Les liaisons dangereuses Les Liaisons Dangereuses (Hampton play) Les Liaisons dangereuses Les Liaisons dangereuses Pierre Choderlos de Laclos Pierre Choderlos de Laclos",REFUTES
Derrick Rose was raised in the Chicago area.,"Rose led the Memphis Tigers to the most wins in NCAA history -LRB- a 38-2 record -RRB- , their first number one ranking in 25 years , and an appearance in the NCAA Championship game . Memphis Memphis Tigers men's basketball Memphis Tigers Memphis Tigers men's basketball",SUPPORTS
Kate Nash is a guitarist.,,NEI
Wiz Khalifa is a Buddhist.,,NEI
"In 2014, Holiday: A Soldier Is Never Off Duty came out.","The film released on 6 June 2014 , becoming the biggest net grosser of the first half of 2014 . Holiday : A Soldier Is Never Off Duty is a 2014 Indian action thriller film written and directed by A. R. Murugadoss , and produced by Vipul Shah . A. R. Murugadoss A. R. Murugadoss action thriller action thriller Vipul Shah Vipul Shah",SUPPORTS
Ed Sheeran is a singer-songwriter.,"Edward Christopher `` Ed '' Sheeran -LRB- born 17 February 1991 -RRB- is an English singer-songwriter , guitarist and record producer .",SUPPORTS
Macaulay Culkin stars in Spring Breakers.,,NEI
The Vampire Diaries is a popular American supernatural television series.,"The Vampire Diaries is an American supernatural drama television series developed by Kevin Williamson and Julie Plec , based on the popular book series of the same name written by L. J. Smith . drama drama The Vampire Diaries The Vampire Diaries (novel series) L. J. Smith L. J. Smith (author) Kevin Williamson Kevin Williamson (screenwriter) Julie Plec Julie Plec supernatural supernatural book series of the same name The Vampire Diaries (novel series) On April 26 , 2013 , The CW officially announced that the spin-off The Originals , which focuses on the Original family of vampires , had been ordered to series , and the show began airing during the 2013 -- 14 American television season . The Originals The Originals (TV series) The CW The CW",SUPPORTS
Jon Snow is played solely by Michael Keaton.,"He and the rest of the cast were nominated for Screen Actors Guild Awards for Outstanding Performance by an Ensemble in a Drama Series in 2012 , 2014 , 2015 and 2016 . Outstanding Performance by an Ensemble in a Drama Series Screen Actors Guild Award for Outstanding Performance by an Ensemble in a Drama Series",REFUTES
"Kirk Douglas was born on July 2nd, 1999.","Kirk Douglas -LRB- born Issur Danielovitch , December 9 , 1916 -RRB- is an American actor , producer , director , and author .",REFUTES
"Luxembourg did not have a population of 576,249 people in 2016.","Luxembourg is a developed country , with an advanced economy and the world 's highest GDP -LRB- PPP -RRB- per capita , according to the United Nations in 2014 . developed country developed country United Nations United Nations",REFUTES
Larry Junstrom is a bassist.,"Lawrence E. `` Larry '' Junstrom -LRB- born June 22 , 1949 -RRB- is an American bassist , best known for having been in rock band 38 Special from 1977 until 2014 . American United States rock Rock and roll 38 Special 38 Special (band)",SUPPORTS
See You Again (Miley Cyrus song) has a lot of different versions.,,SUPPORTS
Stephen Hawking is unable to control some of his musclles.,,NEI
Linda McCartney refused to step foot into a doctor's office.,,NEI
Adam DeVine was involved in musical films like Pitch Perfect and Pitch Perfect 2.,,SUPPORTS
Atlantic City stars Kate Reid.,"It stars Burt Lancaster , Susan Sarandon , Kate Reid , Robert Joy , Hollis McLaren , Michel Piccoli , and Al Waxman . Burt Lancaster Burt Lancaster Susan Sarandon Susan Sarandon Kate Reid Kate Reid Robert Joy Robert Joy Hollis McLaren Hollis McLaren Michel Piccoli Michel Piccoli Al Waxman Al Waxman",SUPPORTS
Gianluigi Buffon has won Serie A titles.,"Despite rumours of his departure , Buffon remained with Juventus , contributing to the club 's Serie B title and promotion back to Serie A in 2007 . Juventus Juventus F.C. Serie A Serie A Serie B Serie B He was the starting goalkeeper of the Italian team that won the 2006 FIFA World Cup , which saw him keep a record five clean sheets , and concede only two goals , neither of which were in open play . FIFA World Cup FIFA World Cup goalkeeper Goalkeeper (association football) 2006 2006 FIFA World Cup 2006 FIFA World Cup 2006 FIFA World Cup",SUPPORTS
Dan Aykroyd acted in the movie Driving Miss Daisy.,"In 1990 , he was nominated for the Academy Award for Best Supporting Actor for his work in the 1989 film Driving Miss Daisy . Academy Award for Best Supporting Actor Academy Award for Best Supporting Actor Driving Miss Daisy Driving Miss Daisy",SUPPORTS
One slow plant-eater are Manatees.,"Manatees are occasionally called sea cows , as they are slow plant-eaters , peaceful and similar to cows on land .",SUPPORTS
Adam Driver has been in British movies.,,NEI
Floyd Mayweather Jr. is from New York.,,NEI
Perth is outside of Australia.,Perth is the capital and largest city of the Australian state of Western Australia . Perth Division of Perth capital List of Australian capital cities Australian state Australian states and territories Western Australia Western Australia Australia Australia,REFUTES
Jeff Ament released the majority of the death row inmates in Sweden.,,NEI
Vladimir Putin was the head of the Italian government.,"Vladimir Vladimirovich Putin -LRB- ˈ ; born 7 October 1952 -RRB- is the current President of the Russian Federation , holding the office since 7 May 2012 . Russian Russian nationality President of the Russian Federation President of Russia holding the office Presidency of Vladimir Putin",REFUTES
Bradley Cooper was in a romantic comedy film that was satire.,,NEI
Big Brother 18 (UK) is the eighteenth series of an award-winning British reality television series.,"Big Brother 2017 , also known as Big Brother 18 , is the upcoming eighteenth series of the British reality television series Big Brother , hosted by Emma Willis and narrated by Marcus Bentley . Big Brother Big Brother (UK TV series) British Television in the United Kingdom reality television reality television Emma Willis Emma Willis Marcus Bentley Marcus Bentley",SUPPORTS
James Mangold wrote Walk the Line in collaboration with at least one other person.,"Films he has directed include Walk the Line , which he also co-wrote ; The Wolverine ; Logan ; Cop Land ; Girl , Interrupted ; Knight and Day ; and the 2007 remake 3:10 to Yuma . Walk the Line Walk the Line The Wolverine The Wolverine (film) Logan Logan (film) Cop Land Cop Land Knight and Day Knight and Day 3:10 to Yuma 3:10 to Yuma (2007 film)",SUPPORTS
Zindagi Na Milegi Dobara stars Naseeruddin Shah as the main character.,"It also stars Katrina Kaif as Laila , Kalki Koechlin as Natasha , and Ariadna Cabrol as Nuria along with Naseeruddin Shah making a special appearance . Katrina Kaif Katrina Kaif Kalki Koechlin Kalki Koechlin Ariadna Cabrol Ariadna Cabrol Naseeruddin Shah Naseeruddin Shah",REFUTES
Tim Allen was a star on Last Man Standing.,,SUPPORTS
Diego Luna is a casting director.,,NEI
Toyota is not one of the largest companies to encourage the mass-market adoption of hybrid vehicles in the world.,"Its Prius family is the world 's top selling hybrid nameplate with over 6 million units sold worldwide . Prius family Prius family nameplate nameplate Three years earlier , in 1934 , while still a department of Toyota Industries , it created its first product , the Type A engine , and its first passenger car in 1936 , the Toyota AA . Toyota Industries Toyota Industries Type A engine Toyota Type A engine Toyota AA Toyota AA",REFUTES
The Sopranos is a show on television.,The Sopranos is an American crime drama television series created by David Chase . David Chase David Chase crime drama crime film#In television television series television program Several members of the show 's cast and crew who were previously largely unknown to the public have had successful careers after The Sopranos .,SUPPORTS
Joseph Stalin is from the Russian Empire.,"Affiliated with Vladimir Lenin 's Bolshevik faction , he raised funds via underground activities such as the 1907 Tiflis bank robbery . Lenin Vladimir Lenin Vladimir Lenin Vladimir Lenin Bolshevik Bolsheviks 1907 Tiflis bank robbery 1907 Tiflis bank robbery",SUPPORTS
Ed Sheeran was born on February 15.,"Edward Christopher `` Ed '' Sheeran -LRB- born 17 February 1991 -RRB- is an English singer-songwriter , guitarist and record producer .",REFUTES
Helen Keller had membership with the Socialist Party of America.,Helen proved to the world that deaf people could all learn to communicate and that they could survive in the hearing world .,SUPPORTS
Impeachment does not necessarily translate to removal from office.,"Impeachment does not necessarily mean removal from office ; it is only a formal statement of charges , akin to an indictment in criminal law , and is thus only the first step towards removal . indictment indictment criminal law criminal law",SUPPORTS
Michelle Pfeiffer is a Gemini.,"Michelle Marie Pfeiffer -LRB- -LSB- ˈfaɪfər -RSB- born April 29 , 1958 -RRB- is an American actress , singer and producer . Under the tropical zodiac , the sun transits this sign between May 21 and June 21 . zodiac zodiac",REFUTES
Game of Thrones (season 1) was adapted for media by a producer.,"The series is based on A Game of Thrones , the first novel in the A Song of Ice and Fire series by George R. R. Martin , adapted for television by David Benioff and D. B. Weiss . Game of Thrones Game of Thrones A Game of Thrones A Game of Thrones A Song of Ice and Fire A Song of Ice and Fire George R. R. Martin George R. R. Martin David Benioff David Benioff D. B. Weiss D. B. Weiss Daniel Brett Weiss -LRB- born April 23 , 1971 -RRB- is an American author , screenwriter , producer , and director .",SUPPORTS
7 Things is a song.,`` 7 Things '' is a song by American singer-songwriter and actress Miley Cyrus . Miley Cyrus Miley Cyrus,SUPPORTS
Oh Yeon-seo worked with anyone but Jo Eun-byul.,"Oh Yeon-seo -LRB- born Oh Haet-nim , on June 22 , 1987 -RRB- , is a South Korean actress and former member of South Korean girl group , LUV . LUV LUV (South Korean band) LUV -LRB- ; -LSB- ləːbɯ -RSB- -RRB- was a short-lived K-pop girls group founded by SidusHQ , consisting of Jo Eun-byul , Jeon Hye-bin , and Oh Yeon-seo . Eun-byul Jo Eun-byul K-pop K-pop SidusHQ SidusHQ Jo Eun-byul Jo Eun-byul Jeon Hye-bin Jeon Hye-bin Oh Yeon-seo Oh Yeon-seo",REFUTES
Dustin Hoffman has a career in cinema.,"Dustin Lee Hoffman -LRB- born August 8 , 1937 -RRB- is an American actor and a director , with a career in film , television , and theatre since 1960 . He made his directorial debut in 2012 , with Quartet . Quartet Quartet (2012 film)",SUPPORTS
Hotel Transylvania is a film.,"Hotel Transylvania is a 2012 American 3D computer-animated fantasy comedy film produced by Sony Pictures Animation for Columbia Pictures . Sony Pictures Animation Sony Pictures Animation Columbia Pictures Columbia Pictures 3D 3D film computer-animated computer-animated film fantasy fantasy film comedy film comedy film The film tells a story of Count Dracula , the owner of a hotel called Hotel Transylvania where the world 's monsters can take a rest from human civilization . Count Dracula Count Dracula hotel hotel The film was nominated for a Golden Globe Award for Best Animated Feature Film . Golden Globe Award for Best Animated Feature Film Golden Globe Award for Best Animated Feature Film A television series based on the film is planned to premiere on Disney Channel in June 2017 , and it will focus on the teenage years of Mavis and her friends at the Hotel Transylvania . television series Hotel Transylvania: The Television Series Disney Channel Disney Channel",SUPPORTS
Mark Ruffalo is uninterested in social activism.,"Mark Alan Ruffalo -LRB- -LSB- ˈrʌfəloʊ -RSB- , born November 22 , 1967 -RRB- is an American actor , humanitarian , social activist and film producer . producer Film producer",REFUTES
Radioactive is a title.,"`` Radioactive '' is a song by American rock band Imagine Dragons for their major-label debut EP Continued Silence and later on their debut studio album , Night Visions -LRB- 2012 -RRB- , as the opening track . Imagine Dragons Imagine Dragons Night Visions Night Visions (album) rock Rock music EP Extended play Continued Silence Continued Silence `` Radioactive '' was first sent to modern rock radio on October 29 , 2012 , and released to contemporary radio on April 9 , 2013 . rock Rock music Musically , `` Radioactive '' is an electronic rock and alternative rock song with elements of dubstep and contains cryptic lyrics about apocalyptic and revolutionist themes . alternative rock alternative rock rock Rock music electronic rock electronic rock dubstep dubstep",SUPPORTS
Millie Bobby Brown wrote a drama series.,,NEI
Andy Warhol refused to be the founder of any magazine.,He is also notable as a gay man who lived openly as such before the gay liberation movement . gay gay gay liberation movement gay liberation,REFUTES
Tiger Woods has competed in a science fair.,,NEI
Snoop Dogg did not release Doggumentary in 2011.,"In 2012 , after a trip to Jamaica , Snoop announced a conversion to the Rastafari movement and a new alias , Snoop Lion . Jamaica Jamaica Rastafari movement Rastafari movement",REFUTES
Anne Frank was American.,"By May 1940 , the Franks were trapped in Amsterdam by the German occupation of the Netherlands . German occupation of the Netherlands German occupation of the Netherlands",REFUTES
"Emily Ratajkowski appeared in the music video for ""Happy"".",,NEI
Allen Ginsberg advocated for imperial politics.,,NEI
Miyu Irino is a voice actress.,,NEI
Shania Twain is a car.,"Shania Twain , OC -LRB- -LSB- ʃəˈnaɪ.ə _ ˈtweɪn -RSB- born Eilleen Regina Edwards ; August 28 , 1965 -RRB- is a Canadian singer and songwriter . OC Order of Canada Twain has sold over 85 million records , making her the best-selling female artist in the history of country music and one of the best-selling music artists of all time . best-selling music artists of all time List of best-selling music artists",REFUTES
The Sopranos show displays content of money and profit.,,NEI
Cary Grant has only ever been featured in the film Kingsman: The Secret Service.,"Having established himself as a major Hollywood star , he was nominated twice for the Academy Award for Best Actor , for Penny Serenade -LRB- 1941 -RRB- and None but the Lonely Heart -LRB- 1944 -RRB- . Academy Award for Best Actor Academy Award for Best Actor Penny Serenade Penny Serenade None but the Lonely Heart None but the Lonely Heart (film) In the 1940s and 1950s , Grant forged a working relationship with the director Alfred Hitchcock , appearing in films such as Suspicion -LRB- 1941 -RRB- , Notorious -LRB- 1946 -RRB- , To Catch a Thief -LRB- 1955 -RRB- and North by Northwest -LRB- 1959 -RRB- . Alfred Hitchcock Alfred Hitchcock Suspicion Suspicion (1941 film) Notorious Notorious (1946 film) To Catch a Thief To Catch a Thief North by Northwest North by Northwest Hitchcock admired Grant and considered him to have been the only actor that he had ever loved working with . None but the Lonely Heart is a 1944 American drama romance film which tells the story of a young Cockney drifter who returns home with no ambitions but finds that his family needs him . drama drama (genre) romance film romance film Cockney Cockney His comic timing and delivery made Grant what Premiere magazine considers to have been `` quite simply , the funniest actor cinema has ever produced '' . Premiere Premiere (magazine)",REFUTES
The 1998 NFL Draft was held in Boston.,"The draft was held April 18 -- 19 , 1998 , at the Theater at Madison Square Garden in New York City , New York . New York City New York City draft NFL draft 1998 1998 NFL season the Theater at Madison Square Garden the Theater at Madison Square Garden New York New York (state)",REFUTES
Israel has waged the longest space flight in modern times.,"However , peace treaties between Israel and both Egypt and Jordan have successfully been implemented . Jordan Israel–Jordan peace treaty Egypt Egypt–Israel Peace Treaty",REFUTES
Perth is the largest city in the continent Western Australia.,Perth is the capital and largest city of the Australian state of Western Australia . Perth Division of Perth capital List of Australian capital cities Australian state Australian states and territories Western Australia Western Australia Australia Australia Western Australia -LRB- abbreviated as WA -RRB- is a state occupying the entire western third of Australia . state States and territories of Australia Australia Australia,REFUTES
Jack Nicholson is an American actor.,"John Joseph `` Jack '' Nicholson -LRB- born April 22 , 1937 -RRB- is an American actor and filmmaker , who has performed for over 60 years .",SUPPORTS
Until Dawn requires many hours and self-discipline.,,NEI
Shirley MacLaine has not twice won a BAFTA for Best Foreign Actress.,,REFUTES
Louis C.K. is a stand-up comedian.,He has won the Grammy Award for Best Comedy Album twice . Grammy Award for Best Comedy Album Grammy Award for Best Comedy Album,SUPPORTS
Uli Edel directed a film in which Jennifer Jason Leigh appeared.,,NEI
The lion's scientific name is disputed.,The lion -LRB- Panthera leo -RRB- is one of the big cats in the genus Panthera and a member of the family Felidae . genus genus Panthera Panthera Felidae Felidae,REFUTES
Steve Harvey published a book in March 2017.,,NEI
Michael Winterbottom has worked with Kieran O'Brien.,,SUPPORTS
"Windsor, Ontario has a storied history.",Windsor is a major contributor to Canada 's automotive industry and has a storied history and a diverse culture . Canada Canada,SUPPORTS
Treasure was performed on The Doo-Wops & Hooligans Tour.,,NEI
Avril Lavigne is mute and deaf.,,NEI
Soundgarden was a Seattle rival of Nirvana.,,NEI
The Beach Boys was a band in the rock genre.,"The Beach Boys are an American rock band formed in Hawthorne , California , in 1961 . rock Rock music The group 's public image subsequently faltered , and despite efforts to continue their psychedelic/avant-garde ventures and reclaim their hippie audiences , they were dismissed as an embodiment of the values and outlooks shared by early 1960s white , suburban teenagers . psychedelic psychedelic music avant-garde avant-garde pop hippie hippie `` Good Vibrations '' is a song composed and produced by Brian Wilson with words by Mike Love for the American rock band the Beach Boys . Brian Wilson Brian Wilson Mike Love Mike Love rock rock music the Beach Boys the Beach Boys The continued success of their greatest hits albums during the mid 1970s precipitated the band 's transition into an oldies act , a move that was denigrated by critics and many fans . oldies oldies denigrated by critics and many fans Cultural impact of the Beach Boys#Critical assessment and rejection Smile -LRB- stylized as SMiLE -RRB- was a projected album by American rock band the Beach Boys intended to follow their 11th studio album , Pet Sounds -LRB- 1966 -RRB- . Pet Sounds Pet Sounds projected album unfinished creative work rock rock music the Beach Boys the Beach Boys studio studio album",SUPPORTS
Cara Delevingne portrayed Margo Roth Spiegelman in Paper Towns (2015).,"Her first major roles were as Margo Roth Spiegelman in the romantic mystery film Paper Towns -LRB- 2015 -RRB- , Kath Talent in London Fields , and the Enchantress in the comic book film Suicide Squad -LRB- 2016 -RRB- . Paper Towns Paper Towns (film) London Fields London Fields (film) Enchantress Enchantress (DC Comics) comic book comic book Suicide Squad Suicide Squad (film)",SUPPORTS
Jon Pertwee played a background character.,,NEI
Ecuador does not border Colombia.,"Ecuador -LRB- -LSB- ˈɛkwədɔːr -RSB- , -LSB- ekwaˈðor -RSB- -RRB- -LRB- Ikwadur -RRB- , officially the Republic of Ecuador -LRB- -LSB- República del Ecuador , -RSB- , which literally translates as `` Republic of the Equator '' ; Ikwadur Ripuwlika -RRB- , is a representative democratic republic in northwestern South America , bordered by Colombia on the north , Peru on the east and south , and the Pacific Ocean to the west . Equator Equator representative democratic representative democratic South America South America Colombia Colombia Peru Peru",REFUTES
Cochrane was previously known as the Cochrane Cooperative.,,NEI
Arjun Kapoor was incapable of hosting the seventh season of Fear Factor: Khatron Ke Khiladi.,,REFUTES
WALL-E won a British Academy Film Award.,,NEI
Saratoga failed to be produced and so no actors were included.,,NEI
Corey Taylor is a heavy metal vocalist.,,NEI
Newcastle United F.C.'s crest is traditional.,,SUPPORTS
The Hobbit did not receive wide critical acclaim.,"It was published on 21 September 1937 to wide critical acclaim , being nominated for the Carnegie Medal and awarded a prize from the New York Herald Tribune for best juvenile fiction . Carnegie Medal Carnegie Medal (literary award) New York Herald Tribune New York Herald Tribune",REFUTES
Zambia is bordered to the south by Madagascar.,,NEI
The World Bank Group's activities include urban development.,,NEI
Ulysses S. Grant divorced the 16th President of the United States.,,NEI
Liverpool F.C. was valued at $1.2 billion.,"The second was the Hillsborough disaster in 1989 , where 96 Liverpool supporters died in a crush against perimeter fencing . Liverpool Liverpool Hillsborough disaster Hillsborough disaster crush Human stampede",REFUTES
Paul Wesley is from North America.,"Pawel Tomasz Wasilewski -LRB- born July 23 , 1982 -RRB- , known professionally as Paul Wesley , is an American actor , director , and producer .",SUPPORTS
Amsterdam Airport Schiphol serves as a base for Jet Airways.,The end of the First World War also saw the beginning of civilian use of Schiphol Airport and the airport eventually lost its military role completely .,REFUTES
Streptococcus fails to be a genus of Gram-positive bacteria.,Streptococcus is a genus of coccus -LRB- spherical -RRB- Gram-positive bacteria belonging to the phylum Firmicutes and the order Lactobacillales -LRB- lactic acid bacteria -RRB- . Firmicutes Firmicutes Lactobacillales Lactobacillales genus genus coccus coccus Gram-positive bacteria Gram-positive bacteria,REFUTES
Mexico City is in Canada.,"Mexico City , or the City of Mexico -LRB- Ciudad de México , -LSB- sjuˈða ðe ˈmexiko -RSB- ; abbreviated as `` CDMX '' -RRB- , is the capital and most populous city of Mexico . Mexico Mexico It is located in the Valley of Mexico -LRB- Valle de México -RRB- , a large valley in the high plateaus at the center of Mexico , at an altitude of 2240 m . Mexico Mexico Valley of Mexico Valley of Mexico In 1524 , the municipality of Mexico City was established , known as México Tenochtitlán , and as of 1585 it was officially known as Ciudad de México -LRB- Mexico City -RRB- . Mexico Mexico municipality Municipalities of Mexico Ever since , the left-wing Party of the Democratic Revolution -LRB- PRD -RRB- has controlled both of them . Party of the Democratic Revolution Party of the Democratic Revolution In recent years , the local government has passed a wave of liberal policies , such as abortion on request , a limited form of euthanasia , no-fault divorce , and same-sex marriage . abortion Abortion in Mexico euthanasia Euthanasia in Mexico no-fault divorce no-fault divorce same-sex marriage Same-sex marriage in Mexico City",REFUTES
"Miami Beach had a total population of less than 90,000 in 2010.","As of the 2010 census , Miami Beach had a total population of 87,779 . Miami Miami 2010 census United States Census 2010",SUPPORTS
Jared Kushner is an German.,"Jared Corey Kushner -LRB- born January 10 , 1981 -RRB- is an American real estate investor and developer , newspaper owner , and senior advisor to President Donald Trump . Donald Trump Donald Trump senior advisor Senior Advisor to the President of the United States",REFUTES
Dwayne Johnson is also known as HHH.,,NEI
Billy Wilder was born in Europe.,"Samuel `` Billy '' Wilder -LSB- ˈwaɪldər -RSB- -LSB- ˈvɪldɐ -RSB- -LRB- June 22 , 1906March 27 , 2002 -RRB- was an Austrian-born Jewish-American filmmaker , screenwriter , producer , artist , and journalist whose career spanned more than five decades .",SUPPORTS
Queen Latifah has won an Oscar.,,NEI
Stars Dance is by American singer Selena Gomez.,Stars Dance is the solo debut studio album by American singer Selena Gomez . Selena Gomez Selena Gomez,SUPPORTS
Oh Yeon-seo birth year is 1987.,"Oh Yeon-seo -LRB- born Oh Haet-nim , on June 22 , 1987 -RRB- , is a South Korean actress and former member of South Korean girl group , LUV . LUV LUV (South Korean band)",SUPPORTS
New York City is in the Northeast megalopolis.,"It includes the major cities of Boston , Providence , Hartford , New York City , Philadelphia , Baltimore , and Washington , D.C. , along with their metropolitan areas and suburbs as well as many smaller urban centers . Boston Boston New York New York City Philadelphia Philadelphia Baltimore Baltimore suburbs suburbs Providence Providence, Rhode Island Hartford Hartford, Connecticut New York City New York City",SUPPORTS
"The principal photography of Split (2016 American film) began on November 11th, 2015.","The film received general acclaim , with some critics labeling it a welcoming return for Shyamalan , and was a massive financial success , grossing $ 276 million worldwide on a budget of $ 9 million .",SUPPORTS
Morena Baccarin is known for portraying Jessica Brody in Homeland.,"She is known for portraying Inara Serra in the series Firefly and the follow-up film Serenity , Adria in the series Stargate SG-1 and the follow-up film Stargate : The Ark of Truth , Anna in the 2009 version of the series V , Vanessa in the superhero comedy film Deadpool , and Jessica Brody in the Showtime series Homeland -LRB- for which she received an Emmy nomination for Outstanding Supporting Actress in a Drama Series in 2013 -RRB- . Inara Serra Inara Serra Firefly Firefly (TV series) Serenity Serenity (film) Adria Adria (Stargate) Stargate SG-1 Stargate SG-1 V V (2009 TV series) Vanessa Copycat (Marvel Comics) Deadpool Deadpool (film) Jessica Brody List of Homeland characters#Jessica Brody Showtime Showtime (TV channel) Homeland Homeland (TV series) Emmy Emmy award Outstanding Supporting Actress in a Drama Series Primetime Emmy Award for Outstanding Supporting Actress in a Drama Series",SUPPORTS
The Backstreet Boys are a group of vocalists who perform together.,"The Backstreet Boys -LRB- often abbreviated as BSB -RRB- are an American vocal group , formed in Orlando , Florida in 1993 . vocal group vocal group Backstreet Boys Backstreet Boys (1996 album) In the following year they celebrated their 20th anniversary and released their first independent album , In a World Like This -LRB- 2013 -RRB- . In a World Like This In a World Like This Never Gone is the fifth -LRB- fourth in the U.S. -RRB- studio album released by American vocal group Backstreet Boys as the follow up to their fourth -LRB- third in the U.S. -RRB- studio album Black & Blue after a short hiatus . Backstreet Boys Backstreet Boys Black & Blue Black & Blue (Backstreet Boys album) After the conclusion of the Never Gone Tour in 2006 , Richardson left the group to pursue other interests . Never Gone Never Gone Never Gone Tour Never Gone Tour After a two-year hiatus , they regrouped and released a comeback album Never Gone -LRB- 2005 -RRB- . Never Gone Never Gone",SUPPORTS
Short Term 12 is a dramatic American film.,Short Term 12 is a 2013 American drama film written and directed by Destin Daniel Cretton . Destin Daniel Cretton Destin Daniel Cretton drama film drama film,SUPPORTS
"Outlander (TV series) adapts the first, second, and third Outlander novels.",,NEI
Bob Dylan lacked the musical gifts to pursue a music career of any kind.,"As a musician , Dylan has sold more than 100 million records , making him one of the best-selling artists of all time . best-selling artists of all time List of best-selling music artists",REFUTES
George W. Bush campaigned against Hillary Clinton.,,NEI
Tony Goldwyn is an American actor.,"Anthony Howard Goldwyn -LRB- born May 20 , 1960 -RRB- is an American actor , producer , director and political activist .",SUPPORTS
Emma Thompson was discombobulated by Kenneth Branagh.,,NEI
The Aegean Sea has the Ganges as a connector.,"In the north , it is connected to the Marmara Sea and Black Sea by the Dardanelles and Bosphorus . Sea Sea Marmara Sea Marmara Sea Black Sea Black Sea Dardanelles Dardanelles Bosphorus Bosphorus",REFUTES
Naproxen causes fever.,"Naproxen -LRB- brand names : Aleve , Naprosyn , and many others -RRB- is a nonsteroidal anti-inflammatory drug -LRB- NSAID -RRB- of the propionic acid class -LRB- the same class as ibuprofen -RRB- that relieves pain , fever , swelling , and stiffness . nonsteroidal anti-inflammatory drug nonsteroidal anti-inflammatory drug propionic acid propionic acid ibuprofen ibuprofen fever fever swelling inflammation",REFUTES
The Comedian featured Danny DeVito.,"The film stars Robert De Niro , Leslie Mann , Danny DeVito , Edie Falco , Veronica Ferres , Charles Grodin , Cloris Leachman , Patti LuPone and Harvey Keitel . Robert De Niro Robert De Niro Leslie Mann Leslie Mann Danny DeVito Danny DeVito Edie Falco Edie Falco Veronica Ferres Veronica Ferres Charles Grodin Charles Grodin Cloris Leachman Cloris Leachman Patti LuPone Patti LuPone Harvey Keitel Harvey Keitel",SUPPORTS
Travis Barker collaborated with others.,"Barker has also performed as a frequent collaborator with hip-hop artists , and with the alternative rock band +44 , the rap rock group the Transplants , the alternative rock band Box Car Racer , and most recently with Antemasque . rap rock rap rock alternative rock alternative rock Antemasque Antemasque (band) Box Car Racer Box Car Racer Transplants Transplants (band) rock Rock music the Transplants the Transplants He was a frequent collaborator with the late DJ AM , and together they formed TRV$ DJAM . DJ AM DJ AM His career rose when he joined Blink-182 in 1998 . Blink-182 Blink-182 Barker collaborated with artists -LRB- including Game , Yelawolf , Tom Morello , Corey Taylor , Slaughterhouse , Raekwon , Busta Rhymes , RZA , Slash , and other musicians -RRB- for his solo debut album , Give the Drummer Some , which was released on March 15 , 2011 . Yelawolf Yelawolf Game Game (rapper) Tom Morello Tom Morello Corey Taylor Corey Taylor Slaughterhouse Slaughterhouse (group) Raekwon Raekwon Busta Rhymes Busta Rhymes RZA RZA Slash Slash (musician) Give the Drummer Some Give the Drummer Some In 2011 , he worked with Steve Aoki and Kid Cudi in Aoki 's hit single Cudi the Kid , as part of his album Wonderland , with Barker as lead drummer . Steve Aoki Steve Aoki Kid Cudi Kid Cudi",SUPPORTS
Tim Robbins was an American producer.,"Timothy Francis `` Tim '' Robbins -LRB- born October 16 , 1958 -RRB- is an American actor , screenwriter , director , producer , activist and musician . activist activism Dead Man Walking is a 1995 American crime drama film starring Susan Sarandon and Sean Penn , and co-produced and directed by Tim Robbins , who adapted the screenplay from the non-fiction book of the same name . Tim Robbins Tim Robbins Dead Man Walking Dead Man Walking (book) Susan Sarandon Susan Sarandon Sean Penn Sean Penn crime Crime film drama film drama film non-fiction book of the same name Dead Man Walking (book)",SUPPORTS
Tom Felton was in a movie in 1966.,Thomas Andrew `` Tom '' Felton -LRB- born 22 September 1987 -RRB- is an English actor .,REFUTES
Anne Frank was American.,Annelies Marie `` Anne '' Frank -LRB- -LSB- ʔanəliːs maˈʁiː ˈʔanə ˈfʁaŋk -RSB- ; -LSB- ʔɑnəˈlis maˈri ˈʔɑnə ˈfrɑŋk -RSB- ; 12 June 1929 -- February or March 1945 -RRB- was a German-born diarist .,REFUTES
Spider-Man (2002 film) stars an American actor and father.,,NEI
Ozzy Osbourne has a standard English accent.,"In the early 2000s , Osbourne became a reality television star , appearing as himself in the MTV reality show The Osbournes , alongside wife and manager Sharon and two of their three children , Kelly and Jack . reality television reality television MTV MTV The Osbournes The Osbournes Sharon Sharon Osbourne Kelly Kelly Osbourne Jack Jack Osbourne",REFUTES
Until Dawn received a negative critical response.,,REFUTES
Allen Ginsberg wrote a poem about Syrian refugees.,,REFUTES
Absolute Beginners was directed by Hitchcock.,"The film was directed by Julien Temple , featured David Bowie and Sade , and Patsy Kensit in one of her first mainstream roles . Julien Temple Julien Temple Patsy Kensit Patsy Kensit David Bowie David Bowie Sade Sade (band)",REFUTES
Stanley Kubrick is a horror film director.,"The Shining is a 1980 British-American psychological horror film produced and directed by Stanley Kubrick , co-written with novelist Diane Johnson , and starring Jack Nicholson , Shelley Duvall , Danny Lloyd , and Scatman Crothers . Stanley Kubrick Stanley Kubrick Diane Johnson Diane Johnson The Shining The Shining (novel) Jack Nicholson Jack Nicholson Shelley Duvall Shelley Duvall Scatman Crothers Scatman Crothers Danny Lloyd Danny Lloyd psychological horror psychological horror",SUPPORTS
Jimmy Carter presided over the establishment of only one new cabinet-level department.,"The end of his presidential tenure was marked by the 1979 -- 1981 Iran hostage crisis , the 1979 energy crisis , the Three Mile Island nuclear accident , and the Soviet invasion of Afghanistan . Iran hostage crisis Iran hostage crisis 1979 energy crisis 1979 energy crisis Three Mile Island nuclear accident Three Mile Island accident Soviet invasion of Afghanistan Soviet war in Afghanistan",REFUTES
Kangana Ranaut aspired to become a doctor due to the insistence of her dentist parents.,,NEI
Some English is spoken in Tanzania.,An unsuccessful mediation regarding this issue happened in March 2014 .,SUPPORTS
"Fifth Harmony has sold a total of 424,000 concert tickets in December of 2016.",,REFUTES
Zambia is bordered to the east by Ethiopia.,,NEI
Code Geass had a TV show.,", often referred to as simply Code Geass , is a Japanese anime series created by Sunrise , directed by Gorō Taniguchi , and written by Ichirō Ōkouchi , with original character designs by manga authors Clamp . Gorō Taniguchi Gorō Taniguchi Ichirō Ōkouchi Ichirō Ōkouchi Sunrise Sunrise (company) anime anime series Television program Clamp Clamp (manga artists) manga manga A television program -LRB- programme -RRB- is a segment of content intended for broadcast on over-the-air , cable television , or Internet television , other than a commercial , trailer , or any other segment of content not serving as attraction for viewership . Internet television Internet television commercial Television advertisement Set in an alternate timeline , the series focuses on how the former prince Lelouch vi Britannia obtains a power known as Geass and decides to use it to obliterate the Holy Britannian Empire , a superpower that has been conquering various countries . series Television program alternate timeline Alternate history Lelouch vi Britannia Lelouch Lamperouge superpower superpower It may be a single production , or more commonly , a series of related productions -LRB- also called a television show -RRB- . The series has also been adapted into various manga and light novels with the former showing various alternate scenarios from the TV series . series Television program manga manga",SUPPORTS
Franklin D. Roosevelt spearheaded state legislation.,,NEI
Game of thrones is a series.,"Game of Thrones is an American fantasy drama television series created by David Benioff and D. B. Weiss . David Benioff David Benioff D. B. Weiss D. B. Weiss fantasy fantasy drama Drama (film and television) The series premiered on HBO in the United States on April 17 , 2011 , and its sixth season ended on June 26 , 2016 . HBO HBO The series was renewed for a seventh season , which is scheduled to premiere on July 16 , 2017 , and will conclude with its eighth season in 2018 .",SUPPORTS
Java is the most populous island of Indonesia.,"The world 's most populous island , Java , contains more than half of the country 's population . most populous island List of islands by population Java Java",SUPPORTS
David Simon is a film producer.,"David Judah Simon -LRB- born February 9 , 1960 -RRB- is an American author , journalist , writer , and producer .",SUPPORTS
The World According to Paris had an all-male cast.,"It was filmed from November 2010 , with Hilton 's court-ordered community service stemming from her arrest in Las Vegas , Nevada for cocaine possession , to February 2011 , with her birthday party , the series co-starred Brooke Mueller , Lexi Dreyfus , Jennifer Rovero , Allison Melnick , Brooke Brinson -LRB- daughter of Kim Richards -RRB- , Hilton 's then-boyfriend Cy Waits , and Kathy Hilton . community service community service Las Vegas Las Vegas Valley Nevada Nevada cocaine cocaine Brooke Mueller Brooke Mueller Lexi Dreyfus Alexandra Dreyfus Jennifer Rovero Jennifer Rovero Allison Melnick Allison Melnick Kim Richards Kim Richards Kathy Hilton Kathy Hilton She is perhaps best known for appearing on the reality show The World According to Paris , where she is seen frequently accompanying Paris Hilton as she shops or travels . The World According to Paris The World According to Paris Paris Hilton Paris Hilton",REFUTES
"On January 17, 2003, That's So Raven debuted.","It debuted on Disney Channel on January 17 , 2003 , and ended its run on November 10 , 2007 . Disney Channel Disney Channel",SUPPORTS
Marlon Brando was in a film by by anyone but an American.,"Brando took a four-year hiatus before appearing in The Missouri Breaks -LRB- 1976 -RRB- . The Missouri Breaks The Missouri Breaks One-Eyed Jacks is a 1961 Western film directed by Marlon Brando ; it was the first and only film directed by him . Marlon Brando Marlon Brando Western film Western (genre) first and only List of directorial debuts After this , he was content with being a highly paid character actor in cameo roles , such as in Superman -LRB- 1978 -RRB- and The Formula -LRB- 1980 -RRB- , before taking a nine-year break from motion pictures . character actor character actor cameo roles Cameo appearance Superman Superman (1978 film) The Formula The Formula (1980 film) Francis Ford Coppola -LRB- -LSB- pronˈkoʊpələ -RSB- born April 7 , 1939 -RRB- , also credited as Francis Coppola , is a semi-retired American film director , producer , and screenwriter . film director film director producer Film producer screenwriter screenwriter The 1960s proved to be a fallow decade for Brando .",REFUTES
Samuel is Billy Wilder's first name.,"Samuel `` Billy '' Wilder -LSB- ˈwaɪldər -RSB- -LSB- ˈvɪldɐ -RSB- -LRB- June 22 , 1906March 27 , 2002 -RRB- was an Austrian-born Jewish-American filmmaker , screenwriter , producer , artist , and journalist whose career spanned more than five decades .",SUPPORTS
Jurassic World was Chris Pratt's most financially successful movie to date.,Pratt continued his leading man status with The Magnificent Seven and Passengers . leading man leading man The Magnificent Seven The Magnificent Seven (2016 film) Passengers Passengers (2016 film),SUPPORTS
Queen Latifah has not released any records.,"Born in Newark , New Jersey , she signed with Tommy Boy Records in 1989 and released her debut album All Hail the Queen the same year , featuring the hit single `` Ladies First '' . Tommy Boy Tommy Boy Entertainment Tommy Boy Records Tommy Boy Records All Hail the Queen All Hail the Queen All Hail the Queen is the debut album by hip hop artist Queen Latifah , released on November 28 , 1989 , under Tommy Boy Records . Queen Latifah Queen Latifah Tommy Boy Tommy Boy Records hip hop hip hop Tommy Boy Records Tommy Boy Records Her second album , Nature of a Sista -LRB- 1991 -RRB- , was her final album with Tommy Boy Records . Tommy Boy Tommy Boy Entertainment Tommy Boy Records Tommy Boy Records Nature of a Sista Nature of a Sista Nature of a Sista is the second studio album by American rapper Queen Latifah , released on September 3 , 1991 , in the United States . Queen Latifah Queen Latifah studio album studio album American United States United States United States",REFUTES
Dawn of the Planet of the Apes is a prequel to a 2011 movie.,"It is the sequel to the 2011 film Rise of the Planet of the Apes , which began 20th Century Fox 's reboot of the original Planet of the Apes series . Planet of the Apes Planet of the Apes 20th Century Fox 20th Century Fox Rise of the Planet of the Apes Rise of the Planet of the Apes",REFUTES
Catherina Zeta-Jones performed on Broadway.,,NEI
Anna Kendrick made her film debut in a musical comedy.,She made her film debut in the musical comedy Camp -LRB- 2003 -RRB- . Camp Camp (2003 film),SUPPORTS
Glenn Close began her professional baseball career in 1974.,,NEI
Lynyrd Skynyrd reunited in April 1987.,,NEI
Emily Browning is a singer.,Emily Jane Browning -LRB- born 7 December 1988 -RRB- is an Australian actress and singer .,SUPPORTS
Michael Jackson's death took place in Miami county.,,NEI
"Rebecca Ferguson starred in ""Life"".","She is best known for her lead role as Elizabeth Woodville in The White Queen -LRB- 2013 -RRB- , which earned her a Golden Globe nomination , and her starring roles as Ilsa Faust in Mission : Impossible -- Rogue Nation -LRB- 2015 -RRB- and as Dr. Miranda North in Life -LRB- 2017 -RRB- . Elizabeth Woodville Elizabeth Woodville The White Queen The White Queen (TV series) Golden Globe Golden Globe Life Life (2017 film)",SUPPORTS
Glacier is incapable of being affected by mean temperature.,,REFUTES
Burundi is populated by ants.,,NEI
California is on the Pacific coast.,"Located on the western -LRB- Pacific Ocean -RRB- coast of the U.S. , California is bordered by the other U.S. states of Oregon , Nevada , and Arizona and shares an international border with the Mexican state of Baja California . Pacific Ocean Pacific Ocean Oregon Oregon Nevada Nevada Arizona Arizona international border Mexico-United States border Mexican state States of Mexico Baja California Baja California Though California is well-known for its warm Mediterranean climate , the large size of the state means it can vary from moist temperate rainforest in the north , to arid desert in the interior , as well as snowy alpine in the mountains . Mediterranean climate Mediterranean climate temperate rainforest temperate rainforest desert desert climate alpine alpine climate",SUPPORTS
Lymelife is a 2009 film.,"Lymelife is a 2008 independent comedy-drama film written by brothers Derick Martini and Steven Martini , and directed by Derick Martini , depicting aspects of their life in 1970s Long Island from the perspective of a teenager . Derick Martini Derick Martini Steven Martini Steven Martini independent Independent film comedy-drama comedy-drama Long Island Long Island",REFUTES
Tina Turner made a song for an Indiana Jones film.,,NEI
Tony Bill shared an Academy Award for Best Actor with Michael Phillips and Julia Phillips.,,NEI
Three Men and a Baby stars Ted Danson.,"Three Men and a Baby is a 1987 American comedy film directed by Leonard Nimoy , and stars Tom Selleck , Steve Guttenberg , Ted Danson and Nancy Travis . Leonard Nimoy Leonard Nimoy Tom Selleck Tom Selleck Steve Guttenberg Steve Guttenberg Ted Danson Ted Danson comedy film comedy film Nancy Travis Nancy Travis",SUPPORTS
A fraction cannot exactly express the number pi.,The digits appear to be randomly distributed . randomly distributed random sequence,SUPPORTS
The Fifth Element was primarily set in the 29th century.,,NEI
Tom Morello became interested in entertainment.,,NEI
Rachel McAdams appeared in a drama.,"In 2002 , she made her Hollywood film debut in the comedy The Hot Chick . The Hot Chick The Hot Chick She was hailed by the media as Hollywood 's new `` it girl '' , and received a BAFTA nomination for Best Rising Star . it girl it girl BAFTA British Academy of Film and Television Arts Best Rising Star Rising Star Award, BAFTA In 2015 , her highest profile roles were in the second season of the HBO crime drama True Detective , and as journalist Sacha Pfeiffer in the drama Spotlight . HBO HBO True Detective True Detective Sacha Pfeiffer Sacha Pfeiffer Spotlight Spotlight (film) For her performance in Spotlight , she was nominated for the Academy Award for Best Supporting Actress . Spotlight Spotlight (film) Academy Award for Best Supporting Actress Academy Award for Best Supporting Actress In 2005 , she starred in the romantic comedy Wedding Crashers , the psychological thriller Red Eye , and the family comedy-drama The Family Stone . Wedding Crashers Wedding Crashers Red Eye Red Eye (2005 American film) The Family Stone The Family Stone",SUPPORTS
Fast Food Nation is a film that is categorized as comedy.,Fast Food Nation is a 2006 American-British comedy-drama film directed by Richard Linklater . Richard Linklater Richard Linklater Fast Food Nation Fast Food Nation comedy-drama comedy-drama,SUPPORTS
Andy Dwyer rarely takes a job as a shoe-shiner at Pawnee City Hall.,"He appears in the first season as Ann Perkins ' unemployed slacker boyfriend , then takes a job as a shoe-shiner at Pawnee City Hall in the second season . Ann Perkins Ann Perkins",REFUTES
"The Fate of the Furious was theatrically released in the United States on April 4th, 2017.",,NEI
Inception's cast includes Joseph Gordon-Levitt.,"The ensemble cast additionally includes Ken Watanabe , Joseph Gordon-Levitt , Marion Cotillard , Ellen Page , Tom Hardy , Dileep Rao , Cillian Murphy , Tom Berenger , and Michael Caine . Ken Watanabe Ken Watanabe Joseph Gordon-Levitt Joseph Gordon-Levitt Marion Cotillard Marion Cotillard Ellen Page Ellen Page Tom Hardy Tom Hardy Cillian Murphy Cillian Murphy Tom Berenger Tom Berenger Michael Caine Michael Caine ensemble cast ensemble cast Dileep Rao Dileep Rao",SUPPORTS
Dracula is a work.,Dracula is an 1897 Gothic horror novel by Irish author Bram Stoker . Bram Stoker Bram Stoker Gothic Gothic fiction Gothic horror Gothic fiction,SUPPORTS
The Divergent Series: Allegiant is based on a sticky note.,"It is the first of two cinematic parts based on the novel Allegiant , the final book in the Divergent trilogy by Veronica Roth , and the third installment in The Divergent Series . Allegiant Allegiant (novel) Veronica Roth Veronica Roth The Divergent Series The Divergent Series",REFUTES
Al Gore lost the electoral college to Bill Clinton.,,NEI
Basketball is played with a ball.,"The objective is to shoot a ball through a hoop 18 in in diameter and 10 ft high that is mounted to a backboard at each end of the court . court Basketball court shoot #Shooting ball basketball (ball) backboard Backboard (basketball) A team can also score via free throws , which are worth one point , after the other team is assessed with certain fouls . The game has many individual techniques for displaying skill -- ball-handling , shooting , passing , dribbling , dunking , shot-blocking , and rebounding . ball basketball (ball)",SUPPORTS
"Sarah Palin was born on June 10th, 1999.","Sarah Louise Palin -LRB- -LSB- ˈpeɪlᵻn -RSB- née Heath ; born February 11 , 1964 -RRB- is an American politician , commentator , and author who served as the ninth Governor of Alaska from 2006 until her resignation in 2009 . Governor of Alaska Governor of Alaska ninth List of Governors of Alaska",REFUTES
Two of Lynyrd Skynyrd's band members died in an automobile accident.,,NEI
The Khmer Empire is a separate entity from the Angkor Empire.,"The Khmer Empire , officially the Angkor Empire , the predecessor state to modern Cambodia -LRB- `` Kampuchea '' or `` Srok Khmer '' to the Khmer people -RRB- , was a powerful Hindu-Buddhist empire in Southeast Asia . Angkor Angkor predecessor state predecessor state Cambodia Cambodia Khmer people Khmer people Hindu Hindu Buddhist Buddhist Southeast Asia Southeast Asia",REFUTES
Vince Vaughn appeared in a 1999 film.,,NEI
Jake Gyllenhaal is in La La Land.,,NEI
Star Wars is a franchise based on a film series by George Lucas.,"Star Wars is an American epic space opera franchise , centered on a film series created by George Lucas . George Lucas George Lucas Star Wars Star Wars (film) epic epic film space opera space opera film series film series",SUPPORTS
Andrew Jackson was a Buddhist.,,NEI
Mr. Nobody was made in the 21st century.,"Mr. Nobody is a 2009 science fiction drama film written and directed by Jaco Van Dormael and starring Jared Leto , Sarah Polley , Diane Kruger , Linh Dan Pham , Rhys Ifans , Natasha Little , Toby Regbo and Juno Temple . Jaco Van Dormael Jaco Van Dormael Jared Leto Jared Leto Sarah Polley Sarah Polley Diane Kruger Diane Kruger Linh Dan Pham Linh Dan Pham Rhys Ifans Rhys Ifans Natasha Little Natasha Little Toby Regbo Toby Regbo Juno Temple Juno Temple science fiction science fiction film drama film drama film",SUPPORTS
Adrian Molina co-directed The Good Dinosaur.,,NEI
Daniel Day-Lewis spent three years in prison for larceny.,,NEI
The Jacksons aired on cable.,"CBS -LRB- an initialism of the network 's former name , the Columbia Broadcasting System -RRB- is an American English language commercial broadcast television network that is a flagship property of CBS Corporation . television network television network English English language CBS Corporation CBS Corporation American United States English language English language commercial broadcast commercial broadcasting television television network Television network",REFUTES
Yardie is a book.,"Yardie was the first novel by Jamaican-born British writer Victor Headley , published in London in 1992 by Dotun Adebayo 's X Press . British United Kingdom Victor Headley Victor Headley Dotun Adebayo Dotun Adebayo X Press X Press Originally published by X Press , a two-man operation , the book was produced on a desktop computer and distributed through unusual channels : it was sold at clothing shops , hairdressers , and even on top of over-turned dumpsters outside of nightclubs . X Press X Press",SUPPORTS
Observer Media is an American company.,Observer Media is an American print and online media company . American United States print Publishing online online media company media company,SUPPORTS
Charles II of England never died on 6 February 1685.,"Charles II -LRB- 29 May 1630 -- 6 February 1685 -RRB- was king of England , Scotland and Ireland . Scotland Kingdom of Scotland Ireland Kingdom of Ireland England Kingdom of England",SUPPORTS
Negan's boss is based on Henry Rollins.,,NEI
"In Burundi, there are zero registered parties.",The population density of around 315 people per square kilometre -LRB- 753 per sq mi -RRB- is the second highest in Sub-Saharan Africa . Sub-Saharan Africa Sub-Saharan Africa,REFUTES
Vanilla Sky stars a Spanish model.,The soundtrack was also critically acclaimed .,SUPPORTS
Brittany Murphy worked on 8 Mile with Eminem.,Murphy also voiced Luanne Platter on the animated television series King of the Hill -LRB- 1997 -- 2009 -RRB- . Luanne Platter Luanne Platter King of the Hill King of the Hill,SUPPORTS
Zooey Deschanel plays the guitar.,,NEI
There are Christian states in the world.,"Today , several nations officially identify themselves as Christian states and/or have state churches , including Costa Rica , Denmark , England , Greece , Iceland , Liechtenstein , Monaco , Tonga , Tuvalu , Vatican City , and Zambia . Costa Rica Costa Rica Denmark Denmark England England Greece Greece Iceland Iceland Liechtenstein Liechtenstein Monaco Monaco Tonga Tonga Tuvalu Tuvalu Vatican City Vatican City Zambia Zambia",SUPPORTS
Austria possesses a parliament.,"Austria is one of the richest countries in the world , with a nominal per capita GDP of $ 43,724 . richest countries in the world List of countries by GDP (nominal) per capita Austria also signed the Schengen Agreement in 1995 , and adopted the euro currency in 1999 . Schengen Agreement Schengen Agreement euro euro",SUPPORTS
Large numbers of civilians were put to death during the French Revolution.,"Napoleon , who became the hero of the Revolution through his popular military campaigns , went on to establish the Consulate and later the First Empire , setting the stage for a wider array of global conflicts in the Napoleonic Wars . Napoleon Napoleon Consulate French Consulate Napoleonic Wars Napoleonic Wars",SUPPORTS
Sunrise created Crusher Joe.,,NEI
Taylor Kitsch worked on the 2012 film Wendy's.,"He is best known for his work in films such as X-Men Origins : Wolverine -LRB- 2009 -RRB- , Battleship -LRB- 2012 -RRB- , John Carter -LRB- 2012 -RRB- , Savages -LRB- 2012 -RRB- , and Lone Survivor -LRB- 2013 -RRB- . Battleship Battleship (film) John Carter John Carter (film) Savages Savages (2012 film) Lone Survivor Lone Survivor (film)",REFUTES
Tim Rice collaborated with a Finn.,,NEI
Bradley Cooper found great success with the black comedy crime film purple.,,NEI
"On Twitter, there were 340 million ads per day in 2012.",,NEI
Chandni stars an actress born on a plane.,,NEI
Lisa Bonet is named in the United States of America.,,NEI
Sylvester Stallone's name is Michael.,"Michael Sylvester Gardenzio Stallone -LRB- -LSB- stəˈloʊn -RSB- -LSB- stalˈloːne -RSB- ; born July 6 , 1946 -RRB- is an American actor , filmmaker , and screenwriter .",SUPPORTS
The Second Punic War only has the one name.,"The Second Punic War , also referred to as The Hannibalic War and -LRB- by the Romans -RRB- the War Against Hannibal , lasted from 218 to 201 BC and involved combatants in the western and eastern Mediterranean . Hannibal Hannibal Mediterranean Mediterranean",REFUTES
The French Open takes place in Paris.,"The French Open , often referred to as Roland-Garros -LRB- -LSB- ʁɔlɑ̃ ɡaʁɔs -RSB- -RRB- , is a major tennis tournament held over two weeks between late May and early June at the Stade Roland-Garros in Paris , France . Paris Paris France France tennis tennis tournament tournament Stade Roland-Garros Stade Roland Garros",SUPPORTS
J. Cole was named in 1985.,,NEI
The National Security Agency is responsible for the processing of data for counterintelligence purposes.,,NEI
Jared Kushner is a New Yorker.,,NEI
"Anaheim, California is in Okla County.","Anaheim -LRB- pronounced -LSB- ˈænəhaɪm -RSB- -RRB- is a city in Orange County , California , part of the Los Angeles metropolitan area . California California Orange County Orange County, California County List of counties in California Orange Orange County, California Los Angeles metropolitan area Los Angeles metropolitan area",REFUTES
Delhi is in debt.,"It has been captured , ransacked and rebuilt several times , particularly during the medieval period , and modern Delhi is a cluster of a number of cities spread across the metropolitan region .",REFUTES
Vincent Cassel is a person.,"Vincent Cassel -LRB- -LSB- vɛ̃sɑ̃ kasɛl -RSB- ; born Vincent Crochon , 23 November 1966 -RRB- is a French actor best known to English-speaking audiences through his film performances in Ocean 's Twelve and Ocean 's Thirteen , as well as Black Swan . French France Black Swan Black Swan (film)",SUPPORTS
A producer had a role on K-pop Star 2.,,NEI
Hotel Transylvania started production in 2013.,Hotel Transylvania is a 2012 American 3D computer-animated fantasy comedy film produced by Sony Pictures Animation for Columbia Pictures . Sony Pictures Animation Sony Pictures Animation Columbia Pictures Columbia Pictures 3D 3D film computer-animated computer-animated film fantasy fantasy film comedy film comedy film,REFUTES
Oprah continued to submit her show to the Daytime Emmy Awards until 2005.,,REFUTES
Maria Sharapova has yet to receive a suspension.,,REFUTES
Turkey started accession negotiations with Emperor Palpatine.,,NEI
Hugo Weaving is an actor.,"Hugo Wallace Weaving -LRB- born 4 April 1960 -RRB- is a Nigerian-born English-Australian film and stage actor . Nigerian Colony and Protectorate of Nigeria English-Australian English Australians English England cricket team He is best known for playing Agent Smith in The Matrix trilogy -LRB- 1999 -- 2003 -RRB- , Elrond in The Lord of the Rings -LRB- 2001 -- 2003 -RRB- and The Hobbit -LRB- 2012 -- 2014 -RRB- film trilogies , V in V for Vendetta -LRB- 2006 -RRB- , Red Skull in Captain America : The First Avenger -LRB- 2011 -RRB- and Tom Doss in Hacksaw Ridge -LRB- 2016 -RRB- . Agent Smith Agent Smith The Matrix The Matrix trilogy Elrond Elrond The Lord of the Rings The Lord of the Rings (film series) The Hobbit The Hobbit (film series) V V (comics) V for Vendetta V for Vendetta (film) Red Skull Red Skull Hacksaw Ridge Hacksaw Ridge Weaving played Anthony `` Tick '' Belrose/Mitzi Del Bra in the comedy-drama The Adventures of Priscilla , Queen of the Desert -LRB- 1994 -RRB- ; and multiple roles in the science fiction film Cloud Atlas -LRB- 2012 -RRB- . Cloud Atlas Cloud Atlas (film) His roles as a voice actor include Rex in Babe , Noah in Happy Feet and Happy Feet Two , and Megatron in the Transformers film series . voice actor voice acting Babe Babe (film) Happy Feet Happy Feet Happy Feet Two Happy Feet Two Megatron Megatron Transformers Transformers (film series) Weaving 's awards for acting include a Satellite Award , MTV Movie Award and six Australian Film Institute Awards . Satellite Award Satellite Award MTV Movie Award MTV Movie Award Australian Film Institute Awards Australian Film Institute",SUPPORTS
Bahrain is an island country.,"It is an island country consisting of a small archipelago centered around Bahrain Island , situated between the Qatar peninsula and the north eastern coast of Saudi Arabia , to which it is connected by the 25 km King Fahd Causeway . King King island country island country archipelago archipelago Bahrain Island Bahrain Island Qatar Qatar Saudi Arabia Saudi Arabia King Fahd Causeway King Fahd Causeway",SUPPORTS
The Wizard of Oz is a musical film.,"The Wizard of Oz is a 1939 American musical fantasy comedy-drama film produced by Metro-Goldwyn-Mayer , and the best-known and most commercially successful adaptation based on the 1900 novel The Wonderful Wizard of Oz by L. Frank Baum . The Wonderful Wizard of Oz The Wonderful Wizard of Oz L. Frank Baum L. Frank Baum Metro-Goldwyn-Mayer Metro-Goldwyn-Mayer musical Musical film fantasy Fantasy film comedy-drama film comedy-drama film",SUPPORTS
Baahubali 2: The Conclusion was directed by S. S. Rajamouli.,"Baahubali 2 : The Conclusion , also known by the initialism BB2 , is a 2017 Indian historical fiction film co-written and directed by S. S. Rajamouli . S. S. Rajamouli S. S. Rajamouli initialism initialism historical fiction historical fiction",SUPPORTS
Home Alone features a holiday.,,NEI
Ecuador is a democratic republic with representatives in northwestern South America.,,NEI
Mankatha grossed the second lowest opening of all time.,,REFUTES
San Francisco has a bay that connects to the Pacific Ocean.,,NEI
Katrina Kaif is an entertainer.,"Katrina Kaif -LRB- -LSB- kəˈʈriːnaː ˈkɛːf -RSB- , born Katrina Turquotte , 16 July 1983 -RRB- is a British film actress and model known for her work in Indian films . Indian films Indian cinema She followed with a series of box-office hits , but was criticised for her acting , repetitive roles and inclination to male-dominated films . male-dominated Androcentrism In addition to acting , Kaif is involved with her mother 's charity and participates in stage shows . She is guarded about her personal life , which is a subject of media scrutiny , as is her background .",SUPPORTS
Warm Leatherette was released by Russians.,"Warm Leatherette is the fourth studio album by Grace Jones , released on 9 May 1980 by Island Records . Grace Jones Grace Jones Island Island Records Warm Leatherette Warm Leatherette#Grace Jones version Island Records Island Records Island Records is a British-American record label that operates as a division of Universal Music Group -LRB- UMG -RRB- . Universal Music Group Universal Music Group record label record label division Division (business)",REFUTES
An MTV award was awarded to Ludacris.,"Throughout his career , Ludacris has won Screen Actors Guild , Critic 's Choice , MTV , and Grammy Awards . Screen Actors Guild Screen Actors Guild Awards MTV MTV Video Music Awards",SUPPORTS
Fred Savage is a thespian.,"Frederick Aaron `` Fred '' Savage -LRB- born July 9 , 1976 -RRB- is an American actor , director , and producer .",SUPPORTS
Ketogenic diet contains a lot of food.,,NEI
Many people in Azerbaijan can read.,,NEI
Suits stars a dog named Harvey Specter.,"The focal point of the show follows talented college dropout Mike Ross -LRB- Patrick J. Adams -RRB- , who initially works as a law associate for Harvey Specter -LRB- Gabriel Macht -RRB- , despite never actually attending law school . Gabriel Macht Gabriel Macht Patrick J. Adams Patrick J. Adams",REFUTES
George W. Bush's paternal grandfather is the late Prescott Bush.,"Bush responded with what became known as the Bush Doctrine : launching a `` War on Terror '' , an international military campaign that included the war in Afghanistan in 2001 and the Iraq War in 2003 . Bush Doctrine Bush Doctrine War on Terror War on Terror war in Afghanistan War in Afghanistan (2001–14) Iraq War Iraq War Prescott Sheldon Bush , Sr. -LRB- May 15 , 1895October 8 , 1972 -RRB- was an American banker and senator .",SUPPORTS
Tiffany Hwang was the second member of Girls' Generation to quit the band.,,NEI
The Voice is a competition for singing.,The Voice is an American reality television singing competition broadcast on NBC . NBC NBC,SUPPORTS
A The Silence of the Lambs character is not Clarice Starling.,"In the film , Clarice Starling , a young U.S. FBI trainee , seeks the advice of the imprisoned Dr. Lecter to apprehend another serial killer , known only as `` Buffalo Bill '' . serial killer serial killer Clarice Starling Clarice Starling FBI Federal Bureau of Investigation Buffalo Bill Buffalo Bill (character)",REFUTES
Brigitte Macron is the second wife of the President of the French Republic.,,NEI
Tony Bill spearheaded Six Weeks.,,NEI
Austria was ruled by martial law.,,NEI
Michael Jackson was killed by Dr. Oz.,,NEI
Raising Arizona had Holly Hunter in it.,,SUPPORTS
The Bold and the Beautiful has been viewed by no persons.,"The Bold and the Beautiful has also won 31 Daytime Emmy Awards , including one for Outstanding Drama Series in 2009 and again in 2010 , as well as in 2011 . Drama Drama (genre) Outstanding Drama Series Daytime Emmy Award for Outstanding Drama Series The Bold and the Beautiful -LRB- often referred to as B&B -RRB- is an American television soap opera created by William J. Bell and Lee Phillip Bell for CBS . William J. Bell William J. Bell Lee Phillip Bell Lee Phillip Bell CBS CBS television television soap opera soap opera",REFUTES
Richard Gere has no experience acting.,"Richard Tiffany Gere -LRB- -LSB- ˈɡɪər -RSB- ; born August 31 , 1949 -RRB- is an American actor and humanitarian activist . American People of the United States He began acting in the 1970s , playing a supporting role in Looking for Mr. Goodbar and a starring role in Days of Heaven . Looking for Mr. Goodbar Looking for Mr. Goodbar (film) Days of Heaven Days of Heaven He came to prominence in 1980 for his role in the film American Gigolo , which established him as a leading man and a sex symbol . American People of the United States American Gigolo American Gigolo leading man leading man sex symbol sex symbol He went on to star in several hit films , including An Officer and a Gentleman , Pretty Woman , Primal Fear , Runaway Bride , Arbitrage and Chicago , for which he won a Golden Globe Award for Best Actor and a Screen Actors Guild Award for part of the Best Cast . An Officer and a Gentleman An Officer and a Gentleman Pretty Woman Pretty Woman Primal Fear Primal Fear (film) Runaway Bride Runaway Bride (film) Arbitrage Arbitrage (film) Chicago Chicago (2002 film) Golden Globe Golden Globe Screen Actors Guild Screen Actors Guild",REFUTES
Russell Crowe portrayed John F. Nash in the biopic A Beautiful Mind.,"Crowe 's work has earned him several accolades during his career and including a star on the Hollywood Walk of Fame , three consecutive Academy Award nominations -LRB- 1999 -- 2001 -RRB- , one Golden Globe Award for Best Actor , one BAFTA , and an Academy Award . Hollywood Walk of Fame Hollywood Walk of Fame",SUPPORTS
Roman Reigns is a one-time United States Champion.,"However , Reigns ' ascendancy as a world title-chasing/holding heroic underdog has been marked by critics ' disapproval and overwhelmingly negative crowd reactions . world title Professional wrestling championship#World championships heroic Face (professional wrestling) underdog Underdog (term)",SUPPORTS
Tony Goldwyn is a German director.,"Anthony Howard Goldwyn -LRB- born May 20 , 1960 -RRB- is an American actor , producer , director and political activist .",REFUTES
The National League includes the Miami Marlins.,"The Marlins compete in Major League Baseball -LRB- MLB -RRB- as a member of the National League -LRB- NL -RRB- East division . Major League Baseball Major League Baseball National League National League East National League East Torborg 's successor , 72-year-old Jack McKeon , led them to the NL wild card berth in the postseason ; they defeated the New York Yankees four games to two in the 2003 World Series . 2003 2003 Florida Marlins season World Series World Series wild card Wild card (sports) postseason Major League Baseball postseason Jack McKeon Jack McKeon New York Yankees New York Yankees 2003 World Series 2003 World Series",SUPPORTS
Split was directed by M. Night Shymalan in 2001.,"Split is a 2016 American psychological horror-thriller film written and directed by M. Night Shyamalan . M. Night Shyamalan M. Night Shyamalan psychological horror psychological horror thriller film thriller film The film received general acclaim , with some critics labeling it a welcoming return for Shyamalan , and was a massive financial success , grossing $ 276 million worldwide on a budget of $ 9 million .",REFUTES
Alkaline Trio recorded an EP.,"The band subsequently recorded an EP , For Your Lungs Only -LRB- 1998 -RRB- , and its debut studio album , Goddamnit -LRB- 1998 -RRB- . For Your Lungs Only For Your Lungs Only Goddamnit Goddamnit",SUPPORTS
Chandni stars exclusively Peruvian producers.,,NEI
Daddy Yankee made a single called Barrio Fino.,,NEI
Monarch of the Glen is a book.,Monarch of the Glen is a British drama television series produced by Ecosse Films for BBC Scotland and broadcast on BBC One for seven series between 2000 and 2005 . BBC One BBC One British United Kingdom Ecosse Films Ecosse Films BBC Scotland BBC Scotland,REFUTES
Venus is the first planet from the center of the Solar System.,"Venus is the second planet from the Sun , orbiting it every 224.7 Earth days . Sun Sun planet planet Earth Earth",REFUTES
Boyz II Men received recognition.,"Boyz II Men continue to perform worldwide , as a trio .",SUPPORTS
Cowboy was played during Super Bowl XXXVIII.,,SUPPORTS
The United States battled in the Vietnam War to prevent the spread of communism.,"U.S. involvement escalated further following the 1964 Gulf of Tonkin incident , in which a U.S. destroyer clashed with North Vietnamese fast attack craft , which was followed by the Gulf of Tonkin Resolution , which gave the U.S. president authorization to increase U.S. military presence . Gulf of Tonkin incident Gulf of Tonkin incident North Vietnamese North Vietnamese Gulf of Tonkin Resolution Gulf of Tonkin Resolution The Vietnam War -LRB- Chiến tranh Việt Nam -RRB- , also known as the Second Indochina War , and known in Vietnam as Resistance War Against America -LRB- Kháng chiến chống Mỹ -RRB- or simply the American War , was a war that occurred in Vietnam , Laos , and Cambodia from 1 November 1955 to the fall of Saigon on 30 April 1975 . Saigon Battle of Saigon (1968) Cambodia Cambodia Laos Laos Indochina Indochina Vietnam Vietnam fall of Saigon fall of Saigon",SUPPORTS
Barbara Bush was the founder of the Barbara Bush Foundation for Family Literacy.,,SUPPORTS
Superman was created by Richard Donner.,,NEI
J.Lo (album) was released before 2001.,"It was released on January 23 , 2001 , by Epic Records . Epic Epic Records Epic Records Epic Records",REFUTES
"Seth MacFarlane criticized the lyrics for ""Everybody Needs a Best Friend.""",,REFUTES
Gabrielle Union has only ever been an author.,"Gabrielle Monique Union -LRB- born October 29 , 1972 -RRB- is an American actress . She began her career in 1990s , appearing on television sitcoms , before landing supporting roles in teen comedy films She 's All That and 10 Things I Hate About You -LRB- 1999 -RRB- . 10 Things I Hate About You 10 Things I Hate About You 10 Things I Hate About You is a 1999 American romantic comedy film directed by Gil Junger and starring Julia Stiles , Heath Ledger , Joseph Gordon-Levitt , and Larisa Oleynik . Gil Junger Gil Junger Julia Stiles Julia Stiles Heath Ledger Heath Ledger Joseph Gordon-Levitt Joseph Gordon-Levitt Larisa Oleynik Larisa Oleynik romantic comedy film romantic comedy film Her breakthrough role was in the 2000 teen comedy film Bring It On , after which she was female lead in the short-lived CBS medical drama series City of Angels later that year . Bring It On Bring It On (film) CBS CBS City of Angels City of Angels (2000 TV series) Bring It On is a 2000 American teen comedy film directed by Peyton Reed and written by Jessica Bendinger . Peyton Reed Peyton Reed Jessica Bendinger Jessica Bendinger teen Teen film comedy film comedy film Bring It On Bring It On (film series)",REFUTES
Hugh Jackman was in a film.,"Jackman has won international recognition for his roles in a variety of film genres . He is known for his long-running role as Wolverine in the X-Men film series , as well as for his lead roles in films such as the romantic-comedy fantasy Kate & Leopold -LRB- 2001 -RRB- , the action-horror film Van Helsing -LRB- 2004 -RRB- , the magic-themed drama The Prestige -LRB- 2006 -RRB- , the epic fantasy drama The Fountain -LRB- 2006 -RRB- , the epic historical romantic drama Australia -LRB- 2008 -RRB- , the film version of Les Misérables -LRB- 2012 -RRB- , and the thriller Prisoners -LRB- 2013 -RRB- . Wolverine Wolverine (character) Kate & Leopold Kate & Leopold Van Helsing Van Helsing (film) The Prestige The Prestige (film) The Fountain The Fountain Australia Australia (2008 film) Les Misérables Les Misérables (2012 film) Prisoners Prisoners (2013 film) His work in Les Misérables earned him his first Academy Award nomination for Best Actor and his first Golden Globe Award for Best Actor -- Motion Picture Musical or Comedy in 2013 . Les Misérables Les Misérables (2012 film) Academy Award Academy Award Best Actor Academy Award for Best Actor",SUPPORTS
Wyatt Earp's first wife perished shortly before their first child was to be born.,His third arrest was subject of a lengthy account in the `` Daily Transcript '' which referred to him as an `` old offender '' and nicknamed him the `` Peoria Bummer '' .,SUPPORTS
"Jack Nicholson has played the ""eternal outsider, the sardonic drifter.""","In many of his films , he has played the `` eternal outsider , the sardonic drifter , '' someone who rebels against the social structure .",SUPPORTS
Robert Wagner published his autobiography.,,SUPPORTS
The Lion King is only a play.,"The Lion King is a 1994 American animated epic musical film , produced by Walt Disney Feature Animation and released by Walt Disney Pictures . Walt Disney Pictures Walt Disney Pictures Walt Disney Feature Animation Walt Disney Animation Studios epic Epic film musical musical film It is the 32nd Disney animated feature film . Disney animated feature film List of Walt Disney Animation Studios films The film features an ensemble voice cast that includes Matthew Broderick , James Earl Jones , Jeremy Irons , Jonathan Taylor Thomas , Moira Kelly , Nathan Lane , Ernie Sabella , Rowan Atkinson , Robert Guillaume , Madge Sinclair , Whoopi Goldberg , Cheech Marin , and Jim Cummings . Jonathan Taylor Thomas Jonathan Taylor Thomas Matthew Broderick Matthew Broderick James Earl Jones James Earl Jones Jeremy Irons Jeremy Irons Moira Kelly Moira Kelly Ernie Sabella Ernie Sabella Nathan Lane Nathan Lane Robert Guillaume Robert Guillaume Rowan Atkinson Rowan Atkinson Whoopi Goldberg Whoopi Goldberg Cheech Marin Cheech Marin Jim Cummings Jim Cummings Madge Sinclair Madge Sinclair ensemble voice cast Ensemble cast",REFUTES
John Wayne Gacy Jr. was not an American citizen.,"John Wayne Gacy Jr. -LRB- March 17 , 1942 -- May 10 , 1994 -RRB- was an American serial killer and rapist . American Americans serial killer serial killer rapist rapist",REFUTES
Geraldine Chaplin has a Spain home.,,SUPPORTS
Chris Hardwick died before hosting Talking Dead.,"He currently hosts Talking Dead , an hourly aftershow on AMC , affiliated with the network 's zombie drama series The Walking Dead and Fear the Walking Dead as well as `` Talking with Chris Hardwick '' , a show in which Hardwick interviews prominent pop culture figures ; @midnight with Chris Hardwick , a nightly comedy-game show series on Comedy Central , and The Wall , a `` plinko '' inspired gameshow on NBC . pop culture popular culture Talking Dead Talking Dead aftershow aftershow AMC AMC (TV channel) The Walking Dead The Walking Dead (TV series) Fear the Walking Dead Fear the Walking Dead comedy comedy game show game show Comedy Central Comedy Central The Wall The Wall (U.S. game show) plinko plinko NBC NBC",REFUTES
Paul Bettany and Jennifer Connelly have two homes.,,NEI
Eddie Vedder is a member of the jazz band Pearl Jam.,"Eddie Vedder -LRB- born Edward Louis Severson ; December 23 , 1964 -RRB- is an American musician , singer and songwriter best known as a member of the rock band Pearl Jam , with whom he performs lead vocals and is one of three guitarists . Pearl Jam Pearl Jam rock Rock music",REFUTES
David Thewlis played Macbeth.,"Other notable performances include the films Naked -LRB- for which he won the Best Actor award at Cannes Film Festival -RRB- , Dragonheart , Kingdom of Heaven , The Boy in the Striped Pyjamas , The Theory of Everything , Black Beauty , and Macbeth -LRB- in which he played King Duncan -RRB- . Naked Naked (1993 film) Best Actor Best Actor Award (Cannes Film Festival) Cannes Film Festival Cannes Film Festival Dragonheart Dragonheart Kingdom of Heaven Kingdom of Heaven (film) The Boy in the Striped Pyjamas The Boy in the Striped Pyjamas (film) The Theory of Everything The Theory of Everything (2014 film) Black Beauty Black Beauty (1994 film) Macbeth Macbeth (2015 film) King Duncan King Duncan He is the father of two youthful sons -LRB- Malcolm and Donalbain -RRB- , and the victim of a well-plotted regicide in a power grab by his trusted captain Macbeth . Macbeth Macbeth (character) Malcolm Malcolm (Macbeth) Donalbain Donalbain (Macbeth) regicide regicide",REFUTES
Halle Berry was in the Miss USA Pageant in 1989.,,NEI
An early statement of faith for Christianity is the Torah.,"is an Abrahamic monotheistic religion based on the life and teachings of Jesus Christ , who serves as the focal point for the religion . Abrahamic Abrahamic religions monotheistic Monotheism religion religion life Life of Jesus in the New Testament teachings Ministry of Jesus Jesus Christ Jesus focal point for the religion Jesus in Christianity Christ Christ (title) It can most specifically mean the first five books -LRB- Pentateuch -RRB- of the twenty-four books of the Tanakh , and it usually includes the rabbinic commentaries -LRB- -LSB- Rabbinic literature #Meforshim , perushim -RSB- -RRB- . Tanakh Tanakh According to the Midrash , the Torah was created prior to the creation of the world , and was used as the blueprint for Creation . Midrash Midrash creation of the world Genesis creation narrative According to rabbinic tradition , all of the teachings found in the Torah , both written and oral , were given by God through the prophet Moses , some at Mount Sinai and others at the Tabernacle , and all the teachings were written down by Moses , which resulted in the Torah that exists today . God God in Judaism Moses Moses Mount Sinai Biblical Mount Sinai Tabernacle Tabernacle written down by Moses Mosaic authorship The Torah -LRB- -LSB- ˈtɔːrə , ˈtoʊrə -RSB- , `` instruction , teaching '' -RRB- is the central reference of Judaism . Judaism Judaism",REFUTES
Kristofer Hivju is a mayor.,,NEI
Martin Freeman refused the role of Lester Nygaard.,"Martin John Christopher Freeman -LRB- born 8 September 1971 -RRB- is an English actor , who became known for portraying Tim Canterbury in the original UK version of sitcom mockumentary The Office , Dr. John Watson in the British crime drama Sherlock , Bilbo Baggins in Peter Jackson 's The Hobbit film trilogy , and Lester Nygaard in the dark comedy-crime drama TV series Fargo . Sherlock Sherlock (TV series) Tim Canterbury Tim Canterbury The Office The Office (UK TV series) Dr. John Watson Dr. Watson Bilbo Baggins Bilbo Baggins Peter Jackson Peter Jackson Lester Nygaard Lester Nygaard",REFUTES
Slash exclusively sang lead in all his bands.,"After leaving Guns N ' Roses in 1996 , he co-founded the supergroup Velvet Revolver , which re-established him as a mainstream performer in the mid to late 2000s . Velvet Revolver Velvet Revolver supergroup supergroup (music) Velvet Revolver was an American hard rock supergroup consisting of former Guns N ' Roses members Slash -LRB- lead guitar -RRB- , Duff McKagan -LRB- bass , backing vocals -RRB- , and Matt Sorum -LRB- drums , backing vocals -RRB- , alongside Dave Kushner -LRB- rhythm guitar -RRB- formerly of punk band Wasted Youth . Dave Kushner Dave Kushner Duff McKagan Duff McKagan Slash Slash (musician) Matt Sorum Matt Sorum hard rock hard rock supergroup Supergroup (music) punk Hardcore punk Wasted Youth Wasted Youth (American band) Original vocalist Scott Weiland formerly of Stone Temple Pilots left the band in 2008 . Scott Weiland Scott Weiland Stone Temple Pilots Stone Temple Pilots He is best known as the lead guitarist of the American rock band Guns N ' Roses , with whom he achieved worldwide success in the late 1980s and early 1990s . The lineup , when first signed to Geffen Records in 1986 , consisted of vocalist Axl Rose , lead guitarist Slash , rhythm guitarist Izzy Stradlin , bassist Duff McKagan , and drummer Steven Adler . Duff McKagan Duff McKagan Axl Rose Axl Rose Slash Slash (musician) Geffen Geffen Records Geffen Records Geffen Records Izzy Stradlin Izzy Stradlin Steven Adler Steven Adler",REFUTES
The Shadow Line is a religion.,The Shadow Line is a seven-part British television drama miniseries produced by Company Pictures/Eight Rooks Ltd/Baby Cow/CinemaNX production for BBC Two . Company Pictures Company Pictures BBC BBC miniseries miniseries BBC Two BBC Two,REFUTES
Haitian Creole is a novel.,,NEI
The Himalayas has part of its range in Nepal.,"By contrast , the highest peak outside Asia -- Aconcagua , in the Andes -- is 6961 m tall . Asia Asia Aconcagua Aconcagua Andes Andes The international border between China -LRB- Tibet Autonomous Region -RRB- and Nepal runs across Everest 's summit point . Nepal Nepal Tibet Autonomous Region Tibet Autonomous Region China China summit point Summit Its western anchor , Nanga Parbat , lies just south of the northernmost bend of Indus river . river river Indus Indus River Nanga Parbat Nanga Parbat",SUPPORTS
Vienna is a township.,"Vienna -LRB- -LSB- viˈɛnə -RSB- Wien , -LSB- viːn -RSB- -RRB- is the capital and largest city of Austria and one of the nine states of Austria . Austria Austria states of Austria states of Austria",REFUTES
Tom Cruise stars in The Color of Money.,"One of the biggest movie stars in Hollywood , Cruise starred in several more successful films in the 1980s , including the dramas The Color of Money -LRB- 1986 -RRB- , Cocktail -LRB- 1988 -RRB- , Rain Man -LRB- 1988 -RRB- , and Born on the Fourth of July -LRB- 1989 -RRB- . The Color of Money The Color of Money Cocktail Cocktail (1988 film) Rain Man Rain Man Born on the Fourth of July Born on the Fourth of July (film) The film stars Paul Newman and Tom Cruise , with Mary Elizabeth Mastrantonio , Helen Shaver , and John Turturro in supporting roles . Paul Newman Paul Newman Tom Cruise Tom Cruise Mary Elizabeth Mastrantonio Mary Elizabeth Mastrantonio Helen Shaver Helen Shaver John Turturro John Turturro",SUPPORTS
Hawaii is not the 8th smallest state.,,REFUTES
Thandie Newton is an actress in the film Mission Impossible.,,NEI
Agatha Christie died in Germany.,,NEI
Dwayne Johnson played as a quarterback for the Canadian Football League.,,NEI
Christianity is a system of beliefs and practices.,"It is the world 's largest religion , with over 2.4 billion followers , or 33 % of the global population , known as Christians . religion religion",SUPPORTS
Priyanka Chopra is silent about gender equality.,,REFUTES
Plutonium reacts with carbon.,"It reacts with carbon , halogens , nitrogen , silicon and hydrogen . carbon carbon nitrogen nitrogen silicon silicon hydrogen hydrogen",SUPPORTS
Daddy Yankee made a work.,Daddy Yankee 's album Barrio Fino made history when it became the top selling Latin music album of the decade between 2000-2009 . Barrio Fino Barrio Fino Latin music Latin music (genre),SUPPORTS
The Academy Honorary Award is given to celebrate something.,"The Academy Honorary Award -- instituted in 1948 for the 21st Academy Awards -LRB- previously called the Special Award , which was first presented in early 1929 -RRB- -- is given annually by the Board of Governors of the Academy of Motion Picture Arts and Sciences -LRB- AMPAS -RRB- to celebrate motion picture achievements that are not covered by existing Academy Awards , although prior winners of competitive Academy Awards are not excluded from receiving the Honorary Award . 21st Academy Awards 21st Academy Awards Board of Governors Academy of Motion Picture Arts and Sciences#Current administration of the Academy Academy of Motion Picture Arts and Sciences Academy of Motion Picture Arts and Sciences Academy Awards Academy Awards",SUPPORTS
H. H. Holmes is still alive.,"Herman Webster Mudgett -LRB- May 16 , 1861 -- May 7 , 1896 -RRB- , better known under the name of Dr. Henry Howard Holmes or more commonly H. H. Holmes , was one of the first documented serial killers in the modern sense of the term . serial killers serial killers",REFUTES
The blue-ringed octopus hunts skyscrapers.,,REFUTES
"Jack Paar was born on May 1, 1918.","Jack Harold Paar -LRB- May 1 , 1918 -- January 27 , 2004 -RRB- was an American author , radio and television comedian and talk show host , best known for his stint as host of The Tonight Show from 1957 to 1962 . American United States radio radio television television comedian comedian The Tonight Show The Tonight Show",SUPPORTS
The production crew returned for Gilmore Girls: A Year in the Life.,,NEI
Einstein was a politician for about five years.,,NEI
Harry Potter is based on the Hunger Games novels.,Harry Potter is a British-American film series based on the Harry Potter novels by author J. K. Rowling . J. K. Rowling J. K. Rowling Harry Potter Harry Potter (character) film series film series,REFUTES
The Supernatural pilot premiered in 2007.,"It premiered on The WB on September 13 , 2005 , and was written by series creator Eric Kripke and directed by David Nutter . Eric Kripke Eric Kripke David Nutter David Nutter The WB The WB",REFUTES
King Kong was directed by Guillermo del Toro.,"King Kong is a 2005 epic monster adventure film co-written , produced , and directed by Peter Jackson . Peter Jackson Peter Jackson King Kong King Kong (1933 film) epic Epic film monster Monster film adventure film adventure film",REFUTES
Yusuke Murata was the illustrator of a manga.,"He is best known for illustrating the American football manga Eyeshield 21 , in collaboration with writer Riichiro Inagaki . Eyeshield 21 Eyeshield 21 American football American football Riichiro Inagaki Riichiro Inagaki Murata 's other major work is his illustration of One 's One-Punch Man , serialized in the Weekly Young Jump online version . One-Punch Man One-Punch Man One One (manga artist) Weekly Young Jump Weekly Young Jump One -LRB- stylized as ONE -RRB- is the pseudonym of a Japanese manga artist , best known for his webcomic series One-Punch Man , which was later remade as a digital manga illustrated by Yusuke Murata . pseudonym pseudonym manga artist manga artist webcomic webcomic One-Punch Man One-Punch Man digital online magazine manga manga Yusuke Murata Yusuke Murata Eyeshield 21 was serialized between July 2002 and June 2009 in Weekly Shōnen Jump , and was later adapted into an anime television series . Eyeshield 21 Eyeshield 21 Weekly Shōnen Jump Weekly Shōnen Jump anime anime is a Japanese manga series written by Riichiro Inagaki and illustrated by Yusuke Murata . Riichiro Inagaki Riichiro Inagaki Yusuke Murata Yusuke Murata manga manga",SUPPORTS
The President of the African National Congress party is a position that Nelson Mandela served.,"Ideologically an African nationalist and socialist , he served as President of the African National Congress -LRB- ANC -RRB- party from 1991 to 1997 . African National Congress African National Congress African nationalist African nationalism socialist socialism",SUPPORTS
Jerry Seinfeld created Friends.,,NEI
Star Wars: The Force Awakens is a science fiction film.,"Star Wars : The Force Awakens -LRB- also known as Star Wars : Episode VII -- The Force Awakens -RRB- is a 2015 American epic space opera film directed , co-produced , and co-written by J. J. Abrams . J. J. Abrams J. J. Abrams epic Epic film space opera film Space opera Star Wars Star Wars",REFUTES
IBM only used programming language invented by others.,,NEI
Indiana Jones was killed by George Hall.,,NEI
Easy Virtue is also the name of a novel by Stephen King.,,NEI
Nikola Tesla got a physics education.,He worked for a short time at the Edison Machine Works in New York City before he struck out on his own . New York City New York City New York New York (state) Edison Machine Works Edison Machine Works,SUPPORTS
Priyanka Chopra is an Indian singer.,"Priyanka Chopra -LRB- -LSB- prɪˈjaːŋkaː ˈtʃoːpɽaː -RSB- ; born 18 July 1982 -RRB- is an Indian actress , singer , film producer , philanthropist , and the winner of the Miss World 2000 pageant . Miss World 2000 Miss World 2000",SUPPORTS
Attack the Block stars Jodie Whittaker.,"Attack the Block is a 2011 British science fiction horror comedy film written and directed by Joe Cornish and starring Jodie Whittaker , John Boyega , Nick Frost and Luke Treadaway . Joe Cornish Joe Cornish Jodie Whittaker Jodie Whittaker John Boyega John Boyega Luke Treadaway Luke Treadaway Nick Frost Nick Frost science fiction Science fiction film horror comedy film Horror comedy",SUPPORTS
Hilda Ellis Davidson was a teacher.,,NEI
"Tyler, The Creator is a person who raps.","Tyler Gregory Okonma -LRB- born March 6 , 1991 -RRB- , better known by his stage name Tyler , The Creator , is an American rapper , record producer , and music video director . record producer record producer music video director music video director stage name stage name",SUPPORTS
"30th of April, 1945, is the date of death of Adolf Hitler.","Adolf Hitler killed himself by gunshot on 30 April 1945 in his Führerbunker in Berlin . Adolf Hitler Adolf Hitler Führerbunker Führerbunker Adolf Hitler -LRB- -LSB- ˈadɔlf ˈhɪtlɐ -RSB- ; 20 April 1889 -- 30 April 1945 -RRB- was a German politician who was the leader of the Nazi Party -LRB- Nationalsozialistische Deutsche Arbeiterpartei ; NSDAP -RRB- , Chancellor of Germany from 1933 to 1945 , and Führer -LRB- `` Leader '' -RRB- of Nazi Germany from 1934 to 1945 . Führer Führer Chancellor of Germany Chancellor of Germany Nazi Germany Nazi Germany Nazi Party Nazi Party",SUPPORTS
Tobey Maguire received a Grammy for Best Actor.,,NEI
The final season of Glee consists of 10 episodes.,"The final season , consisting of 13 episodes , premiered on Friday , January 9 , 2015 , with the first two episodes , and the last two episodes -LRB- functioning as a single series finale -RRB- aired on March 20 , 2015 . series finale Dreams Come True (Glee)",REFUTES
Ann Romney attended a private research university in 1976.,,NEI
Andorra is in America.,"Andorra -LRB- -LSB- ænˈdɔ : rə -RSB- -LSB- ənˈdorə -RSB- , -LSB- anˈdɔra -RSB- -RRB- , officially the Principality of Andorra -LRB- Principat d'Andorra -RRB- , also called the Principality of the Valleys of Andorra -LRB- -LSB- Principat de les Valls d'Andorra , links = no -RSB- -RRB- , is a sovereign landlocked microstate in Southwestern Europe , located in the eastern Pyrenees mountains and bordered by Spain and France . sovereign sovereign landlocked landlocked country microstate microstate Southwestern Europe Iberian Peninsula Pyrenees Pyrenees Spain Spain France France The official language is Catalan , although Spanish , Portuguese , and French are also commonly spoken . Catalan Catalan language Spanish Spanish language Portuguese Portuguese language French French language",REFUTES
How to Train Your Dragon (film) won the Academy Award for Best Original Score.,"A second sequel , How to Train Your Dragon 3 is to be released on March 1 , 2019 . How to Train Your Dragon How to Train Your Dragon How to Train Your Dragon 3 How to Train Your Dragon 3",REFUTES
Unapologetic is the debut album of Rihanna.,Unapologetic is the seventh studio album by Barbadian singer Rihanna . Rihanna Rihanna,REFUTES
Number 2 was where Beautiful charted on the Billboard Hot 100.,`` Beautiful '' has been widely embraced as an anthem by the LGBT community for its message of self-empowerment and inner beauty . anthem Gay anthem LGBT community LGBT community,SUPPORTS
Malcolm Young was AC/DC's backing vocalist .,"Malcolm Mitchell Young -LRB- born 6 January 1953 -RRB- is an Australian retired musician and songwriter , best known as a co-founder , rhythm guitarist , backing vocalist and songwriter for the hard rock band AC/DC . AC/DC AC/DC backing vocalist backing vocalist songwriter songwriter hard rock hard rock",SUPPORTS
The Amazing Spider-Man 2 was directed by J.J. Abrams.,The film was directed by Marc Webb and was produced by Avi Arad and Matt Tolmach . Marc Webb Marc Webb Avi Arad Avi Arad,REFUTES
The Voice is broadcast by a subsidiary of Comcast.,"The Voice is an American reality television singing competition broadcast on NBC . NBC NBC The National Broadcasting Company -LRB- NBC -RRB- is an American English language commercial broadcast television network that is a flagship property of NBCUniversal , a subsidiary of Comcast . television network television network English English language NBCUniversal NBCUniversal Comcast Comcast English language English language commercial broadcast commercial broadcasting",SUPPORTS
Chandni was created in March 1989.,,NEI
Gwen Stefani did not receive a Brit Award.,Stefani performs and makes public appearances with four back-up dancers known as the Harajuku Girls . Harajuku Girls Harajuku Girls,REFUTES
The third installment of The Divergent Series did not gross 179 million dollars.,,REFUTES
Thirteen is based on the life of nobody.,"Thirteen is a 2003 American semi-autobiographical drama film , directed by Catherine Hardwicke , and written by Hardwicke and Nikki Reed , based on events from Reed 's life at age 12 and 13 . Catherine Hardwicke Catherine Hardwicke Nikki Reed Nikki Reed American United States semi-autobiographical autobiographical novel drama drama film It stars Evan Rachel Wood , with Wood 's character `` Tracy '' being loosely based upon Reed . Evan Rachel Wood Evan Rachel Wood",REFUTES
Star vs. the Forces of Evil is a drama series.,,NEI
Tardigrades are also known as land mice.,,NEI
Quinoa originated as animal feed.,,NEI
Joaquin Phoenix earned a Best Actor nomination for portraying musician Johnny Cash in the biopic Walk the Line in 2007.,"Some of his other notable films include the satire film Buffalo Soldiers -LRB- 2001 -RRB- , the science fiction thriller Signs -LRB- 2002 -RRB- , the animated film Brother Bear -LRB- 2003 -RRB- , the historical drama film Hotel Rwanda -LRB- 2004 -RRB- , the psychological thriller The Village -LRB- 2004 -RRB- , the documentary Earthlings -LRB- 2005 -RRB- , the romantic drama Two Lovers -LRB- 2008 -RRB- , the drama The Immigrant -LRB- 2013 -RRB- , the romantic science fiction drama Her -LRB- 2013 -RRB- , the crime comedy-drama film Inherent Vice -LRB- 2014 -RRB- , and the thriller You Were Never Really Here -LRB- 2017 -RRB- , for which he won the Cannes Film Festival Award for Best Actor . comedy-drama comedy-drama Best Actor Academy Award for Best Actor Buffalo Soldiers Buffalo Soldiers (2001 film) Signs Signs (film) Brother Bear Brother Bear Hotel Rwanda Hotel Rwanda The Village The Village (2004 film) Earthlings Earthlings (documentary) Two Lovers Two Lovers (2008 film) The Immigrant The Immigrant (2013 film) Her Her (film) Inherent Vice Inherent Vice (film) thriller thriller(genre) You Were Never Really Here You Were Never Really Here Cannes Film Festival Award for Best Actor Cannes Film Festival Award for Best Actor",REFUTES
"Jack Paar died on February 27, 2004.","Jack Harold Paar -LRB- May 1 , 1918 -- January 27 , 2004 -RRB- was an American author , radio and television comedian and talk show host , best known for his stint as host of The Tonight Show from 1957 to 1962 . American United States radio radio television television comedian comedian The Tonight Show The Tonight Show",REFUTES
The Weeknd is not Canadian.,"The Weeknd -LRB- born Abel Makkonen Tesfaye ; February 16 , 1990 -RRB- is a Canadian singer , songwriter , and record producer .",REFUTES
Scarlett Johansson released a jazz album in 2008.,,NEI
Casey Ryback is a briefcase.,,NEI
Salman Khan has earned zero dollars.,Khan 's off-screen life is marred by controversy and legal troubles .,REFUTES
Halle Berry has yet to participate in pageants.,"In addition to her Academy Award win , Berry garnered high-profile roles in the 2000s such as Storm in the X-Men film series -LRB- beginning in 2000 -RRB- , the action crime thriller Swordfish -LRB- 2001 -RRB- , and the spy film Die Another Day -LRB- 2002 -RRB- , where she played Bond Girl Jinx . Storm Storm (Marvel Comics) Swordfish Swordfish (film) Die Another Day Die Another Day Bond Girl Bond Girl Jinx Giacinta 'Jinx' Johnson",REFUTES
The Jim Henson Company was incapable of producing a film with George Lucas.,"In 1989 , the company entered merger negotiations with The Walt Disney Company , but the deal fell through following Jim Henson 's unexpected death in 1990 . Jim Jim Henson Jim Henson Jim Henson Disney The Walt Disney Company The Walt Disney Company The Walt Disney Company Labyrinth is a 1986 British-American adventure musical fantasy film directed by Jim Henson , executive-produced by George Lucas , and based upon conceptual designs by Brian Froud . Jim Henson Jim Henson adventure Adventure film musical Musical film fantasy film fantasy film executive-produced executive producer George Lucas George Lucas Brian Froud Brian Froud Brian Brian Henson",REFUTES
Liverpool F.C. plays football.,"Liverpool Football Club -LRB- -LSB- ˈlɪvərpuːl -RSB- -RRB- is a professional association football club based in Liverpool , Merseyside , England . association football association football Liverpool Liverpool Merseyside Merseyside They compete in the Premier League , the top tier of English football . Premier League Premier League English football English football league system The second was the Hillsborough disaster in 1989 , where 96 Liverpool supporters died in a crush against perimeter fencing . Liverpool Liverpool Hillsborough disaster Hillsborough disaster crush Human stampede Liverpool was the ninth highest-earning football club in the world for 2014 -- 15 , with an annual revenue of $ 391 million , and the world 's eighth most valuable football club in 2016 , valued at $ 1.55 billion . Liverpool Liverpool ninth highest-earning Deloitte Football Money League eighth most valuable Forbes' list of the most valuable football clubs",SUPPORTS
"Emily Blunt was born on February 23, 1983.",Emily Olivia Leah Blunt -LRB- born 23 February 1983 -RRB- is a British film and stage actress .,SUPPORTS
Steve Mouzakis was in the cast of the film Where the Wild Things Are.,"Other feature film credits include Darkness Falls -LRB- Sony Pictures -RRB- , Big Mamma 's Boy , and I , Frankenstein -LRB- Lionsgate -RRB- . Darkness Falls Darkness Falls (2003 film)",SUPPORTS
The Prince of Egypt is an animated film.,The Prince of Egypt is a 1998 American animated epic musical drama film and the first traditional animated film produced and released by DreamWorks . animated Animation epic Epic film musical Musical film drama film drama film DreamWorks DreamWorks Egypt Egypt,SUPPORTS
Jared Kushner is a Dadaist.,,NEI
"Paul Newman died on January 26, 1925.","Paul Leonard Newman -LRB- January 26 , 1925 -- September 26 , 2008 -RRB- was an American actor , IndyCar driver , entrepreneur , and philanthropist . IndyCar Champ Car",REFUTES
Canada has the tenth highest crime rate.,,NEI
Statue of Liberty holds a torch above her head with her right hand.,,NEI
Adrian Molina is a songwriter.,"Adrian Molina -LRB- born August 23 , 1985 -RRB- is an American screenwriter and storyboard artist . screenwriter screenwriter storyboard artist storyboard artist",REFUTES
Keturah was single.,"According to the Book of Genesis , Abraham married Keturah after the death of his first wife , Sarah ; Abraham and Keturah had six sons . Abraham Abraham Book of Genesis Book of Genesis Sarah Sarah Keturah was a concubine and wife of the Biblical patriarch Abraham . concubine concubine Biblical patriarch Biblical patriarch Abraham Abraham",REFUTES
Quartet was driven in 2011.,,NEI
Nepal is not 17 miles away from Bangladesh.,It is a multiethnic nation with Nepali as the official language . Nepali Nepali language,REFUTES
Andre Agassi was the number 5 tennis player in the world in 1995.,"He is the founder of the Andre Agassi Charitable Foundation , which has raised over $ 60 million for at-risk children in Southern Nevada .",REFUTES
British Columbia has a weak housing market.,,REFUTES
Beijing has a smaller garden.,,NEI
The Nashville Songwriters Association International is abbreviated to NSAI.,"Within a month , Eddie , Buddy and Bill were conducting the group 's first organizational meeting at the Old Professional 's Club on Music Row .",SUPPORTS
David Schwimmer was a member of the cast in the 2005 drama Duane Hopwood.,Schwimmer made his feature film directorial debut with the 2007 comedy Run Fatboy Run . Run Fatboy Run Run Fatboy Run,SUPPORTS
Michael Giacchino composed the score for Dunkirk.,,NEI
A Wrinkle in Time movie was released in 2003.,"The book was made into a film , A Wrinkle in Time , in 2003 , and another film , also called A Wrinkle in Time , is in production with a scheduled release of April 2018 . A Wrinkle in Time A Wrinkle in Time (2018 film)",SUPPORTS
Bill Gates is the co-founder of Microsoft and is successful.,"William Henry Gates III -LRB- born October 28 , 1955 -RRB- is the co-founder of Microsoft and is an American business magnate , investor , author and philanthropist . Microsoft Microsoft As of 2016 , it is the world 's largest software maker by revenue , and one of the world 's most valuable companies . Gates stepped down as chief executive officer of Microsoft in January 2000 , but he remained as chairman and created the position of chief software architect for himself . Microsoft Microsoft chief software architect software architect",SUPPORTS
Meghan McCain is a Protestant.,,NEI
Destin Daniel Cretton directed Short Term 12.,Short Term 12 is a 2013 American drama film written and directed by Destin Daniel Cretton . Destin Daniel Cretton Destin Daniel Cretton drama film drama film,SUPPORTS
The Fujitsu iPAD is a device that is designed to be held in the hands.,"The Fujitsu iPAD is a lightweight handheld device that was introduced by Fujitsu , in 2002 . handheld device handheld device Fujitsu Fujitsu",SUPPORTS
Milla Jovovich had a role in Return to the Blue Lagoon.,"In 2002 , Jovovich starred in the science fiction horror film Resident Evil , adapted from the video game series of the same name . science fiction science fiction film Resident Evil Resident Evil (film) video game series of the same name Resident Evil",SUPPORTS
Pierce Brosnan worked with John McTiernan and gained acclaim.,,NEI
Chad Hayes (writer) was named on the 21st.,,NEI
Amazon Web Services included organization tools.,,NEI
Gunday is categorized as a film in the thriller genre.,Gunday -LRB- English : Outlaws -RRB- is a 2014 Indian action thriller film written and directed by Ali Abbas Zafar and produced by Aditya Chopra . Ali Abbas Zafar Ali Abbas Zafar Aditya Chopra Aditya Chopra action Action film thriller film thriller film,SUPPORTS
All the Pretty Horses is an action film.,"All the Pretty Horses is a 2000 American romance western film produced and directed by Billy Bob Thornton , and based on Cormac McCarthy 's novel of the same name . Billy Bob Thornton Billy Bob Thornton All the Pretty Horses All the Pretty Horses (novel) Cormac McCarthy Cormac McCarthy romance Romance film western Western (genre) same name All the Pretty Horses (novel)",REFUTES
In 1392 the Portuguese Empire was the first colonial empire of the Renaissance.,,NEI
Sister Act grossed a total of $0.00.,"The musical then opened on Broadway at the Broadway Theatre in April 2011 , with previews beginning March 24 , 2011 . musical Musical film Broadway Theatre the Broadway Theatre",REFUTES
Gayathri Raguram took part in a comedy.,"Daughter of noted dancer , Raguram , she began acting in the 2002 film Charlie Chaplin and later started working as choreographers in films . Raguram Raguram Charlie Chaplin Charlie Chaplin (film) Charlie Chaplin is a 2002 Tamil comedy film directed by Sakthi Chidambaram , starring Prabhu Ganesan and Prabhu Deva . Sakthi Chidambaram Sakthi Chidambaram Prabhu Ganesan Prabhu Ganesan Prabhu Deva Prabhu Deva comedy film comedy film",SUPPORTS
Big Brother 18 (UK) is the eighteenth minute of a British reality television series.,,NEI
The Council on Foreign Relations is also known as the RFC.,"The Council on Foreign Relations -LRB- CFR -RRB- , founded in 1921 , is a United States nonprofit think tank specializing in U.S. foreign policy and international affairs . think tank think tank United States United States nonprofit nonprofit foreign policy foreign policy international affairs International relations",REFUTES
Dragon Ball has only ever been a manga.,"is a Japanese media franchise created by Akira Toriyama . Akira Toriyama Akira Toriyama media franchise media franchise A media franchise is a collection of related media in which several derivative works have been produced from an original creative work , such as a film , a work of literature , a television program or a video game . film film literature literature television program television program video game video game From 2009 to 2015 , a revised , faster-paced version of Dragon Ball Z aired in Japan under the title Dragon Ball Kai , in which most of the original version 's footage not featured in the manga is removed . Dragon Ball Z Dragon Ball Z manga manga Dragon Ball Dragon Ball (anime) Several companies have developed various types of merchandising based on the series leading to a large media franchise that includes films , both animated and live-action , collectible trading card games , numerous action figures , along with several collections of soundtracks and a large number of video games . media franchise media franchise several collections of soundtracks List of Dragon Ball soundtracks large number of video games List of Dragon Ball video games As of November 2014 , the franchise generated $ 5 billion in merchandise , making Dragon Ball one of the most merchandisable anime based media franchises of all time . anime anime Dragon Ball Dragon Ball (anime) one of the most merchandisable anime based media franchises of all time List_of_the_highest-grossing_media_franchises#Incomplete_List",REFUTES
Mike Tyson was in matches against Danny Williams.,"Sky Sports rated him as `` the scariest boxer ever , '' and described him as `` perhaps the most ferocious fighter to step into a professional ring . '' Sky Sports Sky Sports",SUPPORTS
Only Lovers Left Alive is a film from the summer of 2013.,,NEI
Boris Karloff was awarded stars on the Bollywood Walk of Fame.,,NEI
RB Leipzig is a basketball team.,"RasenBallsport Leipzig e.V. , commonly known as RB Leipzig , is a German association football club based in Leipzig , Saxony . German association football club Football in Germany Leipzig Leipzig Saxony Saxony RB Leipzig plays its home matches at the Red Bull Arena . Red Bull Arena Red Bull Arena (Leipzig) Leipzig Leipzig The Red Bull Arena -LRB- -LSB- ʁɛt ˈbʊl ʔaˌʁeːnaː -RSB- , formerly Zentralstadion -LSB- tsɛnˈtʁaːlˌʃtaːdi̯ɔn -RSB- -RRB- , located in Leipzig , Saxony , Germany , is a football facility in the former East Germany . Leipzig Leipzig Germany Germany Saxony Saxony East Germany East Germany Liga -LRB- III -RRB- , then finished the 2013 -- 14 3 . Liga season as runner-up and was promoted to the 2 .",REFUTES
Beautiful (Christina Aguilera song) was recorded by an adult singer.,"`` Beautiful '' is a song recorded by American singer Christina Aguilera for her fourth studio album , Stripped -LRB- 2002 -RRB- . Christina Aguilera Christina Aguilera Stripped Stripped (Christina Aguilera album) studio album studio album Christina María Aguilera -LRB- born December 18 , 1980 -RRB- is an American singer , songwriter , actress and television personality .",SUPPORTS
Jerry Seinfeld was in the sitcom Friends.,,NEI
Sue Vertue produced a British sitcom that aired on ABC.,,NEI
Sam Smith is a racer.,,NEI
The St. Clair River is in Ontario.,"Ontario is sometimes conceptually divided into two regions , Northern Ontario and Southern Ontario . Northern Ontario Northern Ontario Southern Ontario Southern Ontario",SUPPORTS
"The last three episodes of Glee aired on March 20, 2015.","The final season , consisting of 13 episodes , premiered on Friday , January 9 , 2015 , with the first two episodes , and the last two episodes -LRB- functioning as a single series finale -RRB- aired on March 20 , 2015 . series finale Dreams Come True (Glee)",REFUTES
Harry Potter is based on the life story of Anthony Weiner.,Harry Potter is a British-American film series based on the Harry Potter novels by author J. K. Rowling . J. K. Rowling J. K. Rowling Harry Potter Harry Potter (character) film series film series,REFUTES
Emma Roberts is an award-winning singer.,,NEI
Joan Cusack worked with anyone except Matt Dillon.,"She received Academy Award nominations for Best Supporting Actress for her roles in the romantic comedy-drama Working Girl -LRB- 1988 -RRB- and the romantic comedy In & Out -LRB- 1997 -RRB- , as well as one Golden Globe nomination for her performance in the latter . Academy Award Academy Award Best Supporting Actress Academy Award for Best Supporting Actress Working Girl Working Girl In & Out In & Out (film) Golden Globe Golden Globe drama Drama (genre) comedy Comedy (genre) In & Out is a 1997 American romantic comedy film directed by Frank Oz and starring Kevin Kline , Tom Selleck , Joan Cusack , Matt Dillon , Debbie Reynolds , and Wilford Brimley . Frank Oz Frank Oz Kevin Kline Kevin Kline Joan Cusack Joan Cusack Matt Dillon Matt Dillon Debbie Reynolds Debbie Reynolds Wilford Brimley Wilford Brimley Tom Selleck Tom Selleck romantic comedy film romantic comedy film",REFUTES
George H. W. Bush has been active in multiple humanitarian activities.,,SUPPORTS
Bam Margera is a personality.,"Brandon Cole `` Bam '' Margera -LRB- -LSB- mɑrˈdʒɛərə -RSB- or ; born September 28 , 1979 -RRB- is an American professional skateboarder , stunt performer , and television personality . skateboarder skateboarder stunt performer stunt performer",SUPPORTS
Unpredictable featured an artist.,"The album was supported by four singles : `` Extravaganza '' featuring Kanye West , the title track `` Unpredictable '' featuring Ludacris , `` DJ Play a Love Song '' featuring Twista , and `` Can I Take U Home '' . Extravaganza Extravaganza (song) Unpredictable Unpredictable (song) DJ Play a Love Song DJ Play a Love Song Kanye West Kanye West Ludacris Ludacris Twista Twista",SUPPORTS
One Direction has won the MTV North America Music Awards.,They were proclaimed 2012 's `` Top New Artist '' by Billboard . Billboard Billboard (magazine),REFUTES
Miley Cyrus did not star in Hannah Montana.,"Cyrus focused on her acting career with several television and film appearances in 2011 and 2012 . It focuses on Miley Stewart -LRB- portrayed by Miley Cyrus -RRB- , who is a teenager living a double life as an average schoolgirl by day and as the famous recording artist Hannah Montana by night . Miley Cyrus Miley Cyrus Miley Stewart Miley Stewart double life Alter ego Hannah Montana Hannah Montana (soundtrack)",REFUTES
Cricket is a sport.,"Cricket is a bat-and-ball game played between two teams of eleven players on a cricket field , at the centre of which is a rectangular 22-yard-long pitch with a wicket -LRB- a set of three wooden stumps -RRB- at each end . bat-and-ball bat-and-ball games wicket wicket stumps stump (cricket) cricket field cricket field bat-and-ball game bat-and-ball game pitch cricket pitch field fielding (cricket) ball cricket ball bat cricket bat",SUPPORTS
Lauren Graham is an American author.,"Lauren Helen Graham -LRB- born March 16 , 1967 -RRB- is an American actress and author .",SUPPORTS
A reflex can be called by another name.,"A reflex , or reflex action , is an involuntary and nearly instantaneous movement in response to a stimulus . stimulus Stimulus (physiology)",SUPPORTS
Marilyn Monroe did not star in Gentlemen Prefer Blondes.,She dedicated 1955 to building her company and began studying method acting at the Actors Studio . method acting method acting Actors Studio Actors Studio,SUPPORTS
Elle Fanning starred in a film directed by Abraham Lincoln.,"Ginger & Rosa is a 2012 drama film written and directed by Sally Potter and distributed by Artificial Eye . Sally Potter Sally Potter Artificial Eye Artificial Eye drama film drama film It was written and directed by Cameron Crowe and stars Matt Damon as widowed father Benjamin Mee , who purchases a dilapidated zoo with his family and takes on the challenge of preparing the zoo for its reopening to the public . Cameron Crowe Cameron Crowe Matt Damon Matt Damon family family film Benjamin Mee Dartmoor Zoological Park The Neon Demon is a 2016 psychological horror film directed by Nicolas Winding Refn , co-written by Mary Laws , Polly Stenham , and Refn , and starring Elle Fanning . Nicolas Winding Refn Nicolas Winding Refn Polly Stenham Polly Stenham Elle Fanning Elle Fanning psychological horror film Psychological horror Somewhere is a 2010 American drama film written and directed by Sofia Coppola . Sofia Coppola Sofia Coppola Phoebe in Wonderland is a 2008 independent film directed by Daniel Barnz . Daniel Barnz Daniel Barnz",REFUTES
Judd Apatow has been nominated for Grammy Awards.,,NEI
"Oakland, California is a major city.","A major West Coast port city , Oakland is the largest city in the East Bay region of the San Francisco Bay Area , the third largest city overall in the San Francisco Bay Area , the eighth largest city in California , and the 45th largest city in the United States , with a population of 419,267 . San Francisco Bay Area San Francisco Bay Area 45th List of United States cities by population California California United States United States West Coast West Coast of the United States East Bay East Bay (San Francisco Bay Area) eighth largest List of largest California cities by population 45th largest List of United States cities by population San Francisco Bay San Francisco Bay",SUPPORTS
My Sweet Lord's lyrics are supposed to serve as a call to abandon ethnic sectarianism.,,NEI
Ayn Rand opposed control of economic policy by the state.,"She was sharply critical of most philosophers and philosophical traditions known to her , except for Aristotle , Thomas Aquinas , and classical liberals . Aristotle Aristotle Thomas Aquinas Thomas Aquinas classical liberals classical liberals In political science , statism is the belief that the state should control either economic or social policy , or both , to some degree . political science political science the state state (polity) economic economic policy social policy social policy",SUPPORTS
Shakira is a squid.,"Shakira Isabel Mebarak Ripoll -LRB- -LSB- -LRB- t -RRB- ʃaˈkiɾa isaˈβel meβaˈɾak riˈpol -RSB- ; -LSB- langʃəˈki : rə -RSB- born 2 February 1977 -RRB- is a Colombian singer , songwriter , dancer , and record producer . Colombian Colombians Shakira Shakira (album)",REFUTES
Ivan Lendl is second only in the Open Era to Connors as of 2011.,,SUPPORTS
Felicity Jones portrayed a fish.,,NEI
The Divergent Series: Allegiant is part of a feature film series.,"The Divergent Series : Allegiant is a 2016 American action adventure film directed by Robert Schwentke with a screenplay by Bill Collage , Adam Cooper , and Noah Oppenheim . Robert Schwentke Robert Schwentke Noah Oppenheim Noah Oppenheim Allegiant Allegiant (novel) action Action film adventure film adventure film The Divergent Series The Divergent Series The Divergent Series is a feature film series based on the Divergent novels by the American author Veronica Roth . Veronica Roth Veronica Roth Divergent Divergent (film) It is the first of two cinematic parts based on the novel Allegiant , the final book in the Divergent trilogy by Veronica Roth , and the third installment in The Divergent Series . Allegiant Allegiant (novel) Veronica Roth Veronica Roth The Divergent Series The Divergent Series The film was a financial disappointment , grossing $ 179 million worldwide , becoming the lowest-grossing Divergent film . As a film actor , he played Tommy Ross in Carrie -LRB- 2013 -RRB- , Caleb Prior in The Divergent Series -LRB- 2014 -RRB- and Augustus Waters in The Fault in Our Stars -LRB- 2014 -RRB- . Divergent Divergent (film) actor actor Carrie Carrie (2013 film) The Divergent Series The Divergent Series The Fault in Our Stars The Fault in Our Stars (film)",SUPPORTS
Ethiopia is the third-most populous nation on the African continent after Nigeria.,"With over 100 million inhabitants , Ethiopia is the most populous landlocked country in the world , as well as the second-most populous nation on the African continent after Nigeria . country country landlocked country landlocked country Nigeria Nigeria",REFUTES
George Orwell is the author of only Animal Farm.,"In 2008 , The Times ranked him second on a list of `` The 50 greatest British writers since 1945 '' . The Times The Times Orwell 's work continues to influence popular and political culture , and the term Orwellian -- descriptive of totalitarian or authoritarian social practices -- has entered the language together with many of his neologisms , including cold war , Big Brother , Thought Police , Room 101 , memory hole , newspeak , doublethink , and thoughtcrime . language language popular popular culture political culture political culture Orwellian Orwellian authoritarian Authoritarianism cold war Cold war (general term) Big Brother Big Brother (Nineteen Eighty-Four) Thought Police Thought Police Room 101 Room 101 memory hole memory hole newspeak newspeak doublethink doublethink thoughtcrime thoughtcrime",REFUTES
Austria's smallest city is Vienna.,,REFUTES
An original member of Stone Temple Pilots was from the United States and a drummer.,,NEI
UFC 216 will be held at noon.,,NEI
"One single by The Who was ""My Generation"", which became their first internationally-known song.",,NEI
Paul Thomas Anderson directed Heimat.,"Paul Thomas Anderson -LRB- born June 26 , 1970 -RRB- also known as P.T. Anderson , is an American filmmaker . American United States Heimat is the overall title of several series of films in 32 episodes written and directed by Edgar Reitz which view life in Germany between 1919 and 2000 through the eyes of a family from the Hunsrück area of the Rhineland . Edgar Reitz Edgar Reitz Germany Germany Hunsrück Hunsrück Rhineland Rhineland Heimat Heimat",REFUTES
The Nile drains through forests.,,NEI
Sunrise created a co-production with a design studio formed in any year except 1972.,,NEI
Silicon Valley is in the northern part of the Leviticus.,"Silicon Valley is a nickname for the southern portion of the San Francisco Bay Area , in the northern part of the U.S. state of California . San Francisco Bay Area San Francisco Bay Area California California northern part Northern California U.S. state U.S. state San Francisco San Francisco",REFUTES
Abraham Lincoln assisted in constructing a party that had a statewide majority in the state of Illinois.,"In 1860 , Lincoln secured the Republican Party presidential nomination as a moderate from a swing state . Republican Republican Party (United States) Republican Party History of the United States Republican Party",SUPPORTS
Tommy Lee Jones is an archaeologist.,,NEI
Buddhism is a religion.,"Buddhism -LRB- -LSB- pronˈbʊdɪzəm -RSB- or -LSB- ˈbuːdɪzəm -RSB- -RRB- is an Indian religion and dharma that encompasses a variety of traditions , beliefs and spiritual practices largely based on teachings attributed to the Buddha . Indian religion Indian religions dharma dharma teachings Original Teachings of the Buddha the Buddha Gautama Buddha Buddha Gautama Buddha Buddhism is the world 's fourth-largest religion , with over 500 million followers or 7 % of the global population , known as Buddhists .",SUPPORTS
Philadelphia contains 67 National Historic Landmarks including the Liberty Bell.,"In the 19th century , Philadelphia became a major industrial center and railroad hub that grew from an influx of European immigrants . Philadelphia Philadelphia County, Pennsylvania immigrants Immigration",SUPPORTS
Avril Lavigne is a philanthropist.,,NEI
Alex Rodriguez received only praise from the media.,"However , he has led a highly controversial career due to signing two of the most lucrative sports contracts in history while incurring criticism from the media for his behavior and use of illegal performance-enhancing drugs . performance-enhancing drugs performance-enhancing drugs",REFUTES
The United States is where Sonny with a Chance debuted.,"Like most of Disney Channel 's sitcoms , it is shot on tape but uses a `` filmized '' appearance . filmized filmizing Disney Channel Disney Channel Sonny with a Chance is an American sitcom created by Steve Marmel which aired for two seasons on Disney Channel from February 8 , 2009 to January 2 , 2011 . Steve Marmel Steve Marmel Disney Channel Disney Channel sitcom sitcom",SUPPORTS
Gil Sharone started production with Marilyn Manson.,"Gil Sharone is an American drummer and member of the band Stolen Babies , Marilyn Manson , Team Sleep , and formerly The Dillinger Escape Plan . Stolen Babies Stolen Babies Dillinger Escape Plan Dillinger Escape Plan Marilyn Manson Marilyn Manson (band) Team Sleep Team Sleep drummer drummer The Dillinger Escape Plan The Dillinger Escape Plan",SUPPORTS
Return to Paradise is exclusively a 1982 book.,"Return to Paradise is a 1998 American drama-thriller film directed by Joseph Ruben , written by Wesley Strick and Bruce Robinson , and starring Vince Vaughn , Anne Heche , and Joaquin Phoenix . Joseph Ruben Joseph Ruben Wesley Strick Wesley Strick Bruce Robinson Bruce Robinson Vince Vaughn Vince Vaughn Anne Heche Anne Heche Joaquin Phoenix Joaquin Phoenix drama drama film thriller thriller (genre) The film had its premiere on August 10 , 1998 , and was released to theaters on August 14 , 1998 . Return to Paradise is a remake of the 1989 French film Force majeure . remake remake Force majeure :fr:Force majeure (film, 1989)",REFUTES
Chris Terrio is Canadian.,"Chris Terrio -LRB- born December 31 , 1976 -RRB- is an American screenwriter and film director . film director film director",REFUTES
Ludacris has won a debate.,,NEI
Sian Brooke is a citizen of England.,,NEI
Quentin Tarantino began his career in the 90's.,"Its popularity was boosted by his second film , Pulp Fiction -LRB- 1994 -RRB- , a black comedy crime film that was a major success both among critics and audiences . Pulp Fiction Pulp Fiction",REFUTES
Saw VI is a 2009 novel.,"Saw is a 2009 American horror film directed by Kevin Greutert from a screenplay written by Patrick Melton and Marcus Dunstan . Kevin Greutert Kevin Greutert Patrick Melton Patrick Melton Marcus Dunstan Marcus Dunstan Saw Saw (franchise) horror film horror film Greutert , who served as editor for all the previous Saw films , made his directorial debut with Saw . Saw Saw (franchise) It is the sixth installment in the seven -- part Saw franchise and stars Tobin Bell , Costas Mandylor , Betsy Russell , Mark Rolston , Peter Outerbridge , and Shawnee Smith . Saw Saw (franchise) Tobin Bell Tobin Bell Costas Mandylor Costas Mandylor Betsy Russell Betsy Russell Mark Rolston Mark Rolston Peter Outerbridge Peter Outerbridge Shawnee Smith Shawnee Smith It was produced by Mark Burg and Oren Koules of Twisted Pictures and distributed by Lionsgate . Mark Burg Mark Burg Oren Koules Oren Koules Twisted Pictures Twisted Pictures Lionsgate Lionsgate Lions Gate Entertainment Corporation , doing business as Lionsgate , is an American , Canadian-domiciled entertainment & media company . Entertainment Entertainment doing business as Trade name entertainment entertainment media Broadcast media",REFUTES
John Mayer is musical.,,NEI
Carice van Houten is a person.,"Carice Anouk van Houten -LRB- -LSB- kaːˈris ɑˈnuk vɑn ˈɦʌu̯tə -LRB- n -RRB- -RSB- ; born 5 September 1976 -RRB- is a Dutch actress and singer . Dutch Netherlands actress actress Her younger sister Jelka is also an actress . actress actress Jelka Jelka van Houten Her first leading role as the eponymous protagonist in the television film Suzy Q -LRB- 1999 -RRB- won her the Golden Calf for Best Acting in a Television Drama ; two years later , she won her second Golden Calf for Best Actress for Undercover Kitty -LRB- 2001 -RRB- . eponymous eponymous protagonist protagonist television film television film Suzy Q Suzy Q (film) Golden Calf for Best Acting in a Television Drama Golden Calf for Best Acting in a Television Drama Golden Calf Golden Calf Award Best Actress Golden Calf for Best Actress Undercover Kitty Undercover Kitty (film) Golden Calf for Best Actress Golden Calf for Best Actress Her other notable English-language performances include Repo Men -LRB- 2010 -RRB- , Black Death -LRB- 2010 -RRB- , and Brimstone -LRB- 2016 -RRB- . Repo Men Repo Men Black Death Black Death (film) Brimstone Brimstone (film) Since 2012 , Van Houten has received international recognition for her role as Melisandre on the HBO fantasy drama television series Game of Thrones -LRB- 2012 -- present -RRB- , for which she has been nominated for two Screen Actors Guild Awards for Outstanding Performance by an Ensemble in a Drama Series . Melisandre Melisandre HBO HBO fantasy fantasy drama drama television series television series Game of Thrones Game of Thrones Outstanding Performance by an Ensemble in a Drama Series Screen Actors Guild Award for Outstanding Performance by an Ensemble in a Drama Series",SUPPORTS
Heather Graham starred in the movie beer.,,NEI
Cara Delevigne was not a model.,"Cara Jocelyn Delevingne -LRB- -LSB- ˈkɑːrə_ˌdɛləˈviːn -RSB- ; born 12 August 1992 -RRB- is an English fashion model and actress . English England fashion model fashion model actress actress Delevingne won the `` Model of the Year '' award at the British Fashion Awards in 2012 and 2014 and has appeared in shows for houses including Burberry , Mulberry , Dolce & Gabbana , and Jason Wu . British Fashion Awards British Fashion Awards houses fashion houses Burberry Burberry Mulberry Mulberry (company) Dolce & Gabbana Dolce & Gabbana Jason Wu Jason Wu She signed with Storm Model Management after leaving school in 2009 . signed with Contract#Formalities_and_writing_requirements_for_some_contracts Storm Model Management Storm Model Management leaving school School#United_Kingdom_and_Commonwealth_of_Nations",REFUTES
Tetris is an adventure video game.,"Tetris -LRB- , pronounced -LSB- ˈtɛtrʲɪs -RSB- -RRB- is a tile-matching puzzle video game , originally designed and programmed by Russian game designer Alexey Pajitnov . Alexey Pajitnov Alexey Pajitnov tile-matching Tile-matching video game puzzle video game puzzle video game",REFUTES
"Because of the play still being on Broadway, Arsenic and Old Lace had its release pushed back.","Capra actually filmed the movie in 1941 because of star Cary Grant 's availability , but it was not released until 1944 , after the original stage version had finished its run on Broadway . Cary Grant Cary Grant Broadway Broadway theatre",SUPPORTS
Greece has a hill called Mount Olympus.,,NEI
The Weeknd is from Toronto.,,NEI
Grant Gustin played the role of a pug.,,NEI
Blackhat stars John Boyega.,,NEI
"José María Chacón surrendered the island of Trinidad in 1797, one year before his death.",,REFUTES
Reuters transmits news in Hindi.,,NEI
Tim Robbins was born on October 16.,"Timothy Francis `` Tim '' Robbins -LRB- born October 16 , 1958 -RRB- is an American actor , screenwriter , director , producer , activist and musician . activist activism",SUPPORTS
Toy Story refused to feature the song You've Got a Friend in Me.,,REFUTES
The Boston Celtics share an arena with the Red Sox.,,NEI
Harry Potter is not a series of books.,Harry Potter is a series of fantasy novels written by British author J. K. Rowling . J. K. Rowling J. K. Rowling fantasy novels fantasy literature Harry Potter Harry Potter (character) fantasy fantasy,REFUTES
Bronson (film) was directed by a Dutch film director.,"Bronson is a 2008 British fictionalized biographical crime film co-written and directed by Nicolas Winding Refn and starring Tom Hardy . Nicolas Winding Refn Nicolas Winding Refn Tom Hardy Tom Hardy biographical Biographical film crime crime film Nicolas Winding Refn -LRB- -LSB- neɡ̊olas ʋend̥eŋ ˈʁɛfn -RSB- ; born 29 September 1970 -RRB- is a Danish film director , screenwriter and producer .",REFUTES
Eminem has a car.,,NEI
The Right Stuff's cast includes Barbara Hershey.,"The Right Stuff stars Ed Harris , Scott Glenn , Sam Shepard , Fred Ward , Dennis Quaid and Barbara Hershey . The Right Stuff The Right Stuff (book) Fred Ward Fred Ward Scott Glenn Scott Glenn Ed Harris Ed Harris Dennis Quaid Dennis Quaid Sam Shepard Sam Shepard Barbara Hershey Barbara Hershey",SUPPORTS
Elise Neal died before starring as Yvonne Hughley.,"On television , Neal also starred as Tia Jewel in the first two seasons of UPN sitcom All of Us from 2003 to 2005 . UPN UPN All of Us All of Us",REFUTES
Black Sabbath was a band that played rock music.,"Black Sabbath were an English rock band , formed in Birmingham in 1968 , by guitarist and main songwriter Tony Iommi , bassist and main lyricist Geezer Butler , singer Ozzy Osbourne , and drummer Bill Ward . Geezer Butler Geezer Butler Tony Iommi Tony Iommi Bill Ward Bill Ward (musician) Ozzy Osbourne Ozzy Osbourne rock rock music Birmingham Birmingham Black Sabbath Black Sabbath (album) Originally formed as a blues rock band , the group soon adopted the Black Sabbath moniker and began incorporating occult themes with horror-inspired lyrics and tuned-down guitars . rock rock music Black Sabbath Black Sabbath (album) They have also won two Grammy Awards for Best Metal Performance . Best Metal Performance Grammy Award for Best Metal Performance",SUPPORTS
Roger Moore graduated in October.,,NEI
Madonna has worked with Peer Astrom.,,SUPPORTS
Italy stayed out of World War II.,"The Italian Campaign of World War II was the name of Allied operations in and around Italy , from 1943 to the end of the war in Europe . World War II World War II Italy Italy Allied Allies of World War II 1943 to the end of the war in Europe History of Italy as a monarchy and in the World Wars#Italy and the Second World War (1940-1945)",REFUTES
Christians are believers in Christianity.,"It is the world 's largest religion , with over 2.4 billion followers , or 33 % of the global population , known as Christians . religion religion",SUPPORTS
Captain America started in 1945.,"Created by cartoonists Joe Simon and Jack Kirby , the character first appeared in Captain America Comics # 1 -LRB- cover dated March 1941 -RRB- from Timely Comics , a predecessor of Marvel Comics . Jack Kirby Jack Kirby Marvel Comics Marvel Comics Captain America Comics #Golden Age Joe Simon Joe Simon cartoonists cartoonists first appeared First appearance Timely Comics Timely Comics Captain America Captain America (serial)",REFUTES
O. J. Simpson won the Heisman trophy in 1968,"In 1973 , he became the first NFL player to rush for more than 2,000 yards in a season ; holding the record for the single season yards-per-game average , which stands at 143.1 . rush Rush (gridiron football) 2,000 yards 2,000-yard club",SUPPORTS
"John Wayne Gacy was sentenced to death on March 13th, 1980 from his convicted murders.",,SUPPORTS
The Prestige is a fictitious prose narrative of book length.,"The Prestige is a 1995 novel by British writer Christopher Priest . Christopher Priest Christopher Priest (novelist) A novel is any relatively long piece of written narrative fiction , normally in prose , and typically published as a book . narrative narrative fiction fiction writing prose prose",SUPPORTS
Becoming Jane had John Hunter Spence as a future consultant.,"According to Hood , he attempted to weave together `` what we know about Austen 's world from her books and letters , '' and believed Austen 's personal life was the inspiration for Pride and Prejudice . Pride and Prejudice Pride and Prejudice",REFUTES
Massachusetts was a tourist stop for the people of New York.,"Massachusetts -LSB- mæsəˈtʃuːsᵻts -RSB- or -LSB- ˌmæsəˈtʃuːzᵻts -RSB- ; officially the Commonwealth of Massachusetts , is the most populous state in the New England region of the northeastern United States . state U.S. state New England New England northeastern United States northeastern United States United States United States",REFUTES
"For Off-Broadway plays, Susan Sarandon received nominations.",,SUPPORTS
Ted Bundy was charged with a crime.,He once called himself `` the most cold-hearted son of a bitch you 'll ever meet '' .,SUPPORTS
The Constitution of Brazil guides the supreme law of Brazil.,,NEI
Yung Rich Nation had only one producer.,"The album features guest appearances from Chris Brown and Young Thug , while the production was handled by Zaytoven , Honorable C.N.O.T.E. and Murda Beatz , among others . Murda Beatz Murda Beatz Zaytoven Zaytoven Chris Brown Chris Brown Young Thug Young Thug production Hip hop production",REFUTES
Sister Act is without music.,"Sister Act is a 1992 American musical comedy film directed by Emile Ardolino and written by Joseph Howard . Emile Ardolino Emile Ardolino Joseph Howard Paul Rudnick musical Musical film comedy film comedy film The musical film is a film genre in which songs sung by the characters are interwoven into the narrative , sometimes accompanied by dancing . film genre film genre characters Character (arts)",REFUTES
Burundi is a colony.,"Burundi -LRB- -LSB- bəˈrʊndi -RSB- or -LSB- bəˈrʌndi -RSB- -RRB- , officially the Republic of Burundi -LRB- Republika y' Uburundi , -LSB- buˈɾundi -RSB- République du Burundi , -LSB- buʁundi -RSB- or -LSB- byʁyndi -RSB- -RRB- , is a landlocked country in the African Great Lakes region of East Africa , bordered by Rwanda to the north , Tanzania to the east and south , and the Democratic Republic of the Congo to the west . landlocked country landlocked country African Great Lakes African Great Lakes East Africa East Africa Rwanda Rwanda Tanzania Tanzania Democratic Republic of the Congo Democratic Republic of the Congo",REFUTES
Bal Gangadhar Tilak was a squid.,"Bal Gangadhar Tilak -LRB- or Lokmanya Tilak , ; 23 July 1856 -- 1 August 1920 -RRB- , born as Keshav Gangadhar Tilak , was an Indian nationalist , teacher , social reformer , lawyer and an independence activist . Indian Indian people Indian nationalist Indian nationalist teacher teacher social reformer social reformer lawyer lawyer",REFUTES
Steve Mouzakis played the character Helek.,,NEI
Wentworth is an australian tv series.,Wentworth is an Australian television drama series .,SUPPORTS
Syd Barrett contributed to an album.,"The album was recorded over the course of a year with five different producers -LRB- Peter Jenner , Malcolm Jones , David Gilmour , Roger Waters and Barrett himself -RRB- . David Gilmour David Gilmour Peter Jenner Peter Jenner Roger Waters Roger Waters Barrett Barrett (album) Nearly two months after Madcap was released , Barrett began working on his second and final album , Barrett -LRB- 1970 -RRB- , produced by Gilmour and featuring contributions from Richard Wright . Barrett Barrett (album) Richard Wright Richard Wright (musician) In 1988 , an album of unreleased tracks and outtakes , Opel , was released by EMI with Barrett 's approval . Barrett Barrett (album) Opel Opel (album) EMI EMI",SUPPORTS
Brian Eno worked with Graham Simpson and he was talented.,,NEI
Unapologetic is a collaborator of Rihanna.,Unapologetic is the seventh studio album by Barbadian singer Rihanna . Rihanna Rihanna,REFUTES
Patrick Bateman is a serial arsonist.,"He is a wealthy , materialistic Wall Street investment banker who leads a double life as a serial killer . materialistic Economic materialism investment banker investment banker serial killer serial killer",REFUTES
Adrian Molina has worked on live action films.,"He has been at Pixar since 2007 , where he started as a 2D animator on Ratatouille . Pixar Pixar Ratatouille Ratatouille (film) Pixar -LRB- -LSB- ˈpɪksɑr -RSB- -RRB- , also referred to as Pixar Animation Studios , is an American computer animation film studio based in Emeryville , California that is a subsidiary of The Walt Disney Company . Emeryville Emeryville, California California California computer animation computer animation film studio film studio The Walt Disney Company The Walt Disney Company",REFUTES
Billy Ray Cyrus co-starred on a musical series with Miley Cyrus.,"Hannah Montana , also known as Hannah Montana Forever in its fourth and final season , is an American musical comedy television series created by Michael Poryes , Rich Correll , and Barry O'Brien . Michael Poryes Michael Poryes Rich Correll Rich Correll Barry O'Brien Barry O'Brien musical comedy musical comedy Hannah Montana Hannah Montana (soundtrack) Hannah Montana Forever Hannah Montana Forever",SUPPORTS
Carrie Fisher was in the entertainment industry.,"Carrie Frances Fisher -LRB- October 21 , 1956 -- December 27 , 2016 -RRB- was an American actress , writer and humorist who first became known for playing Princess Leia in the Star Wars film series . Princess Leia Princess Leia Star Wars Star Wars Her other film roles included Shampoo -LRB- 1975 -RRB- , The Blues Brothers -LRB- 1980 -RRB- , Hannah and Her Sisters -LRB- 1986 -RRB- , The ` Burbs -LRB- 1989 -RRB- , and When Harry Met Sally ... -LRB- 1989 -RRB- . Shampoo Shampoo (film) The Blues Brothers The Blues Brothers (film) Hannah and Her Sisters Hannah and Her Sisters The daughter of the singer Eddie Fisher and actress Debbie Reynolds , Fisher and her mother appear in Bright Lights : Starring Carrie Fisher and Debbie Reynolds , a 2016 documentary about their relationship . Eddie Fisher Eddie Fisher (singer) Debbie Reynolds Debbie Reynolds",SUPPORTS
Reuters only sends out news in English.,,SUPPORTS
Katy Perry is the lawyer of Katy Hudson.,,NEI
Bonnie Hunt was in an airplane.,,NEI
Ralph Fiennes has hosted the Tony Awards.,,NEI
Maggie Smith is a four-time Oscar nominee.,"Her honorary awards include the BAFTA Special Award -LRB- 1993 -RRB- , the BAFTA Fellowship -LRB- 1996 -RRB- , and the Special Olivier Award -LRB- 2011 -RRB- . BAFTA Fellowship BAFTA Academy Fellowship Award Special Olivier Award Society of London Theatre Special Award",SUPPORTS
Sue Bird was the first overall pick of the 2002 WNBA Draft and was drafted by the Seattle Storm.,"Bird was the first overall pick of the 2002 WNBA Draft . WNBA WNBA 2002 2002 WNBA All-Star Game Suzanne Brigit `` Sue '' Bird -LRB- born October 16 , 1980 -RRB- is an American professional basketball player for the Seattle Storm of the Women 's National Basketball Association -LRB- WNBA -RRB- . WNBA WNBA Seattle Storm Seattle Storm basketball basketball",SUPPORTS
The Gadsden flag was named after its designer Christopher Gadsden.,"The flag is named after American general and politician Christopher Gadsden -LRB- 1724 -- 1805 -RRB- , who designed it in 1775 during the American Revolution . Christopher Gadsden Christopher Gadsden American Revolution American Revolution",SUPPORTS
A British sitcom that ended on June 14 was produced by Sue Vertue.,"Susan `` Sue '' Nicola Vertue -LRB- born 21 September 1960 in Surrey -RRB- is an English television producer , mainly of comedy shows , including Mr. Bean and Coupling . Surrey Surrey Mr. Bean Mr. Bean Coupling Coupling (UK TV series) Coupling is a British television sitcom written by Steven Moffat that aired on BBC2 from 12 May 2000 to 14 June 2004 . Steven Moffat Steven Moffat sitcom sitcom BBC2 BBC Two",SUPPORTS
There are Western Romance Languages.,"Western Romance languages are one of the two subdivisions of a proposed subdivision of the Romance languages based on the La Spezia -- Rimini line . Romance Romance languages Romance languages Romance languages They include the Gallo-Romance and Iberian-Romance branches as well as northern Italian . Romance Romance languages Gallo-Romance Gallo-Romance Iberian-Romance Iberian Romance languages The subdivision is based solely on the use of the `` s '' for pluralization and the weakening of some consonants , but that makes the categorization highly problematic because there is much higher lexical similarity between all dialects of Italian and French than between French and Spanish . Spanish Spanish language French French language Some classifications include Italo-Dalmatian ; the resulting clade is generally called Italo-Western Romance . Romance Romance languages Italo-Western Italo-Western languages Italo-Dalmatian Italo-Dalmatian languages Italo-Western Romance Italo-Western languages",SUPPORTS
Ben Kingsley is an actor.,"Sir Ben Kingsley -LRB- born Krishna Pandit Bhanji ; 31 December 1943 -RRB- is an English actor with a career spanning over 40 years . He is known for his starring role as Mohandas Gandhi in the 1982 film Gandhi , for which he won the Academy Award for Best Actor . Mohandas Gandhi Mohandas Karamchand Gandhi Gandhi Gandhi (film) Academy Award for Best Actor Academy Award for Best Actor He is also known for his performances in the films Schindler 's List -LRB- 1993 -RRB- , Twelfth Night -LRB- 1996 -RRB- , Sexy Beast -LRB- 2000 -RRB- , Lucky Number Slevin -LRB- 2006 -RRB- , Shutter Island -LRB- 2010 -RRB- , Prince of Persia : The Sands of Time -LRB- 2010 -RRB- , Hugo -LRB- 2011 -RRB- , and Iron Man 3 -LRB- 2013 -RRB- . Twelfth Night Twelfth Night (1996 film) Sexy Beast Sexy Beast Lucky Number Slevin Lucky Number Slevin Shutter Island Shutter Island (film) Hugo Hugo (film) Iron Man 3 Iron Man 3 He has won an Oscar , Grammy , BAFTA , two Golden Globes , and a Screen Actors Guild Award . Oscar Academy Award Grammy Grammy Award BAFTA British Academy of Film and Television Arts Golden Globes Golden Globe Award Screen Actors Guild Award Screen Actors Guild Award The Screen Actors Guild Award -LRB- also known as the SAG Award -RRB- is an accolade given by the Screen Actors Guild‐American Federation of Television and Radio Artists -LRB- SAG-AFTRA -RRB- to recognize outstanding performances in film and primetime television . SAG-AFTRA SAG-AFTRA Screen Actors Guild‐American Federation of Television and Radio Artists SAG-AFTRA",SUPPORTS
Marshall McLuhan predicted the invention of the World Wide Web.,"In the years after his death , he continued to be a controversial figure in academic circles .",SUPPORTS
Tony Goldwyn was born in 2001.,"Anthony Howard Goldwyn -LRB- born May 20 , 1960 -RRB- is an American actor , producer , director and political activist .",REFUTES
Major League Soccer is not active in Canada.,"Major League Soccer -LRB- MLS -RRB- is a men 's professional soccer league , sanctioned by U.S. Soccer , that represents the sport 's highest level in both the United States and Canada . soccer association football U.S. Soccer United States Soccer Federation United States United States soccer league system Canada Canadian soccer league system The league comprises 22 teams -- 19 in the U.S. and 3 in Canada . Canada Canadian soccer league system MLS constitutes one of the major professional sports leagues of the United States and Canada . United States United States soccer league system Canada Canadian soccer league system major professional sports leagues Major professional sports leagues in the United States and Canada",REFUTES
Extracorporeal shockwave therapy (ESWT) treats.,"Extracorporeal shockwave therapy -LRB- ESWT -RRB- is a treatment used in physical therapy , orthopedics , urology and cardiology . physical therapy physical therapy orthopedics orthopedics urology urology cardiology cardiology",SUPPORTS
Eminem was a Gemini.,"Marshall Bruce Mathers III -LRB- born October 17 , 1972 -RRB- , known professionally as Eminem -LRB- often stylized as EMINƎM -RRB- , is an American rapper , record producer , and actor . Under the tropical zodiac , the sun transits this sign between May 21 and June 21 . zodiac zodiac",REFUTES
Stephanie Daley won the People's Choice Award.,,NEI
Ben Affleck is in The Bourne Supremacy.,,NEI
Tigers are harmless to gray wolves.,"The gray wolf is one of the world 's best-known and most-researched animals , with probably more books written about it than any other wildlife species .",REFUTES
John McCain was nominated for presidency in 2008.,"He was the Republican nominee for the 2008 U.S. presidential election . Republican Republican Party (United States) nominee presidential nominee 2008 U.S. presidential election United States presidential election, 2008",SUPPORTS
Harry Potter was written by an author.,Harry Potter is a series of fantasy novels written by British author J. K. Rowling . J. K. Rowling J. K. Rowling fantasy novels fantasy literature Harry Potter Harry Potter (character) fantasy fantasy,SUPPORTS
Aneurin Barnard refused to ever be a stage actor.,Aneurin Barnard -LRB- born 8 May 1987 -RRB- is a Welsh stage and screen actor . Welsh Welsh people,REFUTES
Serena Williams shares a record with her mother.,,NEI
Farrah Fawcett was the subject of an ABC narrative film.,,NEI
Noam Chomsky took a break.,,NEI
The Great Outdoors (film) was directed by Michael Bay only.,"The Great Outdoors is a 1988 American comedy film directed by Howard Deutch , and written and produced by John Hughes . Howard Deutch Howard Deutch John Hughes John Hughes (filmmaker) comedy film comedy film",REFUTES
Lion is a film based on the non-fiction book A Long Way Home.,"Lion is a 2016 biographical film directed by Garth Davis -LRB- in his feature debut -RRB- and written by Luke Davies , based on the non-fiction book A Long Way Home by Saroo Brierley with Larry Buttrose . Garth Davis Garth Davis Luke Davies Luke Davies Saroo Brierley Saroo Brierley Larry Buttrose Larry Buttrose biographical film biographical film feature debut List of directorial debuts",SUPPORTS
George W. Romney was the father of a former governor.,"He was the father of former Governor of Massachusetts and 2012 Republican presidential nominee Mitt Romney and the husband of former Michigan U.S. Senate candidate Lenore Romney . Republican Republican Party (United States) Mitt Mitt Romney Governor of Massachusetts Governor of Massachusetts 2012 Republican presidential nominee United States presidential election, 2012 Mitt Romney Mitt Romney Lenore Romney Lenore Romney",SUPPORTS
Richard Nixon moved in 1942.,"Nixon was elected to the House of Representatives in 1946 and to the Senate in 1950 . House of Representatives United States House of Representatives 1946 California's 12th congressional district election, 1946 Senate United States Senate 1950 United States Senate election in California, 1950",SUPPORTS
Saw VI was produced by Universal Studios only.,It was produced by Mark Burg and Oren Koules of Twisted Pictures and distributed by Lionsgate . Mark Burg Mark Burg Oren Koules Oren Koules Twisted Pictures Twisted Pictures Lionsgate Lionsgate,REFUTES
Alan Rickman passed away in 2012.,"Alan Sidney Patrick Rickman -LRB- 21 February 1946 -- 14 January 2016 -RRB- was an English actor and director known for playing a variety of roles on stage and on screen . Filming began in South Africa in September 2014 . South Africa South Africa Alice Through the Looking Glass is a 2016 American fantasy adventure film directed by James Bobin , written by Linda Woolverton and produced by Tim Burton , Joe Roth , Suzanne Todd and Jennifer Todd . James Bobin James Bobin Joe Roth Joe Roth Suzanne Todd Suzanne Todd Jennifer Todd Jennifer Todd Tim Burton Tim Burton Linda Woolverton Linda Woolverton fantasy fantasy film adventure film adventure film Alice Alice (Alice's Adventures in Wonderland) The film stars Johnny Depp , Anne Hathaway , Mia Wasikowska , Matt Lucas , Rhys Ifans , Helena Bonham Carter and Sacha Baron Cohen and features the voices of Stephen Fry , Michael Sheen , Timothy Spall and Alan Rickman , in his final film role . Johnny Depp Johnny Depp Anne Hathaway Anne Hathaway Mia Wasikowska Mia Wasikowska Rhys Ifans Rhys Ifans Helena Bonham Carter Helena Bonham Carter Sacha Baron Cohen Sacha Baron Cohen Alan Rickman Alan Rickman Stephen Fry Stephen Fry Michael Sheen Michael Sheen Timothy Spall Timothy Spall Matt Lucas Matt Lucas (comedian) Eye in the Sky is a 2015 British thriller film starring Helen Mirren , Aaron Paul , Alan Rickman and Barkhad Abdi . Helen Mirren Helen Mirren Aaron Paul Aaron Paul Alan Rickman Alan Rickman Barkhad Abdi Barkhad Abdi thriller film thriller film",REFUTES
Point Place is located in the Great Lakes area.,Point Place is the fictional town in Wisconsin in which the television sitcom That '70s Show takes place . sitcom sitcom town town Wisconsin Wisconsin That '70s Show That '70s Show,SUPPORTS
Walt Disney's company is one of the smallest entertainment companies.,,REFUTES
Grand Theft Auto clones are characterized by their likeness to the Legend of Zelda series.,"Grand Theft Auto clone is a subgenre of open world action-adventure video games , characterized by their likeness to the Grand Theft Auto series in either gameplay , or overall design . subgenre Video game genres open world open world action-adventure action-adventure game Grand Theft Auto Grand Theft Auto (video game) clone Video game clone",REFUTES
Elizabeth Meriwether is a florist.,,NEI
Anne Hathaway portrayed an American novelist.,"She went on to win her second Teen Choice Award for Choice Movie Actress -- Comedy for starring in Bride Wars -LRB- 2009 -RRB- and in 2010 , appeared in the box office hits Valentine 's Day , Alice in Wonderland and Love & Other Drugs , which earned her the Satellite Award for Best Actress and a nomination for the Golden Globe Award for Best Actress -- Motion Picture Comedy or Musical . Golden Globe Golden Globe Award for Best Supporting Actress – Motion Picture Bride Wars Bride Wars Alice in Wonderland Alice in Wonderland (2010 film) Love & Other Drugs Love & Other Drugs Satellite Award for Best Actress Satellite Award for Best Actress – Motion Picture Jane Austen -LRB- -LSB- ˈdʒeɪn_ˈɒstɪn -RSB- 16 December 1775 -- 18 July 1817 -RRB- was an English novelist known primarily for her six major novels , which interpret , critique and comment upon the British landed gentry at the end of the 18th century . landed gentry landed gentry",REFUTES
Anna Paquin was cast in The Piano.,"As a child , she beat 5000 candidates for the role of Flora McGrath in Jane Campion 's romantic drama film The Piano -LRB- 1993 -RRB- , despite having had little to no acting experience prior to getting the role . Flora McGrath The Piano (film) Jane Campion Jane Campion romantic Romance film drama film Drama The Piano The Piano drama drama",SUPPORTS
The Wolf of Wall Street premiered in New York City in December.,"It was a major commercial success , grossing more than $ 392 million worldwide during its original theatrical run to become Scorsese 's highest-grossing movie and the 17th-highest-grossing film of 2013 .",SUPPORTS
Victor Hugo was a car washer.,,NEI
Alkaline Trio is a group.,,NEI
The Adjustment Bureau is a thriller film.,"The Adjustment Bureau is a 2011 American science fiction thriller film loosely based on the Philip K. Dick short story , `` Adjustment Team '' . Adjustment Team Adjustment Team Philip K. Dick Philip K. Dick science fiction science fiction film thriller film thriller film",SUPPORTS
Cirrhosis can cause symptoms.,"As the disease worsens , a person may become tired , weak , itchy , have swelling in the lower legs , develop yellow skin , bruise easily , have fluid build up in the abdomen , or develop spider-like blood vessels on the skin . abdomen abdomen itchy Pruritus swelling in the lower legs pedal edema yellow skin jaundice fluid build up in the abdomen ascites weak Asthenia spider-like blood vessels on the skin spider angioma",SUPPORTS
Gone Girl stars Rosamund Pike and Ben Affleck.,"The film stars Ben Affleck , Rosamund Pike , Neil Patrick Harris and Tyler Perry . Ben Affleck Ben Affleck Rosamund Pike Rosamund Pike Neil Patrick Harris Neil Patrick Harris Tyler Perry Tyler Perry",SUPPORTS
Arrow follows The Office on Tuesday nights.,,NEI
Cheaper by the dozen was released.,"Cheaper by the Dozen is a 2003 American family comedy film which takes its title from the autobiographical book of the same name by Frank B. Gilbreth , Jr. and Ernestine Gilbreth Carey , but despite the title and the concept of a family with twelve children , ranging from 5 year old Nigel & Kyle to 22 year old Nora , the film bears no resemblance to the book nor its original film adaptation , although it is mentioned that the mother 's maiden name is Gilbreth . Cheaper by the Dozen Cheaper by the Dozen Ernestine Gilbreth Carey Ernestine Gilbreth Carey autobiographical book of the same name Cheaper by the Dozen original film adaptation Cheaper by the Dozen (1950 film) The film was released on December 25 , 2003 by 20th Century Fox , ultimately grossing just over $ 190 million worldwide . 20th Century Fox 20th Century Fox",SUPPORTS
Maria Sharapova was the world No. 1 for four weeks in 2015.,,NEI
19 Kids and Counting was an America reality television series.,"19 Kids and Counting -LRB- formerly 17 Kids and Counting and 18 Kids and Counting -RRB- was an American reality television show that aired on the cable channel TLC for seven years , until its cancellation in 2015 . TLC TLC (TV network) reality television reality television",SUPPORTS
Buddhism has 20 million followers.,"Buddhism is the world 's fourth-largest religion , with over 500 million followers or 7 % of the global population , known as Buddhists .",REFUTES
Jessica Lange's first film role was in a remake of a 1943 film.,"Lange received three more nominations before garnering a sixth Oscar nomination and winning , along with her third Golden Globe Award , the Academy Award for Best Actress for her performance as a manic depressive housewife in Blue Sky -LRB- 1994 -RRB- . Golden Globe Award Golden Globe Award Academy Award for Best Actress Academy Award for Best Actress manic depressive bipolar disorder Blue Sky Blue Sky (film)",REFUTES
"In 1978, Judith Barsi was born.","Judith Eva Barsi -LRB- June 6 , 1978 -- July 25 , 1988 -RRB- was an American child actress in the mid - to late 1980s . child actress child actor",SUPPORTS
Family Guy is a live action program.,Family Guy is an American adult animated sitcom created by Seth MacFarlane for the Fox Broadcasting Company . Seth MacFarlane Seth MacFarlane Fox Fox Broadcasting Company adult adult animation animated sitcom animated sitcom Fox Broadcasting Company Fox Broadcasting Company,REFUTES
Natalie Portman directed a movie that was adapted from a novel.,,NEI
Jane Eyre's screenplay was written.,The screenplay is written by Moira Buffini based on the 1847 novel of the same name by Charlotte Brontë . Moira Buffini Moira Buffini Charlotte Brontë Charlotte Brontë novel of the same name Jane Eyre,SUPPORTS
Batman v Superman: Dawn of Justice is the first film portrayal of Wonder Woman.,"Batman v Superman : Dawn of Justice is the first live-action film to feature Batman and Superman together , as well as the first live-action cinematic portrayal of Wonder Woman , Aquaman , The Flash and Cyborg . Batman Batman Superman Superman Wonder Woman Wonder Woman Aquaman Aquaman The Flash Flash (Barry Allen) Cyborg Cyborg (comics)",SUPPORTS
Andrew Wood (singer) was not addicted to drugs.,"They soon began writing original material and formed Mother Love Bone the same year , adding guitarist Bruce Fairweather -LRB- also a former member of Green River -RRB- and drummer Greg Gilmore to the lineup . Mother Love Bone Mother Love Bone Green River Green River (band) Bruce Fairweather Bruce Fairweather Greg Gilmore Greg Gilmore",REFUTES
Winona Ryder is a singer.,,NEI
World War II included a military campaign in East Africa.,"In December 1941 , Japan attacked the United States and European colonies in the Pacific Ocean , and quickly conquered much of the Western Pacific . Pacific Pacific Ocean United States United States Japan Empire of Japan attacked the United States Attack on Pearl Harbor European colonies Japanese invasion of Malaya",SUPPORTS
Malaysia Airlines is a cottage that provides air transport services for traveling passengers and freight.,Malaysia Airlines is the flag carrier of Malaysia and a member of the oneworld airline alliance . Malaysia Malaysia airline airline flag carrier flag carrier oneworld oneworld airline alliance airline alliance The company 's headquarters are located at Kuala Lumpur International Airport . Kuala Lumpur International Airport Kuala Lumpur International Airport,REFUTES
The National Security Agency is responsible for the collection of information for counterintelligence purposes.,"The NSA is responsible for global monitoring , collection , and processing of information and data for foreign intelligence and counterintelligence purposes , a discipline known as signals intelligence -LRB- SIGINT -RRB- . counterintelligence counterintelligence signals intelligence signals intelligence",SUPPORTS
Emily Blunt counterfeited a BAFTA Britannia Award.,,NEI
Andhra Pradesh is an American state.,"Andhra Pradesh -LRB- -LSB- , ahndr@_pr@'dEsh -RSB- -RRB- is one of the 29 states of India , situated on the southeastern coast of the country . states of India States and territories of India India India The state is the eighth largest state in India covering an area of 162307 km2 . eighth List of states and territories of India by area India India As per 2011 Census of India , the state is tenth largest by population with 49,386,799 inhabitants . India India 2011 Census of India 2011 Census of India tenth List of states and union territories of India by population However , in accordance with the Andhra Pradesh Reorganisation Act , 2014 , Hyderabad will remain the de jure capital of both Andhra Pradesh and Telangana states for a period of time not exceeding 10 years . Telangana Telangana Hyderabad Hyderabad de jure de jure Telangana -LRB- t -RRB- is one of the 29 states in India , located in southern India . states States and union territories of India India India southern India South India",REFUTES
Stardust (2007 film) is a romantic film.,The romantic fantasy adventure film was directed by Matthew Vaughn and co-written by Vaughn and Jane Goldman . Matthew Vaughn Matthew Vaughn Jane Goldman Jane Goldman fantasy fantasy adventure adventure,SUPPORTS
Gregor Clegane's younger brother is nicknamed The Hound.,,NEI
Tokyo is the smallest city of Japan.,"The Greater Tokyo Area is the most populous metropolitan area in the world . Tokyo Special wards of Tokyo Greater Tokyo Area Greater Tokyo Area most populous metropolitan area List of metropolitan areas by population Tokyo -LRB- -LSB- toːkjoː -RSB- , -LSB- langˈtoʊki.oʊ -RSB- -RRB- , officially Tokyo Metropolis , is the capital of Japan and one of its 47 prefectures . Metropolis Prefectures of Japan Japan Japan Tokyo Special wards of Tokyo prefectures Prefectures of Japan Tokyo ranked third in the International Financial Centres Development IndexEdit . Tokyo Special wards of Tokyo International Financial Centres Development IndexEdit Financial centre",REFUTES
London is in the United States.,"London -LSB- ˈlʌndən -RSB- is the capital and most populous city of England and the United Kingdom . capital Capital city England England United Kingdom United Kingdom Standing on the River Thames in the south east of the island of Great Britain , London has been a major settlement for two millennia . River Thames River Thames Great Britain Great Britain Great Britain , also known as Britain , is a large island in the north Atlantic Ocean off the northwest coast of continental Europe . Europe Europe island island Atlantic Ocean Atlantic Ocean continental Europe continental Europe Since at least the 19th century , `` London '' has also referred to the metropolis around this core , historically split between Middlesex , Essex , Surrey , Kent , and Hertfordshire , which today largely makes up Greater London , See also : Independent city § National capitals . Greater London Greater London metropolis metropolis Middlesex Middlesex Essex Essex Surrey Surrey Kent Kent Hertfordshire Hertfordshire Independent city § National capitals Independent city#National capitals London contains four World Heritage Sites : the Tower of London ; Kew Gardens ; the site comprising the Palace of Westminster , Westminster Abbey , and St Margaret 's Church ; and the historic settlement of Greenwich -LRB- in which the Royal Observatory , Greenwich marks the Prime Meridian , 0 ° longitude , and GMT -RRB- . Tower of London Tower of London Kew Gardens Kew Gardens Palace of Westminster Palace of Westminster Westminster Abbey Westminster Abbey Greenwich Greenwich Prime Meridian Prime Meridian longitude longitude GMT Greenwich Mean Time",REFUTES
British Columbia's burden is resource extraction.,,NEI
Steven Spielberg directed a war drama film.,"Spielberg won the Academy Award for Best Director for Schindler 's List and Saving Private Ryan , as well as receiving five other nominations . Saving Private Ryan Saving Private Ryan Academy Award for Best Director Academy Award for Best Director War Horse is a 2011 American war drama film directed and co-produced by Steven Spielberg from a screenplay written by Lee Hall and Richard Curtis , adapted from English author Michael Morpurgo 's 1982 novel of the same name . Steven Spielberg Steven Spielberg Lee Hall Lee Hall (playwright) Richard Curtis Richard Curtis Michael Morpurgo Michael Morpurgo war War film drama film drama film novel of the same name War Horse (novel) Empire of the Sun is a 1987 American epic coming-of-age war film based on J. G. Ballard 's semi-autobiographical novel of the same name . Empire of the Sun Empire of the Sun J. G. Ballard J. G. Ballard epic epic film coming-of-age coming of age war film war film novel of the same name Empire of the Sun Saving Private Ryan is a 1998 American epic war drama film set during the Invasion of Normandy in World War II . epic epic film war war film drama film drama film Invasion of Normandy Invasion of Normandy World War II World War II He is also known for his long-standing associations with several actors , producers , and technicians , most notably composer John Williams , who has composed music for all but two of Spielberg 's movies which are The Color Purple and Bridge of Spies . The Color Purple The Color Purple (film) Bridge of Spies Bridge of Spies (film) John Williams John Williams",SUPPORTS
Constantine is a 2005 novel.,,NEI
Tensions between Jagger and Richards almost caused the band to file for bankruptcy.,,NEI
The Formula (1980 film) was released by Metro-Goldwyn-Mayer.,The Formula is a 1980 American mystery film directed by John G. Avildsen and released by Metro-Goldwyn-Mayer . John G. Avildsen John G. Avildsen Metro-Goldwyn-Mayer Metro-Goldwyn-Mayer mystery film mystery film,SUPPORTS
Imagine Dragons have won a national award.,,NEI
Brian Wilson was a performer of music.,"Brian Douglas Wilson -LRB- born June 20 , 1942 -RRB- is an American musician , singer , songwriter , and record producer best known for being the multi-tasking leader and co-founder of the rock band the Beach Boys . rock rock music the Beach Boys the Beach Boys",SUPPORTS
The Chainsmokers have only won two iHeartRadio Music Awards.,They have also won an American Music Award and five iHeartRadio Music Awards . American Music Award American Music Award iHeartRadio Music Awards iHeartRadio Music Awards,REFUTES
Injustice 2 was directed by Ed Boon.,"The game received positive reviews from critics , who praised its story , presentation , improved gameplay mechanics , abundance of in-game content , and character customization options , while criticizing its random loot and microtransaction systems . microtransaction microtransaction",SUPPORTS
Peter Capaldi got four nominations for British Academy Television Awards.,"His next most notable role is spin doctor Malcolm Tucker in The Thick of It , for which he has received four British Academy Television Award nominations , winning Best Male Comedy Performance in 2010 . spin doctor spin doctor Malcolm Tucker Malcolm Tucker The Thick of It The Thick of It British Academy Television Award British Academy Television Award Best Male Comedy Performance British Academy Television Award for Best Male Comedy Performance",SUPPORTS
Leonardo Bonucci isn't a two-time member of the Serie A Team of the Year.,,SUPPORTS
"Centralia, Pennsylvania's population was low in 2010.","Its population has dwindled from more than 1,000 residents in 1980 to only 10 in 2010 -- a result of the coal mine fire which has been burning beneath the borough since 1962 . borough Borough (Pennsylvania) coal mine fire Centralia mine fire",SUPPORTS
Kristen Stewart starred in the Twilight series starting in 2008.,"She received widespread recognition in 2008 for playing Bella Swan in The Twilight Saga film series -LRB- 2008 -- 12 -RRB- , which grossed over $ 3.3 billion worldwide . Bella Swan Bella Swan The Twilight Saga The Twilight Saga (film series) The first installment , Twilight , was released on November 21 , 2008 . Twilight Twilight (2008 film) The films star Kristen Stewart , Robert Pattinson , and Taylor Lautner . Kristen Stewart Kristen Stewart Robert Pattinson Robert Pattinson Taylor Lautner Taylor Lautner",SUPPORTS
Macbeth was probably first performed in May of 1606.,,NEI
Paul Newman was the anchor of a race team.,,NEI
"At the 27th Toronto International Film Festival, Cloud Atlas premiered.",,REFUTES
Tim Rice wrote Chess with Annie Lennox.,,NEI
Peter Capaldi recorded every episode of the BBC television series Doctor Who.,,NEI
Zooey Deschanel plays guitars.,,NEI
The Houston Rockets have won zero Western Conference titles.,The Rockets have won two NBA championships and four Western Conference titles . Western Western Conference (NBA) Western Conference Western Conference (NBA),REFUTES
Margaret Atwood has been interested in dogs and fairy tales from an early age.,,NEI
Volleyball involves a large budget.,,NEI
Bermuda is only prone to calm weather.,,REFUTES
Fernando Alonso is Spanish.,,SUPPORTS
Katie Holmes refused to be in a play by Arthur Miller.,,NEI
Mike Pence supported a movement.,"Pence signed bills intended to restrict abortions , including one that prohibited abortions if the reason for the procedure was the fetus 's race , gender , or disability .",SUPPORTS
Tom Franco comes from a family of actors with his brothers James and Dave.,Tom Franco is the brother of actors James Franco and Dave Franco . James Franco James Franco Dave Franco Dave Franco,SUPPORTS
Rachel McAdams worked in Canadian casinos.,,NEI
Nicki Minaj sang the song Hotel California.,,NEI
The United States House of Representatives is not charged with passing federal legislation.,The House meets in the south wing of the United States Capitol . United States Capitol United States Capitol United States United States,REFUTES
Valerian and the City of a Thousand Planets has a character whose name begins with an L.,"It stars Dane DeHaan as Valerian and Cara Delevingne as Laureline , with Clive Owen , Rihanna , Ethan Hawke , Herbie Hancock , Kris Wu , and Rutger Hauer in supporting roles . Dane DeHaan Dane DeHaan Cara Delevingne Cara Delevingne Clive Owen Clive Owen Rihanna Rihanna Ethan Hawke Ethan Hawke Herbie Hancock Herbie Hancock Kris Wu Kris Wu Rutger Hauer Rutger Hauer",SUPPORTS
"The norovirus is associated with 906,000 outpatient visits in California.",,NEI
Led Zeppelin put out the album Led Zeppelin in the 20th century.,"Page wrote most of Led Zeppelin 's music , particularly early in their career , while Plant generally supplied the lyrics . Led Zeppelin Led Zeppelin (album)",SUPPORTS
Amy Adams has a middle name name Lou.,"Amy Lou Adams -LRB- born August 20 , 1974 -RRB- is an American actress and singer .",SUPPORTS
Bahrain is connected to the Gulf Sea by the King Fahd Causeway.,,NEI
John Lennon was incapable of being a singing or songwriter.,"John Winston Ono Lennon , -LRB- born John Winston Lennon ; 9 October 19408 December 1980 -RRB- was an English guitarist , singer , and songwriter who co-founded the Beatles , the most commercially successful and musically influential band in the history of popular music . the Beatles the Beatles",REFUTES
Aaron Taylor-Johnson made a game-winning goal.,,NEI
Arjun Kapoor boycotted a reality television show.,,NEI
Tanzania's largest city is shrinking.,,NEI
Ātman is an inappropriate word.,,NEI
The G1 Climax is disassociated from the New Japan Pro-Wrestling promotion.,"The G1 draws standing room only crowds each night , record receipt gates and generates front-page coverage on the sports sections of several of the daily newspapers in Tokyo . Tokyo Tokyo",REFUTES
Emma Roberts was not born in 1991.,"Emma Rose Roberts -LRB- born February 10 , 1991 -RRB- is an American actress and singer .",REFUTES
Peter Capaldi played the role of Malcolm Tucker on a British comedy tv series.,"His next most notable role is spin doctor Malcolm Tucker in The Thick of It , for which he has received four British Academy Television Award nominations , winning Best Male Comedy Performance in 2010 . spin doctor spin doctor Malcolm Tucker Malcolm Tucker The Thick of It The Thick of It British Academy Television Award British Academy Television Award Best Male Comedy Performance British Academy Television Award for Best Male Comedy Performance",SUPPORTS
Pamela Anderson is a person.,"Pamela Denise Anderson -LRB- born July 1 , 1967 -RRB- is a Canadian American actress and model known for her roles on the television series Home Improvement , Baywatch and V.I.P. . Canadian American Canadian Americans Home Improvement Home Improvement (TV series) Baywatch Baywatch She was Playmate of the Month for Playboy magazine in February 1990 . Playmate of the Month Playboy Playmate Playboy Playboy A Playmate is a female model featured in the centerfold/gatefold of Playboy magazine as Playmate of the Month -LRB- PMOM -RRB- . Playboy Playboy centerfold centerfold Anderson was inducted into Canada 's Walk of Fame in 2006 .",SUPPORTS
Charles I of England was a Duke.,,NEI
Election (1999 film) was directed by Alexander Payne.,Election is a 1999 American black comedy-drama film directed and written by Alexander Payne and adapted by him and Jim Taylor from Tom Perrotta 's 1998 novel of the same title . Alexander Payne Alexander Payne Jim Taylor Jim Taylor (writer) Election Election (1998 novel) Tom Perrotta Tom Perrotta black Black comedy comedy-drama film Comedy-drama novel of the same title Election (1998 novel),SUPPORTS
Asia contains Transbaikal.,,NEI
Ayn Rand supported destroying capitalism.,"She was sharply critical of most philosophers and philosophical traditions known to her , except for Aristotle , Thomas Aquinas , and classical liberals . Aristotle Aristotle Thomas Aquinas Thomas Aquinas classical liberals classical liberals Laissez-faire -LRB- -LSB- ˌlɛseɪˈfɛr - -RSB- , -LSB- lɛsefɛʁ -RSB- from -RRB- is an economic system in which transactions between private parties are free from government intervention such as regulation , privileges , tariffs , and subsidies . government government regulation regulation privileges Privilege (legal ethics)",REFUTES
Hayden Panettiere was six years old when she starred in Remember the Titans.,"She received two nominations for the Golden Globe Award for Best Supporting Actress -- Series , Miniseries or Television Film , for her work on Nashville in 2012 and 2013 . Nashville Nashville (2012 TV series)",REFUTES
The Prestige is a Canadian film.,"The Prestige is a 2006 British-American mystery thriller film directed by Christopher Nolan , from a screenplay adapted by Nolan and his brother Jonathan from Christopher Priest 's 1995 World Fantasy Award-winning novel of the same name . Christopher Nolan Christopher Nolan The Prestige The Prestige Christopher Priest Christopher Priest (novelist) mystery mystery film thriller film thriller film Jonathan Jonathan Nolan World Fantasy Award World Fantasy Award novel of the same name The Prestige",REFUTES
Bedazzled (2000 film) stars Elizabeth Hurley as Jane.,,NEI
The Mummy was directed by James Cameron.,"The Mummy is a 2017 American action-adventure horror film directed by Alex Kurtzman and written by David Koepp , Christopher McQuarrie and Dylan Kussman , with a story by Kurtzman , Jon Spaihts and Jenny Lumet . Alex Kurtzman Alex Kurtzman David Koepp David Koepp Christopher McQuarrie Christopher McQuarrie Dylan Kussman Dylan Kussman Jon Spaihts Jon Spaihts Jenny Lumet Jenny Lumet action-adventure action-adventure horror film horror film",REFUTES
Disinvestment from South Africa was enacted in 1990.,,NEI
Lauren Graham is not an author.,"Lauren Helen Graham -LRB- born March 16 , 1967 -RRB- is an American actress and author .",REFUTES
Enemy (2013 film) stars Sarah Gadon as Penelope.,,NEI
To The Bone only included canine actors.,"The film stars Lily Collins , Keanu Reeves , Carrie Preston , Lili Taylor , Alex Sharp , Liana Liberato , Brooke Smith , and Ciara Bravo . Lily Collins Lily Collins Keanu Reeves Keanu Reeves Carrie Preston Carrie Preston Lili Taylor Lili Taylor Ciara Bravo Ciara Bravo Alex Sharp Alex Sharp Liana Liberato Liana Liberato Brooke Smith Brooke Smith (actress) Alexander Ian `` Alex '' Sharp -LRB- born 2 February 1989 -RRB- is a Tony Award-winning English actor best known for originating the role of Christopher Boone in the Broadway Production of The Curious Incident of the Dog in the Night-Time . The Curious Incident of the Dog in the Night-Time The Curious Incident of the Dog in the Night-Time (play) Tony Award Tony Award Broadway Broadway (theatre)",REFUTES
Asset management may apply to intangible assets such as financial assets.,"It may apply to both tangible assets -LRB- such as buildings -RRB- and to intangible assets such as human capital , intellectual property , goodwill and/or financial assets -RRB- . intellectual property intellectual property goodwill goodwill (accounting) financial assets financial assets",SUPPORTS
Grunge was unable to ever achieve commercial success.,"Although most grunge bands had disbanded or faded from view by the late 1990s , they influenced modern rock music , as their lyrics brought socially conscious issues into pop culture and added introspection and an exploration of what it means to be true to oneself . rock music rock music pop culture pop culture be true to oneself Authenticity (philosophy)",REFUTES
Tom Felton appeared in a film alongside Freida Pinto.,"Felton 's 2016 films include the epic biblical drama Risen , alongside Joseph Fiennes , and the period biopic A United Kingdom , alongside David Oyelowo and Rosamund Pike . Joseph Fiennes Joseph Fiennes A United Kingdom A United Kingdom David Oyelowo David Oyelowo Rosamund Pike Rosamund Pike Rise of the Planet of the Apes is a 2011 American science fiction film directed by Rupert Wyatt and starring James Franco , Freida Pinto , John Lithgow , Brian Cox , Tom Felton , David Oyelowo , and Andy Serkis . Rupert Wyatt Rupert Wyatt Planet of the Apes Planet of the Apes James Franco James Franco Freida Pinto Freida Pinto John Lithgow John Lithgow Brian Cox Brian Cox (actor) Tom Felton Tom Felton Andy Serkis Andy Serkis science fiction film science fiction film David Oyelowo David Oyelowo",SUPPORTS
Arjun Kapoor acts in dramatic roles in Indian films.,,NEI
Lisbon's status as a capital has never been officially confirmed.,"The typical summer season lasts about four months , from June to September , although also in April temperatures sometimes reach around 25 ° C.",SUPPORTS
Hacksaw Ridge was directed by Andrew Garfield.,"Hacksaw Ridge was chosen by the American Film Institute as one of its top ten Movies of the Year , and has received numerous awards and nominations . American Film Institute American Film Institute",REFUTES
Warm Leatherette was released in any year except 1980.,"Warm Leatherette is the fourth studio album by Grace Jones , released on 9 May 1980 by Island Records . Grace Jones Grace Jones Island Island Records Warm Leatherette Warm Leatherette#Grace Jones version Island Records Island Records",REFUTES
Evil is commonly associated with novels.,,NEI
Oliver Reed was an actor in The Devils.,"-LRB- 1968 -RRB- , Women in Love -LRB- 1969 -RRB- , Hannibal Brooks -LRB- 1969 -RRB- , The Devils -LRB- 1971 -RRB- , The Three Musketeers -LRB- 1973 -RRB- , Tommy -LRB- 1975 -RRB- , Lion of the Desert -LRB- 1981 -RRB- , Castaway -LRB- 1986 -RRB- , The Adventures of Baron Munchausen -LRB- 1988 -RRB- and Funny Bones -LRB- 1995 -RRB- . Women in Love Women in Love (film) Hannibal Brooks Hannibal Brooks The Devils The Devils (film) The Three Musketeers The Three Musketeers (1973 film) Tommy Tommy (1975 film) Lion of the Desert Lion of the Desert Castaway Castaway (film) The Adventures of Baron Munchausen The Adventures of Baron Munchausen Funny Bones Funny Bones The Devils is a 1971 British historical drama horror film directed by Ken Russell and starring Oliver Reed and Vanessa Redgrave . Ken Russell Ken Russell The Devils The Devils (play) Oliver Reed Oliver Reed Vanessa Redgrave Vanessa Redgrave historical Historical film drama Drama film horror film horror film",SUPPORTS
Garry Kasparov is a NBA MVP.,,NEI
Anne Bancroft was in a horror film.,,NEI
The United States is where rock music originated.,"Rock music is a genre of popular music that originated as `` rock and roll '' in the United States in the early 1950s , and developed into a range of different styles in the 1960s and later , particularly in the United Kingdom and the United States . United Kingdom British rock United States American rock popular music popular music rock and roll rock and roll",SUPPORTS
Olivia Munn is from America.,"Lisa Olivia Munn -LRB- born July 3 , 1980 -RRB- is an American actress and model .",SUPPORTS
David Jones (video game developer) is English.,David Scott Jones -LRB- born October 1965 -RRB- is a Scottish games programmer and entrepreneur who founded computer game companies DMA Design in 1987 -LRB- which became Rockstar North in 2002 -RRB- and Realtime Worlds in 2002 . games programmer game programmer entrepreneur entrepreneur computer game computer game DMA Design DMA Design Rockstar North Rockstar North Realtime Worlds Realtime Worlds,REFUTES
The Godfather Part III only stars Al Pacino.,"The film stars Al Pacino , Diane Keaton , Talia Shire , and Andy García , and features Eli Wallach , Joe Mantegna , George Hamilton , Bridget Fonda , and Sofia Coppola . Al Pacino Al Pacino Diane Keaton Diane Keaton Talia Shire Talia Shire Andy García Andy García Eli Wallach Eli Wallach Joe Mantegna Joe Mantegna Bridget Fonda Bridget Fonda George Hamilton George Hamilton (actor) Sofia Coppola Sofia Coppola",REFUTES
Bal Gangadhar Tilak was only a chef.,"Bal Gangadhar Tilak -LRB- or Lokmanya Tilak , ; 23 July 1856 -- 1 August 1920 -RRB- , born as Keshav Gangadhar Tilak , was an Indian nationalist , teacher , social reformer , lawyer and an independence activist . Indian Indian people Indian nationalist Indian nationalist teacher teacher social reformer social reformer lawyer lawyer He was the first leader of the Indian Independence Movement . Indian Indian people Indian Independence Movement Indian Independence Movement The British colonial authorities called him `` Father of the Indian unrest . '' Indian Indian people in India . India India",REFUTES
Bedazzled (2000 film) was directed by Harold Ramis.,The film was directed by Harold Ramis and stars Brendan Fraser and Elizabeth Hurley . Harold Ramis Harold Ramis Brendan Fraser Brendan Fraser Elizabeth Hurley Elizabeth Hurley,SUPPORTS
Legion is an American horror film from 2010.,Legion is a 2010 American apocalyptic supernatural action horror film directed by Scott Stewart and co-written by Stewart and Peter Schink . Scott Stewart Scott Stewart (director) apocalyptic Apocalyptic and post-apocalyptic fiction supernatural Supernatural fiction action action film horror film horror film,SUPPORTS
Look at My Dab is a short story.,`` Look at My Dab '' -LRB- also titled `` Bitch Dab '' -RRB- is a song by American hip hop group Migos . Migos Migos hip hop hip hop music,REFUTES
Taylor Kitsch is a human.,,NEI
Tim Rice is known for his additional songs in the Last Jedi.,,NEI
Amy Poehler is an American director.,"Amy Meredith Poehler -LRB- -LSB- ˈpoʊlər -RSB- born September 16 , 1971 -RRB- is an American actress , comedian , director , producer , and writer .",SUPPORTS
Elvis Presley never had a heart attack.,"He won three Grammys , also receiving the Grammy Lifetime Achievement Award at age 36 , and has been inducted into multiple music halls of fame . Grammys Grammy Award Grammy Lifetime Achievement Award Grammy Lifetime Achievement Award multiple music halls of fame List of halls of fame inducting Elvis Presley",REFUTES
Brigitte Macron was born on a boat.,,NEI
Jared Leto only directs music videos for Kesha.,"`` Kings and Queens '' is a song by American rock band Thirty Seconds to Mars , featured on their third studio album This Is War -LRB- 2009 -RRB- . Thirty Seconds to Mars Thirty Seconds to Mars This Is War This Is War rock rock music",REFUTES
Mike Tyson chewed on Holyfield's ears.,,NEI
T-Pain is a businessman.,,NEI
One of the characters in the series of fantasy novels A Song of Ice and Fire is Gendry.,"Gendry is a fictional character in the A Song of Ice and Fire series of fantasy novels by American author George R. R. Martin , and its television adaptation Game of Thrones . A Song of Ice and Fire A Song of Ice and Fire Game of Thrones Game of Thrones George R. R. Martin George R. R. Martin fictional character fictional character fantasy fantasy",SUPPORTS
Melanie Griffith has lived in London.,,NEI
Julie Christie was nominated for an Oscar for the 2004 film Afterglow.,,REFUTES
The Ten Commandments (1956 film) was produced by Cecil B. DeMille.,,NEI
"Hairspray sold less than 1,200,000 copies in the USA.",,SUPPORTS
The Great Outdoors (film) was the highest grossing film by Howard Deutch.,,NEI
Elizabeth I of England was the final monarch of the dynasty of Tudor.,"Sometimes called The Virgin Queen , Gloriana or Good Queen Bess , the childless Elizabeth was the last monarch of the Tudor dynasty . Tudor House of Tudor Tudor dynasty Tudor dynasty",SUPPORTS
Christianity was spread through missionary work and caused pain.,,NEI
Snoop Dogg released a statement about Short's murder case.,,NEI
Margaret Osborne duPont was a Gemini.,"Margaret Osborne duPont -LRB- born Margaret Evelyn Osborne ; March 4 , 1918 -- October 24 , 2012 -RRB- was a World No. 1 American female tennis player . tennis tennis Under the tropical zodiac , the sun transits this sign between May 21 and June 21 . zodiac zodiac",REFUTES
Ronin is an American action-thriller film.,"Ronin is a 1998 American spy action-thriller film directed by John Frankenheimer , starring Robert De Niro , Jean Reno , Natascha McElhone , Stellan Skarsgård , Sean Bean , and Jonathan Pryce , and written by David Mamet -LRB- under the pseudonym Richard Weisz -RRB- from a screenplay by first-time writer John David Zeik . John Frankenheimer John Frankenheimer Richard Weisz David Mamet Robert De Niro Robert De Niro Jean Reno Jean Reno Natascha McElhone Natascha McElhone Stellan Skarsgård Stellan Skarsgård Sean Bean Sean Bean Jonathan Pryce Jonathan Pryce spy spy film action action film thriller Thriller film David Mamet David Mamet",SUPPORTS
David Beckham refused to join with United.,He was the first British footballer to play 100 UEFA Champions League games . footballer Association football UEFA Champions League UEFA Champions League,REFUTES
Richard Gere has no experience acting.,"Richard Tiffany Gere -LRB- -LSB- ˈɡɪər -RSB- ; born August 31 , 1949 -RRB- is an American actor and humanitarian activist . American People of the United States He began acting in the 1970s , playing a supporting role in Looking for Mr. Goodbar and a starring role in Days of Heaven . Looking for Mr. Goodbar Looking for Mr. Goodbar (film) Days of Heaven Days of Heaven He came to prominence in 1980 for his role in the film American Gigolo , which established him as a leading man and a sex symbol . American People of the United States American Gigolo American Gigolo leading man leading man sex symbol sex symbol He went on to star in several hit films , including An Officer and a Gentleman , Pretty Woman , Primal Fear , Runaway Bride , Arbitrage and Chicago , for which he won a Golden Globe Award for Best Actor and a Screen Actors Guild Award for part of the Best Cast . An Officer and a Gentleman An Officer and a Gentleman Pretty Woman Pretty Woman Primal Fear Primal Fear (film) Runaway Bride Runaway Bride (film) Arbitrage Arbitrage (film) Chicago Chicago (2002 film) Golden Globe Golden Globe Screen Actors Guild Screen Actors Guild",REFUTES
San Francisco was first settled by colonists from Spain.,,NEI
Jack Nicholson has yet to try acting.,"John Joseph `` Jack '' Nicholson -LRB- born April 22 , 1937 -RRB- is an American actor and filmmaker , who has performed for over 60 years . He also won the Academy Award for Best Supporting Actor for the comedy-drama Terms of Endearment -LRB- 1983 -RRB- . Academy Award Academy Award Academy Award for Best Supporting Actor Academy Award for Best Supporting Actor Terms of Endearment Terms of Endearment Nicholson is known for playing a wide range of starring or supporting roles , including satirical comedy , romance and dark portrayals of antiheroes and psychopathic characters . psychopathic psychopathy",REFUTES
Bill Clinton's was born on a plane.,,NEI
Led Zeppelin was removed from the Rock and Roll Hall of Fame in 1995.,,REFUTES
Brad Pitt starred in Legends of the Fall.,"Pitt starred in the cult film Fight Club -LRB- 1999 -RRB- and the heist film Ocean 's Eleven -LRB- 2001 -RRB- and its sequels , Ocean 's Twelve -LRB- 2004 -RRB- and Ocean 's Thirteen -LRB- 2007 -RRB- . Fight Club Fight Club",SUPPORTS
Back to the Future Part II was produced by Robert Zemeckis.,,NEI
"Wyatt Earp went to a restaurant in Dodge City, Kansas.",,NEI
Linda Schuyler is a milk producer.,,NEI
The Academy Awards were not first presented in 1929.,"The awards , first presented in 1929 at the Hollywood Roosevelt Hotel , are overseen by AMPAS . first presented in 1929 1st Academy Awards Hollywood Roosevelt Hotel Hollywood Roosevelt Hotel",REFUTES
Ethan Hawke starred in Before Sunrise and its sequels.,"Hawke was further honored with SAG Award nominations for both films , along with BAFTA Award and Golden Globe Award nominations for the latter . SAG Award SAG Award BAFTA Award BAFTA Award Golden Globe Award Golden Globe Award",SUPPORTS
Ellen Burstyn has yet to work in theater.,"Her career began in theatre during the late 1950s , and over the next decade included several films and television series .",REFUTES
The Supremes were passed over by Motown Records.,The Supremes were an American female singing group and the premier act of Motown Records during the 1960s . Motown Motown female singing group girl group,REFUTES
Paul Newman has given millions to charity.,"In 1988 , Newman founded the SeriousFun Children 's Network , a global family of summer camps and programs for children with serious illness which has served 290,076 children since its inception . summer camps summer camps He was also a co-founder of Safe Water Network , a nonprofit that develops sustainable drinking water solutions for those in need . Safe Water Network Safe Water Network",SUPPORTS
Eragon is a film with the main character played by Jeremy Irons.,"The film stars Ed Speleers in the title role as well as Jeremy Irons , Garrett Hedlund , Sienna Guillory , Robert Carlyle , John Malkovich , Djimon Hounsou , Alun Armstrong and Joss Stone , with Rachel Weisz as the voice of Saphira the dragon . Ed Speleers Ed Speleers Jeremy Irons Jeremy Irons Sienna Guillory Sienna Guillory Robert Carlyle Robert Carlyle Djimon Hounsou Djimon Hounsou Garrett Hedlund Garrett Hedlund Joss Stone Joss Stone Rachel Weisz Rachel Weisz John Malkovich John Malkovich title role Eragon (character) Alun Armstrong Alun Armstrong Saphira Saphira dragon dragon",REFUTES
There are evidence suggesting that all dinosaurs are incapable of laying eggs.,"Still , the idea that non-avian dinosaurs were uniformly gigantic is a misconception based in part on preservation bias , as large , sturdy bones are more likely to last until they are fossilized .",REFUTES
Dogs were the third domesticated species.,"The dog was the first domesticated species and has been selectively bred over millennia for various behaviors , sensory capabilities , and physical attributes . domesticated domestication selectively bred selective breeding",REFUTES
Tobey Maguire's middle sibling is Vincent.,,NEI
Brad Pitt played a cowgirl hitchhiker.,,NEI
Plato's teacher was Athenian scholar Socrates.,"In addition to being a foundational figure for Western science , philosophy , and mathematics , Plato has also often been cited as one of the founders of Western religion and spirituality . science science Western religion Western religion spirituality spirituality Socrates -LRB- -LSB- ˈsɒkrətiːz -RSB- Σωκράτης -LSB- - grcsɔːkrátɛːs -RSB- , Sōkrátēs ; 470/469 -- 399 BC -RRB- was a classical Greek -LRB- Athenian -RRB- philosopher credited as one of the founders of Western philosophy . Western philosophy Western philosophy Greek Greeks classical Greek Classical Greece Athenian Classical Athens philosopher Philosophy He is an enigmatic figure known chiefly through the accounts of classical writers , especially the writings of his students Plato and Xenophon and the plays of his contemporary Aristophanes . Plato Plato classical writers classical writers Xenophon Xenophon Aristophanes Aristophanes",SUPPORTS
There Will Be Blood is a religious movement.,There Will Be Blood is a 2007 American epic historical drama film written and directed by Paul Thomas Anderson and starring Daniel Day-Lewis and Paul Dano . Paul Thomas Anderson Paul Thomas Anderson Daniel Day-Lewis Daniel Day-Lewis Paul Dano Paul Dano epic Epic film historical drama film historical drama film,REFUTES
Steve Mouzakis was in the cast of a Dru Hill film.,,NEI
The brown bear has faced extinctions on a local level.,"The Marsican brown bear , one of several currently isolated populations of the main Eurasian brown bear race , in central Italy is believed to have a population of just 30 to 40 bears . bear bear Marsican brown bear Marsican brown bear Italy Italy",SUPPORTS
Diana Rigg was born in 1939.,"Dame Enid Diana Elizabeth Rigg , DBE -LRB- born 20 July 1938 -RRB- is an English actress . DBE Order of the British Empire Diana Diana (US TV series) Dame Order of the British Empire",REFUTES
Amitabh Bachchan has received more than one award.,"He has hosted several seasons of the game show , Kaun Banega Crorepati , India 's version of the game show franchise , Who Wants to Be a Millionaire ? Kaun Banega Crorepati Kaun Banega Crorepati",SUPPORTS
Sophia Abrahão is a comedian.,,NEI
Jackie Chan is not a Cantopop star.,"In 2015 , Forbes magazine estimated his net worth to be $ 350 million . Forbes Forbes",REFUTES
Eleveneleven was founded by a performer.,"eleveneleven is a record label founded in 2010 by Mike Hamlin , Ellen DeGeneres and her production company , A Very Good Production , in association with longtime affiliate Warner Bros. . Ellen DeGeneres Ellen DeGeneres Mike Hamlin Mike Hamlin Ellen Lee DeGeneres -LRB- -LSB- dᵻˈdʒɛnərᵻs -RSB- born January 26 , 1958 -RRB- is an American comedian , television host , actress , writer , and producer . television television Ellen Ellen (TV series)",SUPPORTS
Italy was an Axis power.,,NEI
Some spider species are communal.,,SUPPORTS
Laadla starred an actor.,"The film was notable because Divya Bharti was to star as the lead role Sheetal , filming most of the film . Divya Bharti Divya Bharti Laadla -LRB- translation : The Beloved Son -RRB- is a Bollywood film released on 17 April 1994 , starring Sridevi , Anil Kapoor and Raveena Tandon . Anil Kapoor Anil Kapoor Sridevi Sridevi Raveena Tandon Raveena Tandon Bollywood Bollywood Anil Kapoor -LRB- born 24 December 1956 -RRB- is an Indian actor and producer who has appeared in many Bollywood films , as well as international films and television series . producer Film producer Bollywood Bollywood 24 24 (TV series) Sridevi Kapoor -LRB- born Shree Amma Yanger Ayyapan ; 13 August 1963 -RRB- is an Indian film actress who has worked in Tamil , Hindi , Telugu , Malayalam and Kannada films . Tamil Tamil cinema Telugu Telugu cinema Indian Indian cinema film actress film actress Hindi Bollywood Malayalam Malayalam cinema Kannada Kannada language",SUPPORTS
Star Wars: Episode II – Attack of the Clones was released on DVD.,,SUPPORTS
Texas Longhorns men's basketball has been involved in the Regional Finals seven times total.,"Texas achieved some measures of national recognition during the tenures of head coaches Abe Lemons -LRB- 1976 -- 82 -RRB- and Tom Penders -LRB- 1988 -- 98 -RRB- , but the program rose to its highest level of prominence under the direction of former head coach Rick Barnes -LRB- 1998 -- 2015 -RRB- . head coach head coach Abe Lemons Abe Lemons Tom Penders Tom Penders Rick Barnes Rick Barnes",SUPPORTS
The CEO of Broad Green Pictures is Gabriel Hammond.,"It was founded in 2014 by CEO Gabriel Hammond and Chief Creative Officer , Daniel Hammond .",SUPPORTS
The Uruguay national football team has secured the Gold Medals in football at the Summer Olympics twice.,Another unique achievement of Uruguay is that it ´ s the only nation in world football to organize multiple major international tournaments in own country and win them all . football Football at the Summer Olympics Uruguay Uruguay international Federation of International Football Associations,SUPPORTS
Kangana Ranaut was born in a hospital.,,NEI
Ringo Starr never sang for the Beatles.,"He occasionally sang lead vocals , usually for one song on an album , including `` With a Little Help from My Friends '' , `` Yellow Submarine '' and their cover of `` Act Naturally '' . With a Little Help from My Friends With a Little Help from My Friends Yellow Submarine Yellow Submarine (song) cover Cover version Act Naturally Act Naturally",REFUTES
Jessica Chastain is quiet about mental health.,,REFUTES
Becoming Jane is based on Twilight.,"According to Hood , he attempted to weave together `` what we know about Austen 's world from her books and letters , '' and believed Austen 's personal life was the inspiration for Pride and Prejudice . Pride and Prejudice Pride and Prejudice",REFUTES
Sense and Sensibility was published in England.,,NEI
Transformers: The Last Knight's cast betrays Tyrese Gibson.,"The film was directed by Michael Bay , with Mark Wahlberg and Stanley Tucci reprising their roles from Age of Extinction alongside Josh Duhamel , Tyrese Gibson , and John Turturro from the first three movies . Michael Bay Michael Bay Mark Wahlberg Mark Wahlberg Stanley Tucci Stanley Tucci Josh Duhamel Josh Duhamel Tyrese Gibson Tyrese Gibson John Turturro John Turturro",REFUTES
Linda McCartney was a human rights activist.,,NEI
Evan Goldberg is exclusively German.,"Evan Goldberg -LRB- born May 11 , 1982 -RRB- is a Canadian screenwriter , film producer , and director . film producer film producer",REFUTES
Ulysses S. Grant was the 31st President of the United States.,"Ulysses S. Grant -LRB- born Hiram Ulysses Grant ; April 27 , 1822 -- July 23 , 1885 -RRB- was the 18th President of the United States -LRB- 1869 -- 77 -RRB- . 18th President of the United States List of Presidents of the United States",REFUTES
Cloud Atlas was released in France.,,NEI
Ann Romney never married.,"Ann Lois Romney -LRB- née Davies ; born April 16 , 1949 -RRB- is the wife of American businessman and politician , Mitt Romney . Mitt Romney Mitt Romney From 2003 to 2007 , Romney was First Lady of Massachusetts , while her husband served as Governor . First Lady of Massachusetts Governor of Massachusetts First Lady First Lady Massachusetts Massachusetts Governor Governor of Massachusetts She underwent a lumpectomy in December of the same year and has since been cancer-free . lumpectomy lumpectomy",REFUTES
Neymar made his professional debut at an early age.,"Neymar was twice named the South American Footballer of the Year , in 2011 and 2012 , before relocating to Europe to join Barcelona . Barcelona FC Barcelona South American Footballer of the Year South American Footballer of the Year 2011 2011 South American Footballer of the Year 2012 2012 South American Footballer of the Year",SUPPORTS
"Season 15 of Family Guy began on September 26th, 2016.",,REFUTES
Extreme environments can be caused by a variety of factors that push equilibrium off.,,NEI
Arkham Asylum's patients are comprised of Two-Face.,,SUPPORTS
The United States was a power in the Western Bloc during the Cold War.,"The United States is a prominent political and cultural force internationally , and a leader in scientific research and technological innovations . cultural Culture of the United States scientific research and technological Science and technology in the United States The Cold War was a state of geopolitical tension after World War II between powers in the Eastern Bloc -LRB- the Soviet Union and its satellite states -RRB- and powers in the Western Bloc -LRB- the United States , its NATO allies and others -RRB- . Soviet Union Soviet Union World War II World War II Eastern Bloc Eastern Bloc Western Bloc Western Bloc United States United States NATO NATO",SUPPORTS
Austria was re-established as a sovereign state in Europe.,,NEI
Baylor University is in a city which is in the county seat of a county in Texas,"Baylor University -LRB- BU -RRB- is a private Baptist university in Waco , Texas . Baptist Baptist Waco Waco, Texas Texas Texas Waco -LRB- -LSB- ˈweɪkoʊ -RSB- -RRB- is a city which is the county seat of McLennan County , Texas , United States . McLennan County McLennan County, Texas Texas Texas County List of counties in Texas McLennan McLennan County, Texas county seat county seat",SUPPORTS
Michael Keaton is a dancer.,"Michael John Douglas -LRB- born September 5 , 1951 -RRB- , known professionally as Michael Keaton , is an American actor , producer and director .",REFUTES
Tupac Shakur is incapable of being inducted into the Rock and Roll Hall of Fame in 2017.,"On April 7 , 2017 , Shakur was inducted into the Rock and Roll Hall of Fame . Rock and Roll Hall of Fame Rock and Roll Hall of Fame",REFUTES
"Tezaab was the highest blockbuster at the box office for the year 1988 in Bollywood, grossing 2 billion rupees.",,NEI
We Found Love's music video only includes themes of addiction and romance.,,NEI
Ancient Egypt is a religion.,"Ancient Egypt was a civilization of ancient Northeastern Africa , concentrated along the lower reaches of the Nile River in the place which is now the country Egypt . civilization civilization ancient Ancient history Northeastern Africa Northeast Africa Nile River Nile Egypt Egypt",REFUTES
K2 is only known as K2.,"K2 -LRB- -LSB- -RRB- , also known as Mount Godwin-Austen or Chhogori -LRB- Balti and -LSB- -RRB- , is the second highest mountain in the world , after Mount Everest , at 8611 m above sea level . Balti Balti language second highest mountain List of highest mountains#List Mount Everest Mount Everest",REFUTES
T-Pain is a graffiti artist.,"Faheem Rashad Najm -LRB- born September 30 , 1985 -RRB- , better known by his stage name T-Pain , is an American rapper , singer , songwriter and record producer from Tallahassee , Florida .",REFUTES
Audrey Hepburn was ranked by the British Film Institute.,,NEI
Tall Story only stars Nicolas Cage.,"Tall Story is a 1960 American romantic comedy film made by Warner Bros. , directed by Joshua Logan and starring Anthony Perkins with Jane Fonda , in her first screen role , at the age of 22 . Joshua Logan Joshua Logan Anthony Perkins Anthony Perkins Jane Fonda Jane Fonda 1960 1960 in film romantic comedy romantic comedy",REFUTES
Carice van Houten is British.,Carice Anouk van Houten -LRB- -LSB- kaːˈris ɑˈnuk vɑn ˈɦʌu̯tə -LRB- n -RRB- -RSB- ; born 5 September 1976 -RRB- is a Dutch actress and singer . Dutch Netherlands actress actress,REFUTES
Frenemies premiered on Disney Channel.,Frenemies is a 2012 teen comedy-drama television film and anthology based on the novel of the same name by Alexa Young which premiered on Disney Channel . Disney Channel Disney Channel teen teen film comedy-drama comedy-drama television film television film anthology anthology,SUPPORTS
The television series Fargo shares aspects of the original film.,"The show is inspired by the 1996 film of the same name written and directed by the Coen brothers , who serve as executive producers on the series alongside Hawley . 1996 film of the same name Fargo (film) Coen brothers Coen brothers Fargo is an American black comedy -- crime drama anthology television series created and primarily written by Noah Hawley . Noah Hawley Noah Hawley Fargo Fargo (film) black comedy black comedy crime drama crime fiction anthology anthology series",SUPPORTS
Anni-Frid Lyngstad was born on Venus.,"Born in Norway to a Norwegian mother and a German father , she grew up in Sweden and reached international stardom as a member of the pop group ABBA , which has sold over 380 million albums and singles worldwide , making them one of the best-selling music artists in history . Norway Norway Norwegian Norwegians ABBA ABBA pop pop (music) German Germans",REFUTES
Liberia is a place.,"Liberia -LSB- laɪˈbɪəriə -RSB- , officially the Republic of Liberia , is a country on the West African coast . It covers an area of 111369 km2 and has a population of 4,503,000 people . The country 's capital and largest city is Monrovia . Monrovia Monrovia city List of cities in Liberia",SUPPORTS
Jacinda Barrett is an Australian-American actress.,"Jacinda Barrett -LRB- born August 2 , 1972 -RRB- , an Australian-American actress and former model , first became known to audiences as a cast member on The Real World : London -LRB- 1995 -RRB- before appearing in films such as The Human Stain -LRB- 2003 -RRB- , Bridget Jones : The Edge of Reason -LRB- 2004 -RRB- , Ladder 49 -LRB- 2004 -RRB- , The Namesake -LRB- 2006 -RRB- , Poseidon -LRB- 2006 -RRB- , and The Last Kiss -LRB- 2006 -RRB- . Australian-American Australian-American model model (person) The Human Stain The Human Stain (film) Ladder 49 Ladder 49 The Namesake The Namesake (film) Poseidon Poseidon (film) The Last Kiss The Last Kiss (2006 film)",SUPPORTS
Bertrand Russell's work has little impact in any field.,"Occasionally , he advocated preventive nuclear war , before the opportunity provided by the atomic monopoly had passed , and `` welcomed with enthusiasm '' world government . preventive nuclear war Plan Totality world government world government",REFUTES
Ken Russell was involved with a film based upon The Who's 1969 album Luigi's Mansion.,"Film critic Mark Kermode , speaking in 2006 , and attempting to sum up the director 's achievement , called Russell , `` somebody who proved that British cinema did n't have to be about kitchen-sink realism -- it could be every bit as flamboyant as Fellini . Mark Kermode Mark Kermode kitchen-sink realism kitchen sink realism Fellini Federico Fellini Tommy is a 1975 British musical fantasy drama film based upon The Who 's 1969 rock opera album Tommy about a seemingly disabled boy who becomes a religious pinball champion . Tommy Tommy (album) The Who The Who musical Musical film fantasy Fantasy film drama film Drama (modern genre) rock opera rock opera is a 2001 action-adventure game developed and published by Nintendo for the GameCube . Nintendo Nintendo GameCube GameCube action-adventure game action-adventure game",REFUTES
Jeff Goldblum starred in a film.,"Jeffrey Lynn Goldblum -LRB- -LSB- ˈɡoʊldbluːm -RSB- born October 22 , 1952 -RRB- is an American actor who has received nominations for an Oscar , an Emmy , a Genie and a Drama Desk Award throughout his career and is best known for starring in the highest-grossing films of his era , Jurassic Park -LRB- 1993 -RRB- and Independence Day -LRB- 1996 -RRB- , as well as their respective sequels , The Lost World : Jurassic Park -LRB- 1997 -RRB- , Independence Day : Resurgence -LRB- 2016 -RRB- , and Jurassic World 2 -LRB- 2018 -RRB- . actor actor Oscar Academy Award Emmy Emmy Genie Genie Awards Drama Desk Award Drama Desk Award the highest-grossing films List of highest-grossing films Independence Day Independence Day (1996 film) Jurassic World 2 Jurassic World 2 He has been cast as Grandmaster in the Marvel Cinematic Universe film Thor : Ragnarok . Grandmaster Grandmaster (Marvel Comics) Marvel Cinematic Universe Marvel Cinematic Universe Cats & Dogs is a 2001 American-Australian family action-comedy film , directed by Lawrence Guterman with screenplay by John Requa and Glenn Ficarra , and stars Jeff Goldblum , Elizabeth Perkins and Alexander Pollock . Lawrence Guterman Lawrence Guterman John Requa John Requa Glenn Ficarra Glenn Ficarra Jeff Goldblum Jeff Goldblum Elizabeth Perkins Elizabeth Perkins Alexander Pollock Alexander Pollock American United States family Children's film action-comedy film Comedy film Deep Cover is a 1992 American neo-noir crime thriller film starring Laurence Fishburne -LRB- this being the last film in which Fishburne was credited as `` Larry '' -RRB- and Jeff Goldblum and directed by veteran actor Bill Duke . Bill Duke Bill Duke Jeff Goldblum Jeff Goldblum neo-noir neo-noir crime crime film thriller Thriller film Laurence Fishburne Laurence Fishburne The film was written and directed by Burr Steers , and stars Kieran Culkin , Claire Danes , Jeff Goldblum , Susan Sarandon , Amanda Peet , Ryan Phillippe , Bill Pullman , and Jared Harris . Burr Steers Burr Steers Kieran Culkin Kieran Culkin Claire Danes Claire Danes Jeff Goldblum Jeff Goldblum Bill Pullman Bill Pullman Susan Sarandon Susan Sarandon Amanda Peet Amanda Peet Ryan Phillippe Ryan Phillippe Jared Harris Jared Harris",SUPPORTS
"West Hollywood, California is a rival of WeHo.","West Hollywood , occasionally referred to locally as WeHo -LRB- -LSB- ˈwiːhoʊ -RSB- -RRB- , is a city in Los Angeles County , California , United States . Los Angeles County Los Angeles County, California California California County List of counties in California Los Angeles Los Angeles County, California United States United States",REFUTES
Shallow Hal is a comedy Canadian film.,Shallow Hal is a 2001 American romantic comedy film starring Gwyneth Paltrow and Jack Black about a shallow man who falls in love with an overweight woman . Jack Black Jack Black Gwyneth Paltrow Gwyneth Paltrow romantic Romance film comedy film comedy film,REFUTES
Martin Scorsese co-created a television series.,,SUPPORTS
The Spider-Man series had an impact.,,NEI
Seven Days in May stars a pit bull.,,NEI
George W. Bush's paternal grandfather is unknown.,"His paternal grandfather , Prescott Bush , was a United States Senator from Connecticut . Prescott Bush Prescott Bush United States Senator United States Senator Connecticut Connecticut",REFUTES
Leukemia is a type of planet.,"Leukemia , also spelled leukaemia , is a group of cancers that usually begin in the bone marrow and result in high numbers of abnormal white blood cells . bone marrow bone marrow",REFUTES
The Amanda Show's pilot aired on ESPN.,"The Amanda Show is an American live action sketch comedy and variety show created by Dan Schneider that aired on Nickelodeon in April 4 , 1999 as a pilot , then as a regular series from October 16 , 1999 to September 21 , 2002 . Dan Schneider Dan Schneider (TV producer) Nickelodeon Nickelodeon American United States live action live action sketch comedy sketch comedy variety show variety show",REFUTES
Morena Baccarin received her college diploma.,,NEI
"Harley Quinn's name is not a play on the name ""Harlequin.""","Since then , she has also been voiced by Hynden Walch and Tara Strong in either DC Animated Showcases or in various video games . Tara Strong Tara Strong Hynden Walch Hynden Walch video games List of Batman video games",REFUTES
Tim Rice worked on a cancer ward.,,NEI
Wishful Drinking is only a movie.,"Wishful Drinking is an autobiographical humor book by American actress and author Carrie Fisher , published by Simon & Schuster in 2008 . Carrie Fisher Carrie Fisher Simon & Schuster Simon & Schuster Fisher 's book was based on her one-woman stage show , which she developed with writer/director Joshua Ravetch . Joshua Ravetch Joshua Ravetch one-woman stage show one-woman stage show",REFUTES
Nick Jonas was released in 1923.,"It was released on November 10 , 2014 , by Island Records . Island Island Records Island Records Island Records",REFUTES
Tyrion Lannister stayed in Westeros his whole life.,"Among other accolades , Dinklage has been nominated for the Primetime Emmy Award in 2012 , 2013 , 2014 , and 2016 . Primetime Emmy Award Primetime Emmy Award",REFUTES
Steve Coogan wrote about Paul Raymond.,,NEI
Josh Hartnett is a method actor.,,NEI
Stanley Kubrick was an art movement.,"Stanley Kubrick -LRB- -LSB- ˈkuːbrɪk -RSB- July 26 , 1928 -- March 7 , 1999 -RRB- was an American film director , screenwriter , producer , cinematographer , editor , and photographer . cinematographer cinematographer editor film editing",REFUTES
G.I. Jane was produced solely by Flower Films.,"G.I. Jane is a 1997 American action film directed by Ridley Scott , produced by Largo Entertainment , Scott Free Productions and Caravan Pictures , distributed by Hollywood Pictures and starring Demi Moore , Viggo Mortensen and Anne Bancroft . Ridley Scott Ridley Scott Demi Moore Demi Moore Viggo Mortensen Viggo Mortensen Anne Bancroft Anne Bancroft Hollywood Pictures Hollywood Pictures Caravan Pictures Caravan Pictures Largo Entertainment Largo Entertainment Scott Free Productions Scott Free Productions action film action film",REFUTES
Joey Graceffa is a YouTube personage.,"Joseph Michael `` Joey '' Graceffa -LRB- -LSB- grəˈsɛfə -RSB- born May 16 , 1991 -RRB- is an American YouTube personality , actor , author , producer , and singer . American United States YouTube personality YouTube personality YouTube YouTube",SUPPORTS
Syria includes French people.,,NEI
Uranus's uppermost layer of clouds only contains water.,"Uranus 's atmosphere is similar to Jupiter 's and Saturn 's in its primary composition of hydrogen and helium , but it contains more `` ices '' such as water , ammonia , and methane , along with traces of other hydrocarbons . s second hydrogen hydrogen helium helium methane methane ammonia ammonia water water (molecule) Jupiter Jupiter Saturn Saturn atmosphere Atmosphere#Others ices volatiles",REFUTES
George Foreman left.,,NEI
Bulgaria was in both world wars and lost many lives.,,NEI
Sylvester Stallone is in Star Wars sequel trilogy.,,NEI
Neil Young's middle name is Jeremy.,"Neil Percival Young , -LRB- born November 12 , 1945 -RRB- , is a Canadian singer-songwriter , musician , producer , director and screenwriter .",REFUTES
Titanium is on an LP released in 2011.,"Taken from Guetta 's fifth studio album , Nothing but the Beat , the song was written by Sia , David Guetta , Giorgio Tuinfort and Afrojack . David Guetta David Guetta Sia Sia Furler Nothing but the Beat Nothing but the Beat Giorgio Tuinfort Giorgio Tuinfort Afrojack Afrojack Nothing but the Beat is the fifth studio album by French DJ and record producer David Guetta , released on 26 August 2011 . David Guetta David Guetta",REFUTES
Paradise was released in 2013.,"Paradise is the third extended play -LRB- EP -RRB- and second major release by American singer and songwriter Lana Del Rey ; it was released on November 9 , 2012 by Universal Music . Lana Del Rey Lana Del Rey extended play extended play Universal Music Universal Music",REFUTES
"Rose Kennedy died January 22, 1995 of old age.",,NEI
Darius Rucker is only a back up vocalist in Hootie & the Blowfish.,"He first gained fame as the lead vocalist and rhythm guitarist of the Grammy Award-winning American rock band Hootie & the Blowfish , which he founded in 1986 at the University of South Carolina along with Mark Bryan , Jim `` Soni '' Sonefeld and Dean Felber . Hootie & the Blowfish Hootie & the Blowfish lead vocalist lead vocalist Grammy Award Grammy Award rock rock music University of South Carolina University of South Carolina Mark Bryan Mark Bryan",REFUTES
Theodore Roosevelt attended college.,"Upon entering politics , he became the leader of the reform faction of Republicans in New York 's state legislature .",SUPPORTS
Doctor Who is not produced in Britain.,Doctor Who is a British science-fiction television programme produced by the BBC since 1963 . British British television science fiction science-fiction television science fiction on television BBC BBC Doctor Who Doctor Who (film) The British Broadcasting Corporation -LRB- BBC -RRB- is a British public service broadcaster headquartered at Broadcasting House in London . Broadcasting House Broadcasting House London London Broadcasting Broadcasting public service broadcaster public service broadcaster broadcaster broadcasting,REFUTES
William Hanna met an American animator.,,NEI
Telangana contains the river Warangal.,,NEI
Nicole Kidman is an ambassador to two countries.,,NEI
Venom is commonly associated with snakes.,"Venom , or the Venom Symbiote , is a fictional character appearing in American comic books published by Marvel Comics , commonly in association with Spider-Man . Marvel Comics Marvel Comics Spider-Man Spider-Man fictional character fictional character Symbiote Symbiote (comics)",REFUTES
AC/DC has dubbed their music as American.,"A hard rock/blues rock band , they have also been considered a heavy metal band , although they have always dubbed their music simply `` rock and roll '' . blues rock blues rock rock and roll rock and roll rock Rock music hard rock hard rock heavy metal heavy metal music",REFUTES
Beautiful won an award.,"The song peaked at number two on the Billboard Hot 100 in the United States , where it was certified Gold for 500,000 units shipped . Gold RIAA certification",SUPPORTS
Splash is a 1984 album by the nu-metal band Korn.,"Splash is a 1984 American fantasy romantic comedy film directed by Ron Howard , written by Lowell Ganz and Babaloo Mandel , and starring Tom Hanks , Daryl Hannah , John Candy , Eugene Levy , and Dody Goodman . Ron Howard Ron Howard Lowell Ganz Lowell Ganz Babaloo Mandel Babaloo Mandel Tom Hanks Tom Hanks Daryl Hannah Daryl Hannah Eugene Levy Eugene Levy John Candy John Candy fantasy fantasy film romantic comedy film romantic comedy film Dody Goodman Dody Goodman",REFUTES
Vera Farmiga starred in Joshua.,,SUPPORTS
"Bruno Mars has sold 9,300,456 albums globally.",,NEI
"Con Man (web series) is a comedy web series created by an American voice actor, Alan Tudyk.","Con Man is an American comedy web series created , written , directed by , and starring Alan Tudyk . Alan Tudyk Alan Tudyk Alan Wray Tudyk -LRB- -LSB- ` tuːdɪk -RSB- ; born March 16 , 1971 -RRB- is an American actor , voice actor , and character actor known for his roles as Hoban `` Wash '' Washburne in the space western television series Firefly and movie Serenity , Alpha in the science fiction TV series Dollhouse , Tucker McGee in Tucker & Dale vs. Evil , Steve the Pirate in DodgeBall : A True Underdog Story , and Wat in A Knight 's Tale . space western space western Firefly Firefly (TV series) Serenity Serenity (film) Alpha List of Dollhouse characters#Alpha science fiction science fiction Dollhouse Dollhouse (TV series) Tucker & Dale vs. Evil Tucker & Dale vs. Evil",SUPPORTS
Elsa Pataky is a cat.,"Elsa Lafuente Medianu -LRB- born 18 July 1976 -RRB- , known professionally as Elsa Pataky , is a Spanish model , actress , and film producer .",REFUTES
Odin travels independently only.,"Odin consults the disembodied , herb-embalmed head of the wise being Mímir for advice , and during the foretold events of Ragnarök , Odin is told to lead the einherjar into battle before being consumed by the monstrous wolf Fenrir . einherjar einherjar Mímir Mímir Ragnarök Ragnarök Fenrir Fenrir",REFUTES
Chitty Chitty Bang Bang was directed solely by David Cameron.,"Chitty Chitty Bang Bang is a 1968 British musical adventure fantasy film directed by Ken Hughes and written by Roald Dahl and Hughes , loosely based on Ian Fleming 's 1964 novel Chitty-Chitty-Bang-Bang : The Magical Car . Ken Hughes Ken Hughes Roald Dahl Roald Dahl Chitty-Chitty-Bang-Bang Chitty-Chitty-Bang-Bang Ian Fleming Ian Fleming musical Musical film adventure Adventure film fantasy film fantasy film 1964 novel 1964 in literature",REFUTES
Robert J. O'Neill (U.S. Navy SEAL) claimed to have fired the shots that killed Osama bin Laden.,"A former U.S. Navy SEAL and special warfare operator , O'Neill is best known for claiming to have fired the head shots that killed Osama bin Laden during the raid on his Abbottabad compound on May 1 , 2011 . U.S. Navy SEAL United States Navy SEALs special warfare operator United States Navy SEALs#Special warfare ratings Osama bin Laden Osama bin Laden Abbottabad Abbottabad",SUPPORTS
Istanbul was founded on the Sarayburnu landform.,"Istanbul 's strategic position on the historic Silk Road , rail networks to Europe and the Middle East , and the only sea route between the Black Sea and the Mediterranean have produced a cosmopolitan populace , although less so since the establishment of the Turkish Republic in 1923 . Istanbul Istanbul Province Europe Europe Black Sea Black Sea Silk Road Silk Road Mediterranean Mediterranean Sea",SUPPORTS
Taylor Kitsch is Armenian.,,NEI
G-Dragon is an artist.,"G-Dragon later formed a duo with fellow Big Bang member T.O.P to record and release the album GD & TOP -LRB- 2010 -RRB- , which contained the top-five hits `` High High '' , `` Oh Yeah '' , and `` Knock Out '' on the Gaon Digital Chart , while the album peaked at number-one . Big Bang Big Bang (South Korean band) GD & TOP GD & TOP duo GD & TOP T.O.P T.O.P (entertainer) High High High High Oh Yeah Oh Yeah (GD & TOP song) Recognized as one of the most influential leaders in music and fashion in his country and labelled as an `` K-pop icon '' , G-Dragon was named by Forbes the most influential person under 30 in Asia 's entertainment and sports . K-pop K-pop Forbes Forbes Producing not only for his band but also for his and his bandmates ' solo releases , G-Dragon has written 22 number one songs . written List of songs written by G-Dragon",SUPPORTS
Stranger Things takes place in the 1980s.,"The Duffer Brothers developed the series as a mix of investigative drama alongside supernatural elements with childlike sensibilities , establishing its time frame in the 1980s and creating a homage #Noun to pop culture of that decade . The Duffer Brothers Duffer Brothers Duffer Brothers Duffer Brothers pop culture of that decade 1980s#Popular culture The series has received several industry nominations and awards , including winning the Screen Actors Guild Award for Outstanding Performance by an Ensemble in a Drama Series in 2016 . Screen Actors Guild Award for Outstanding Performance by an Ensemble in a Drama Series Screen Actors Guild Award for Outstanding Performance by an Ensemble in a Drama Series",SUPPORTS
The Black Dahlia is a horror film.,,NEI
Julian Assange denied criticism.,,NEI
Filmfare is a French-language magazine.,"Filmfare is an English-language , tabloid-sized magazine about Hindi-language cinema , popularly known as Bollywood . English English language magazine magazine Hindi Hindi Bollywood Bollywood",REFUTES
Robin Thicke has worked with autotune.,,NEI
Anorexia nervosa is always referred to by its full name.,"Anorexia nervosa , often referred to simply as anorexia , is an eating disorder characterized by a low weight , fear of gaining weight , a strong desire to be thin , and food restriction . food restriction Calorie restriction eating disorder eating disorder low weight underweight",REFUTES
IBM invented the personal computer.,,NEI
None of lung cancer's symptoms is chest pains.,"The most common symptoms are coughing -LRB- including coughing up blood -RRB- , weight loss , shortness of breath , and chest pains . coughing up blood Hemoptysis",SUPPORTS
The Weeknd is only a German singer.,"The Weeknd -LRB- born Abel Makkonen Tesfaye ; February 16 , 1990 -RRB- is a Canadian singer , songwriter , and record producer . This allowed him to release of his debut mixtape , House of Balloons , in early 2011 . House of Balloons House of Balloons House of Balloons is the debut mixtape by Canadian singer The Weeknd . The Weeknd The Weeknd mixtape mixtape He released two further independent projects later that year , Thursday and Echoes of Silence , before signing to Republic Records in September 2012 . Republic Republic Records Thursday Thursday (album) Echoes of Silence Echoes of Silence Republic Records Republic Records Echoes of Silence is the third mixtape by Canadian singer The Weeknd , released December 21 , 2011 , by his official website . The Weeknd The Weeknd",REFUTES
"The Santos FC generated an annual turnover of $114,388,074 in 2012.",,NEI
"Game of Thrones's third season began on June 9, 2013.","The third season of the fantasy drama television series Game of Thrones premiered in the United States on HBO on March 31 , 2013 , and concluded on June 9 , 2013 . HBO HBO fantasy fantasy drama television drama Game of Thrones Game of Thrones",REFUTES
Lee Harvey Oswald was Canadian.,,NEI
Timea Bacsinszky won 14 cats.,,NEI
There is a biographical film called Funny Girl (film).,Funny Girl is a 1968 American biographical romantic musical comedy-drama film directed by William Wyler . William Wyler William Wyler Funny Girl Funny Girl (musical) biographical Biographical film romantic Romance film musical Musical film comedy-drama film comedy-drama,SUPPORTS
Cristiano Ronaldo has never played for Portugal.,"Cristiano Ronaldo dos Santos Aveiro , -LRB- -LSB- kɾiʃ ` tjɐnu ʁuˈnaɫdu -RSB- , born 5 February 1985 -RRB- is a Portuguese professional footballer for Spanish club Real Madrid and the Portugal national team . Ronaldo Ronaldo (Brazilian footballer) Real Madrid Real Madrid C.F. Portugal Portugal national football team footballer Association football Portugal national team Portugal national football team He primarily plays as a forward , but has also been deployed as a winger and serves as captain for Portugal . Portugal Portugal national football team forward Forward (association football) winger Forward (association football)#Winger captain Captain (association football) One of the most marketable athletes in sport , in 2016 Forbes named Ronaldo the world 's best paid athlete . Ronaldo Ronaldo (Brazilian footballer) Forbes Forbes 2016 UEFA Euro 2016 At Euro 2016 , he became the most capped player of all-time in the tournament , the first player to score at four consecutive European Championship finals , and also equalled Michel Platini 's all-time record for most goals scored in the competition . 2016 UEFA Euro 2016 most capped player of all-time in the tournament List of UEFA European Championship records#Individual Michel Platini Michel Platini all-time record for most goals scored in the competition List of UEFA European Championship records#Goalscoring Ronaldo lifted the trophy after Portugal defeated France in the final , and he received the Silver Boot as the second-highest goalscorer of the tournament . Ronaldo Ronaldo (Brazilian footballer) Portugal Portugal national football team the final UEFA Euro 2004 Final Silver Boot UEFA Euro 2016#Awards",REFUTES
Ken Russell was involved with the book Tommy.,,NEI
Princess Margaret suffered a stroke.,,SUPPORTS
Dysphonia can be characterized by some effect on vocal quality.,"Dysphonia , one common form of which is referred to as hoarse voice , refers to dysfunction in the ability to produce voice . voice Human voice Perceptually , dysphonia can be characterised by hoarse , breathy , harsh , or rough vocal qualities , but some kind of phonation remains . phonation phonation",SUPPORTS
All My Children is set in a fictional suburb of Boston.,"Created by Agnes Nixon , All My Children is set in Pine Valley , Pennsylvania , a fictional suburb of Philadelphia , which is modeled on the actual Philadelphia suburb of Rosemont . Agnes Nixon Agnes Nixon Philadelphia Philadelphia Rosemont Rosemont, Pennsylvania",REFUTES
Octopuses expel ink to defend themselves against predators.,"Octopuses appear in mythology as sea monsters like the Kraken of Norway and the Akkorokamui of the Ainu , and probably the Gorgon of ancient Greece . Kraken Kraken Akkorokamui Akkorokamui Ainu Ainu people Gorgon Gorgon ancient Greece ancient Greece",SUPPORTS
The Beach Boys were an American religion.,,NEI
Sarah Paulson received a speeding ticket.,,NEI
Boston Latin School is remarkable.,,NEI
Gorillaz took a six-year hiatus between 2006 and 2012.,,REFUTES
Melissa McCarthy appeared in television.,"She began appearing in television and films in the late 1990s , and first gained nationwide recognition for her role as Sookie St. James on the television series Gilmore Girls -LRB- 2000 -- 2007 -RRB- . Sookie St. James Sookie St. James Gilmore Girls Gilmore Girls McCarthy was then cast as Molly Flynn on the CBS sitcom Mike & Molly -LRB- 2010 -- 2016 -RRB- , earning a Primetime Emmy Award for Outstanding Lead Actress in a Comedy Series as well as two other nominations during subsequent seasons . CBS CBS Mike & Molly Mike & Molly Primetime Emmy Award for Outstanding Lead Actress in a Comedy Series Primetime Emmy Award for Outstanding Lead Actress in a Comedy Series McCarthy achieved recognition as Megan Price in the comedy film Bridesmaids -LRB- 2011 -RRB- , which garnered her award nominations including an Academy Award nomination for Best Supporting Actress , a BAFTA nomination and a Screen Actors Guild Award nomination for Best Supporting Actress . Bridesmaids Bridesmaids (2011 film) Academy Award Academy Award Best Supporting Actress Academy Award for Best Supporting Actress BAFTA BAFTA Screen Actors Guild Award Screen Actors Guild Award In 2013 , she co-starred in the comedy films Identity Thief and The Heat . Identity Thief Identity Thief The Heat The Heat (film) The American Broadcasting Company -LRB- ABC -RRB- is an American English language commercial broadcast television network that is owned by the Disney -- ABC Television Group , a subsidiary of the Disney Media Networks division of The Walt Disney Company . English English language Disney Media Networks The Walt Disney Company#Disney Media Networks The Walt Disney Company The Walt Disney Company English language English language commercial broadcast Commercial broadcasting television network television network",SUPPORTS
Ayn Rand condemned oppression.,,NEI
Kamala Harris was a student in California.,She served as Managing Attorney of the Career Criminal Unit in the San Francisco District Attorney 's Office -LRB- 1998-2000 -RRB- and as Chief of the Community and Neighborhood Division in the office of San Francisco City Attorney -LRB- 2000 -- 03 -RRB- . San Francisco City Attorney City Attorney of San Francisco District Attorney District Attorney San Francisco San Francisco,SUPPORTS
Elizabeth II conducted a state visit in 2012.,"In 2015 , she surpassed the reign of her great-great-grandmother , Queen Victoria , to become the longest-reigning British monarch and the longest-reigning queen regnant and female head of state in world history . Queen Queen regnant Queen Victoria Queen Victoria longest-reigning British monarch List of monarchs in Britain by length of reign longest-reigning queen regnant List of longest-reigning monarchs head of state List of current state leaders by date of assumption of office Queen Elizabeth II of the United Kingdom and her husband Prince Philip , Duke of Edinburgh , made a state visit to the Republic of Ireland from 17 May to 20 May 2011 , at the invitation of the President of Ireland , Mary McAleese . Queen Elizabeth II Elizabeth II United Kingdom United Kingdom state visit state visit Republic of Ireland Republic of Ireland President of Ireland President of Ireland Mary McAleese Mary McAleese Ireland Ireland",REFUTES
Google Home's design received feedback.,,SUPPORTS
U2 released the album All That You Can't Leave Behind in 2017.,,NEI
Michael Giacchino is musically illiterate.,"Michael Giacchino -LRB- -LSB- dʒakˈkiːno -RSB- ; born October 10 , 1967 -RRB- is an American composer of music for films , television and video games . composer composer",REFUTES
Doc Holliday set up practice in Boston.,"Over the next few years , he reportedly had several confrontations .",REFUTES
Her stars English actress Olivia Wilde.,"The film also stars Amy Adams , Rooney Mara , and Olivia Wilde . Amy Adams Amy Adams Rooney Mara Rooney Mara Olivia Wilde Olivia Wilde Olivia Wilde -LRB- born Olivia Jane Cockburn ; March 10 , 1984 -RRB- is an American actress , model , director , and producer .",REFUTES
Notes on a Scandal has a main character.,,NEI
One of the world's largest baseball stadiums is in Rio de Janeiro.,,NEI
The Marvel Cinematic Universe is a film series.,"The franchise has expanded to include comic books , short films , television series and digital series . series film series The MCU also includes tie-in comics published by Marvel Comics , while Marvel Studios has also produced a series of direct-to-video short films and a viral marketing campaign for its films and the universe with the faux news program WHIH Newsfront . Marvel Studios Marvel Studios WHIH Newsfront WHIH Newsfront series film series Marvel Comics Marvel Comics tie-in comics Marvel Cinematic Universe tie-in comics direct-to-video short films Marvel One-Shots viral marketing viral marketing It has inspired other film and television studios with comic book character adaptation rights to attempt to create similar shared universes .",REFUTES
"The United States Congress fails to meet in Washington, D.C.","The Congress meets in the Capitol in Washington , D.C. Both senators and representatives are chosen through direct election , though vacancies in the Senate may be filled by a gubernatorial appointment . Senate United States Senate Capitol United States Capitol direct election direct election gubernatorial Governor (United States)",REFUTES
See You Again (Miley Cyrus song) was the lowest grossing song on its release.,,NEI
Katie Stevens' birthday is December 8.,"Katherine Mari `` Katie '' Stevens -LRB- born December 8 , 1992 -RRB- is an American actress and singer best known for finishing in eighth place on the ninth season of American Idol and starring as Karma Ashcroft in the MTV series Faking It . singer singing ninth season American Idol (season 9) American Idol American Idol MTV MTV Faking It Faking It (2014 TV series)",SUPPORTS
Paul Newman started the company Newman's Own in 1982.,,NEI
Glamorous was denied release by Interscope Records.,"The song was serviced to mainstream radios on January 23 , 2007 and to Rhythmic radios on February 20 , 2007 in the United States , through A&M Records , together with will.i.am Music Group and Interscope Records . A&M A&M Records will.i.am will.i.am Interscope Interscope Records A&M Records A&M Records will.i.am Music Group will.i.am Music Group Interscope Records Interscope Records",REFUTES
Cowboy was performed during at least one Super Bowl.,,SUPPORTS
Singapore lies one degree north of the equator.,"It lies one degree -LRB- 137 km -RRB- north of the equator , at the southern tip of peninsular Malaysia , with Indonesia 's Riau Islands to the south . equator equator peninsular Malaysia peninsular Malaysia Indonesia Indonesia Riau Islands Riau Islands Malaysia Malaysia",SUPPORTS
Star Wars' soundtrack was recorded under water.,,NEI
Margot Frank died in April 1945.,"Margot Betty Frank -LRB- February 16 , 1926 -- February 1945 -RRB- was the eldest daughter of Otto Frank and Edith Frank and the older sister of Anne Frank . Anne Frank Anne Frank Otto Frank Otto Frank Edith Frank Edith Frank",SUPPORTS
International Relations includes animals.,,NEI
Mickey Rooney was in The Black Stallion.,"Shortly before his death in 2014 at age 93 , he alleged mistreatment by some family members and testified before Congress about what he alleged was physical abuse and exploitation by family members .",SUPPORTS
Bermuda is not an island claimed for the Spanish Empire.,Shipwrecked Portuguese mariners are now thought to have been responsible for the 1543 inscription on Portuguese Rock -LRB- previously called Spanish Rock -RRB- . Spanish Spain Portuguese Rock Spittal Pond Nature Reserve,REFUTES
Community is available to stream in five countries.,,SUPPORTS
Birmingham is where Black Sabbath formed.,"Black Sabbath were an English rock band , formed in Birmingham in 1968 , by guitarist and main songwriter Tony Iommi , bassist and main lyricist Geezer Butler , singer Ozzy Osbourne , and drummer Bill Ward . Geezer Butler Geezer Butler Tony Iommi Tony Iommi Bill Ward Bill Ward (musician) Ozzy Osbourne Ozzy Osbourne rock rock music Birmingham Birmingham Black Sabbath Black Sabbath (album)",SUPPORTS
Theodore Roosevelt skipped out at one point.,,NEI
"Superman is the flagship character of the DC Universe, launching multiple titles from the original Detective Comics line.",,NEI
Lewis Hamilton is a cook.,"Lewis Carl Davidson Hamilton , MBE -LRB- born 7 January 1985 -RRB- is a British Formula One racing driver from England , currently racing for the Mercedes AMG Petronas team . MBE Order of the British Empire Mercedes Mercedes AMG Petronas British Formula One racing driver Formula One drivers from the United Kingdom Mercedes AMG Petronas Mercedes-Benz in Formula One Formula One Formula One A three-time Formula One World Champion , he is regarded by fellow and former drivers as one of the greatest Formula One drivers in the history of the sport . Formula One World Champion List of Formula One World Drivers' Champions Formula One Formula One",REFUTES
Maria Sharapova was the world No. 1 at 22.,She won the year-ending WTA Finals in her debut in 2004 . 2004 2004 US Open – Mixed Doubles WTA Women's Tennis Association WTA Finals WTA Finals,REFUTES
"Louise Simonson was born on Monday September 26, 1946.","Louise Simonson -LRB- born Mary Louise Alexander ; born September 26 , 1946 -RRB- is an American comic book writer and editor . American Americans comic book comic book",SUPPORTS
Bonnie Hunt was in Davis Rules.,,SUPPORTS
Thinkin Bout You was nominated for a dog.,,NEI
Amazon.com sells consumer goods.,"Amazon.com started as an online bookstore , later diversifying to sell DVDs , Blu-rays , CDs , video downloads/streaming , MP3 downloads/streaming , audiobook downloads/streaming , software , video games , electronics , apparel , furniture , food , toys , and jewelry . Amazon.com Amazon.com video Amazon Video bookstore bookstore CDs compact Disc MP3 MP3 audiobook Audible.com software software electronics consumer electronics",SUPPORTS
Seal was born on Thursday 19 February 1963.,"Seal Henry Olusegun Olumide Adeola Samuel -LRB- born 19 February 1963 -RRB- , better known by his stage name Seal , is an English singer and songwriter . stage name stage name",REFUTES
Craig Middlebrooks is a character on a sitcom on a network.,Craig Middlebrooks is a fictional character on the NBC sitcom Parks and Recreation . Parks and Recreation Parks and Recreation NBC NBC sitcom sitcom,SUPPORTS
Alexander Hamilton raised an artillery company.,"He resigned to practice law , and founded the Bank of New York . New York New York (State) Bank of New York Bank of New York",SUPPORTS
Jennifer Aniston was unable to divorce Bard Pitt.,,REFUTES
Emma Roberts is a Catholic.,,NEI
Paul Mantee has worked with politicians.,,NEI
Paul Mantee has worked with movie director Byron Haskin.,"He was survived by his wife , Suzy Davis Mantee . Robinson Crusoe on Mars is a 1964 independently made American Technicolor science fiction film in Techniscope , produced by Aubrey Schenck , directed by Byron Haskin , that stars Paul Mantee , Victor Lundin , and Adam West . Byron Haskin Byron Haskin Aubrey Schenck Aubrey Schenck Robinson Crusoe Robinson Crusoe Paul Mantee Paul Mantee Victor Lundin Victor Lundin Adam West Adam West independently made independent film Technicolor Technicolor science fiction film science fiction film Techniscope Techniscope",SUPPORTS
Zlatan Ibrahimović has coached for Barcelona.,,REFUTES
One Direction's Where We Are Tour was a commercial flop.,,REFUTES
Francois de Belleforest wrote on fiction.,,NEI
Jeremy Irons starred in Elizabeth I in 2013.,"Elizabeth I is a two-part 2005 British historical drama television miniseries directed by Tom Hooper , written by Nigel Williams , and starring Helen Mirren as Elizabeth I of England . Nigel Williams Nigel Williams (author) Tom Hooper Tom Hooper Helen Mirren Helen Mirren Elizabeth I of England Elizabeth I of England",REFUTES
Jim Carrey died in 2012.,"James Eugene Carrey -LRB- -LSB- ˈkæri -RSB- born January 17 , 1962 -RRB- is a Canadian-American actor , comedian , impressionist , screenwriter , and producer .",REFUTES
Meghan McCain's first name is Marguerite.,"Meghan Marguerite McCain -LRB- born October 23 , 1984 -RRB- is an American columnist , author , Fox News host and contributor , and blogger . American United States Fox News Fox News",REFUTES
John Lennon moved to Italian fiction.,,NEI
Master of None is a comedy-drama television series.,"Master of None is an American comedy-drama web television series , which was released for streaming on November 6 , 2015 on Netflix . Netflix Netflix comedy-drama comedy-drama web television web television",SUPPORTS
Gil Sharone began working with a band.,"Marilyn Manson is an American rock band formed by singer Marilyn Manson and guitarist Daisy Berkowitz in Fort Lauderdale , Florida , in 1989 . Manson Marilyn Manson Marilyn Manson Marilyn Manson Daisy Berkowitz Scott Putesky rock rock music",SUPPORTS
Andy Warhol has jewelry that is highly valuable.,,NEI
"Jamie Oliver launched ""Jamie's Italian"" in Boston.",,REFUTES
Spain is in a continent.,"It is the only European country to have a border with an African country -LRB- Morocco -RRB- and its African territory accounts for nearly 5 % of its population , mostly in the Canary Islands but also in Ceuta and Melilla . Canary Islands Canary Islands Ceuta Ceuta Melilla Melilla",REFUTES
Coldplay is a punk band.,,NEI
Room is not an independent drama film.,"Room is a 2015 independent drama film directed by Lenny Abrahamson and written by Emma Donoghue , based on her novel of the same name . Lenny Abrahamson Lenny Abrahamson Emma Donoghue Emma Donoghue Room Room (novel) independent independent film drama film drama (genre) novel of the same name Room (novel)",REFUTES
Eddie Redmayne acted in a play directed by Justin Chadwick.,,NEI
Chitty Chitty Bang Bang was edited by Ken Hughes.,,NEI
Tunisia was introduced to Islam.,,NEI
Daniela Hantuchová is a European.,,SUPPORTS
Jing Tian was born in China in July.,,NEI
Tom Morello became interested in pidgeons.,,NEI
Omar Sharif spoke English and French fluently.,"The estrangement led to an amicable divorce from his wife , the iconic Egyptian actress Faten Hamama . Faten Hamama Faten Hamama",SUPPORTS
Morgan Freeman bought the Lego Movie DVD set.,,NEI
Babe Ruth lost his life in 1895.,"George Herman `` Babe '' Ruth Jr. -LRB- February 6 , 1895 -- August 16 , 1948 -RRB- was an American professional baseball player whose career in Major League Baseball -LRB- MLB -RRB- spanned 22 seasons , from 1914 through 1935 . baseball baseball Major League Baseball Major League Baseball His often reckless lifestyle was tempered by his willingness to do good by visiting children at hospitals and orphanages . The trade fueled Boston 's subsequent 86 year championship drought and popularized the `` Curse of the Bambino '' superstition . Curse of the Bambino Curse of the Bambino Although Ruth twice won 23 games in a season as a pitcher and was a member of three World Series championship teams with Boston , he wanted to play every day and was allowed to convert to an outfielder . World Series World Series pitcher pitcher outfielder outfielder won Win–loss record (pitching) With regular playing time , he broke the MLB single-season home run record in 1919 . home run home run MLB single-season home run record List of Major League Baseball progressive single-season home run leaders",REFUTES
Aishwarya Rai entered a pageant in India.,,NEI
The 2017 film The Mummy was edited by Alex Kurtzman.,,NEI
Will Ferrell starred in Katyn.,,NEI
Red was inspired by a comic book series written by two people.,Red is a 2010 American action comedy film inspired by the limited comic book series of the same name created by Warren Ellis and Cully Hamner and published by the DC Comics imprint Homage . Red Red (WildStorm comics) Warren Ellis Warren Ellis Cully Hamner Cully Hamner action action film comedy film comedy film limited comic book series limited series of the same name Red (WildStorm comics) DC Comics DC Comics Homage Homage Comics,SUPPORTS
Led Zeppelin did not put out the album Led Zeppelin II in 1969.,"Page wrote most of Led Zeppelin 's music , particularly early in their career , while Plant generally supplied the lyrics . Led Zeppelin Led Zeppelin (album)",REFUTES
Peer Astrom has worked with Shania Twain.,,NEI
Michelle Williams made her feature film debut in 1997.,"She began her career with television guest appearances , and made her feature film debut in Lassie -LRB- 1994 -RRB- , which earned her a Youth in Film nomination . Lassie Lassie (1994 film) Youth in Film Young Artist Award",REFUTES
Bridge of Spies is a restaurant.,"Bridge of Spies is a 2015 historical drama legal thriller film directed and co-produced by Steven Spielberg , written by Matt Charman , Ethan and Joel Coen and stars Tom Hanks , Mark Rylance , Amy Ryan and Alan Alda . Steven Spielberg Steven Spielberg Matt Charman Matt Charman Tom Hanks Tom Hanks Mark Rylance Mark Rylance Amy Ryan Amy Ryan Alan Alda Alan Alda historical drama Historical period drama legal thriller legal thriller Ethan and Joel Coen Coen brothers",REFUTES
Avril Lavigne joined a record label.,"By the age of 15 , she had appeared on stage with Shania Twain ; by 16 , she had signed a two-album recording contract with Arista Records worth more than $ 2 million . Arista Arista Records Shania Twain Shania Twain Arista Records Arista Records -LSB- ˈɛ.rɪ.stə -RSB- was a major American record label . record label record label",SUPPORTS
Helen Keller campaigned for LGBT rights.,,NEI
Israel is a democratic country.,,SUPPORTS
The 2017 Open Championship is the first Open Championship.,"The 2017 Open Championship will be the 146th Open Championship , held 20 -- 23 July 2017 at Royal Birkdale Golf Club in Southport , England.It will be the 10th Open Championship played at Royal Birkdale . Southport Southport England England Royal Birkdale Golf Club Royal Birkdale Golf Club Open Championship Open Championship",REFUTES
"Over 30 days, Little Miss Sunshine was filmed.","Filming began on June 6 , 2005 and took place over 30 days in Arizona and Southern California . Arizona Arizona Southern California Southern California Little Miss Sunshine is a 2006 American comedy-drama road film and the directorial debut of the husband-wife team of Jonathan Dayton and Valerie Faris . comedy-drama comedy-drama road film road movie Jonathan Dayton and Valerie Faris Jonathan Dayton and Valerie Faris",SUPPORTS
Alex Rodriguez blew the whistle on the Biogenesis baseball scandal.,,NEI
Amy Adams was named on August.,,NEI
The September 11 attacks caused at least $10 billion in national debt.,,NEI
The Night Of is a 10-episode BBC miniseries.,"The Night Of is an American eight-part crime drama television miniseries based on Criminal Justice , a 2008 -- 09 British television series . Criminal Justice Criminal Justice (TV series) crime drama crime drama miniseries miniseries The first episode premiered on June 24 , 2016 , via HBO on-demand . HBO HBO Broadcast on HBO , The Night Of premiered on July 10 , 2016 to critical acclaim . HBO HBO",REFUTES
Janis Joplin had a band as a backing group.,"Five singles by Joplin went into the Billboard Top 100 , including a cover of the song `` Me and Bobby McGee '' , which reached number 1 in March 1971 . Billboard Top 100 Billboard Top 100 cover cover version Me and Bobby McGee Me and Bobby McGee Full Tilt Boogie Band was a Canadian rock band originally headed by guitarist John Till and then by Janis Joplin until her death in 1970 . Janis Joplin Janis Joplin John Till John Till Till John Till",SUPPORTS
Seville is the 30th most populous municipality in the universe.,,NEI
Telangana contains the city Khammam.,"Its major cities include Hyderabad , Warangal , Khammam , Karimnagar and Nizamabad . Hyderabad Hyderabad Warangal Warangal Khammam Khammam Karimnagar Karimnagar Nizamabad Nizamabad, Telangana",SUPPORTS
Maggie Gyllenhaal is a singer.,,NEI
Usain Bolt has competed in sprinting.,"He is the first person to hold both the 100 metres and 200 metres world records since fully automatic time became mandatory . 100 metres 100 metres 200 metres 200 metres fully automatic time fully automatic time The 100 metres , or 100-metre dash , is a sprint race in track and field competitions . sprint race sprint (running) track and field track and field He also holds the world record as a part of the 4 × 100 metres relay . 100 metres 100 metres world record List of world records in athletics 4 × 100 metres relay 4 × 100 metres relay at the World Championships in Athletics Due to his unprecedented dominance and achievements in sprint competition , he is widely considered to be the greatest sprinter of all time . sprinter Sprint (running) Bolt is the only sprinter to win Olympic 100 m and 200 m titles at three consecutive olympics -LRB- 2008 , 2012 and 2016 -RRB- , a feat referred to as the `` triple double . '' 100 m 2015 World Championships in Athletics – Men's 100 metres 200 m 200 metres at the Olympics sprinter Sprint (running) Olympic 100 m 100 metres at the Olympics",SUPPORTS
India is a democracy.,"It is the seventh-largest country by area , the second-most populous country -LRB- with over 1.2 billion people -RRB- , and the most populous democracy in the world . seventh-largest List of countries and dependencies by area second-most populous List of countries and dependencies by population 1.2 billion people Demographics of India democracy democracy",SUPPORTS
Mr. Nobody was directed by a kitten.,"Mr. Nobody is a 2009 science fiction drama film written and directed by Jaco Van Dormael and starring Jared Leto , Sarah Polley , Diane Kruger , Linh Dan Pham , Rhys Ifans , Natasha Little , Toby Regbo and Juno Temple . Jaco Van Dormael Jaco Van Dormael Jared Leto Jared Leto Sarah Polley Sarah Polley Diane Kruger Diane Kruger Linh Dan Pham Linh Dan Pham Rhys Ifans Rhys Ifans Natasha Little Natasha Little Toby Regbo Toby Regbo Juno Temple Juno Temple science fiction science fiction film drama film drama film",REFUTES
Prince had a gold-selling album.,,NEI
Hawaii Five-0 is a television show.,"Hawaii Five-0 is an American action police procedural television series , which premiered on Monday , September 20 , 2010 on CBS . CBS CBS action action film police procedural police procedural Hawaii Hawaii",SUPPORTS
David Schwimmer has never worked with John Krasinski.,"Schwimmer made his feature film directorial debut with the 2007 comedy Run Fatboy Run . Run Fatboy Run Run Fatboy Run Duane Hopwood is a 2005 film featured in the Sundance Film Festival starring David Schwimmer and Janeane Garofalo , with a supporting cast featuring Judah Friedlander , Dick Cavett , Susan Lynch , John Krasinski , Rachel Covey , and Mia Dillon . David Schwimmer David Schwimmer Janeane Garofalo Janeane Garofalo Judah Friedlander Judah Friedlander Dick Cavett Dick Cavett John Krasinski John Krasinski Sundance Film Festival Sundance Film Festival Susan Lynch Susan Lynch Rachel Covey Rachel Covey Mia Dillon Mia Dillon",REFUTES
Punisher is a master of melee fighting.,,NEI
San Francisco's initials are SF and has been since 1923.,,NEI
The Beach Boys were a Canadian rock band.,"The Beach Boys are an American rock band formed in Hawthorne , California , in 1961 . rock Rock music",REFUTES
Star Wars: The Force Awakens was considered by some to be derivative of the original tetralogy.,,NEI
Gift of the Night Fury stars the voice of a film actor from Scotland.,"Gerard James Butler -LRB- born 13 November 1969 -RRB- is a Scottish actor who has appeared on film , stage , and television . Craig Ferguson -LRB- born 17 May 1962 -RRB- is a Scottish-American television host , comedian , and actor . American United States nationality law",SUPPORTS
"William Shatner did not appear in the NBC series, 3rd Rock from the Sun.","Shatner has also worked as a musician , an author , a director , and a celebrity pitchman . celebrity pitchman Celebrity branding",REFUTES
Believe restored Cher's popularity.,,SUPPORTS
James Nesbitt starred in Murphy's Law from 2001-2007.,,NEI
Bohemian Rhapsody was inducted into the Rock and Roll Hall of Fame.,,NEI
Buddhism is the world's only religion.,"Buddhism is the world 's fourth-largest religion , with over 500 million followers or 7 % of the global population , known as Buddhists .",REFUTES
Michael Keaton won a Critics' Choice Award.,He is also a visiting scholar at Carnegie Mellon University . Carnegie Mellon University Carnegie Mellon University,SUPPORTS
Mexico is not considered a middle power.,"Mexico is a member of the United Nations , the World Trade Organization , the G8 +5 , the G20 , the Uniting for Consensus and the Pacific Alliance . United Nations United Nations World Trade Organization World Trade Organization G20 G-20 major economies Uniting for Consensus Uniting for Consensus Pacific Alliance Pacific Alliance",REFUTES
Tiger Woods competed in The Open Championship.,,SUPPORTS
Sense8 has two specials.,,NEI
Game of Thrones (season 1) was only based on an opera of the same name.,"The series is based on A Game of Thrones , the first novel in the A Song of Ice and Fire series by George R. R. Martin , adapted for television by David Benioff and D. B. Weiss . Game of Thrones Game of Thrones A Game of Thrones A Game of Thrones A Song of Ice and Fire A Song of Ice and Fire George R. R. Martin George R. R. Martin David Benioff David Benioff D. B. Weiss D. B. Weiss",REFUTES
The Void was produced by Donald Trump.,"The Void is a 2016 Canadian horror film written and directed by Steven Kostanski and Jeremy Gillespie , and produced by Jonathan Bronfman and Casey Walker . Steven Kostanski Steven Kostanski Jeremy Gillespie Jeremy Gillespie horror film horror film",REFUTES
Lyme disease is caused by spider bites.,"In North America , Borrelia burgdorferi and Borrelia mayonii are the cause . Borrelia Borrelia Borrelia burgdorferi Borrelia burgdorferi",REFUTES
The Eagles are a rock group from Indiana.,"The Eagles are an American rock band formed in Los Angeles in 1971 by Glenn Frey , Don Henley , Bernie Leadon , and Randy Meisner . Los Angeles Los Angeles Glenn Frey Glenn Frey Don Henley Don Henley Bernie Leadon Bernie Leadon Randy Meisner Randy Meisner rock Rock music Eagles Eagles (album) Los Angeles -LRB- -LSB- lɒs_ˈændʒəlᵻs -RSB- , Spanish for `` The Angels '' ; -LSB- los ˈaŋxeles -RSB- -RRB- , officially the City of Los Angeles and often known by its initials L.A. , is the cultural , financial , and commercial center of Southern California . Los Angeles Los Angeles County, California Spanish Spanish language Southern California Southern California California California",REFUTES
Olivia Wilde models.,"Olivia Wilde -LRB- born Olivia Jane Cockburn ; March 10 , 1984 -RRB- is an American actress , model , director , and producer .",SUPPORTS
